zone,pixel_id,universe,channel,cat_x,cat_y,cat_z,x_norm,y_norm,z_norm
main-arch,0,39,1,-12.3100,0.2097,2.9793,0.0000,0.0082,0.6943
main-arch,1,39,4,-12.3100,0.3068,2.9792,0.0000,0.0135,0.6943
main-arch,2,39,7,-12.3100,0.4040,2.9792,0.0000,0.0187,0.6943
main-arch,3,39,10,-12.3100,0.5012,2.9792,0.0000,0.0240,0.6943
main-arch,4,39,13,-12.3100,0.5983,2.9792,0.0000,0.0293,0.6943
main-arch,5,39,16,-12.3100,0.6955,2.9792,0.0000,0.0345,0.6943
main-arch,6,39,19,-12.3100,0.7926,2.9792,0.0000,0.0398,0.6943
main-arch,7,39,22,-12.3100,0.8898,2.9792,0.0000,0.0451,0.6943
main-arch,8,39,25,-12.3100,0.9870,2.9792,0.0000,0.0503,0.6943
main-arch,9,39,28,-12.3100,1.0841,2.9791,0.0000,0.0556,0.6943
main-arch,10,39,31,-12.3100,1.1813,2.9791,0.0000,0.0609,0.6943
main-arch,11,39,34,-12.3100,1.2785,2.9791,0.0000,0.0661,0.6943
main-arch,12,39,37,-12.3100,1.3756,2.9791,0.0000,0.0714,0.6943
main-arch,13,39,40,-12.3100,1.4728,2.9791,0.0000,0.0767,0.6943
main-arch,14,39,43,-12.3100,1.5699,2.9791,0.0000,0.0819,0.6943
main-arch,15,39,46,-12.3100,1.6671,2.9791,0.0000,0.0872,0.6943
main-arch,16,39,49,-12.3100,1.7643,2.9790,0.0000,0.0925,0.6943
main-arch,17,39,52,-12.3100,1.8614,2.9790,0.0000,0.0977,0.6943
main-arch,18,39,55,-12.3100,1.9586,2.9790,0.0000,0.1030,0.6943
main-arch,19,39,58,-12.3100,2.0558,2.9790,0.0000,0.1083,0.6943
main-arch,20,39,61,-12.3100,2.1529,2.9790,0.0000,0.1135,0.6943
main-arch,21,39,64,-12.3100,2.2501,2.9790,0.0000,0.1188,0.6943
main-arch,22,39,67,-12.3100,2.3472,2.9790,0.0000,0.1241,0.6943
main-arch,23,39,70,-12.3100,2.4444,2.9789,0.0000,0.1293,0.6943
main-arch,24,39,73,-12.3100,2.5416,2.9789,0.0000,0.1346,0.6943
main-arch,25,39,76,-12.3100,2.6387,2.9789,0.0000,0.1399,0.6943
main-arch,26,39,79,-12.3100,2.7359,2.9789,0.0000,0.1451,0.6943
main-arch,27,39,82,-12.3100,2.8330,2.9789,0.0000,0.1504,0.6943
main-arch,28,39,85,-12.3100,2.9302,2.9789,0.0000,0.1557,0.6943
main-arch,29,39,88,-12.3100,3.0274,2.9789,0.0000,0.1609,0.6943
main-arch,30,39,91,-12.3100,3.1245,2.9788,0.0000,0.1662,0.6943
main-arch,31,39,94,-12.3100,3.2217,2.9788,0.0000,0.1715,0.6943
main-arch,32,39,97,-12.3100,3.3189,2.9788,0.0000,0.1767,0.6943
main-arch,33,39,100,-12.3100,3.4160,2.9788,0.0000,0.1820,0.6943
main-arch,34,39,103,-12.3100,3.5132,2.9788,0.0000,0.1873,0.6943
main-arch,35,39,106,-12.3100,3.6103,2.9788,0.0000,0.1925,0.6943
main-arch,36,39,109,-12.3100,3.7075,2.9788,0.0000,0.1978,0.6943
main-arch,37,39,112,-12.3100,3.8047,2.9787,0.0000,0.2031,0.6943
main-arch,38,39,115,-12.3100,3.9018,2.9787,0.0000,0.2083,0.6943
main-arch,39,39,118,-12.3100,3.9990,2.9787,0.0000,0.2136,0.6943
main-arch,40,39,121,-12.3100,4.0962,2.9787,0.0000,0.2189,0.6943
main-arch,41,39,124,-12.3100,4.1933,2.9787,0.0000,0.2241,0.6943
main-arch,42,39,127,-12.3100,4.2905,2.9787,0.0000,0.2294,0.6943
main-arch,43,39,130,-12.3100,4.3876,2.9787,0.0000,0.2347,0.6943
main-arch,44,39,133,-12.3100,4.4848,2.9787,0.0000,0.2399,0.6943
main-arch,45,39,136,-12.3100,4.5820,2.9786,0.0000,0.2452,0.6943
main-arch,46,39,139,-12.3100,4.6791,2.9786,0.0000,0.2504,0.6943
main-arch,47,39,142,-12.3100,4.7763,2.9786,0.0000,0.2557,0.6943
main-arch,48,39,145,-12.3100,4.8734,2.9786,0.0000,0.2610,0.6943
main-arch,49,39,148,-12.3100,4.9706,2.9786,0.0000,0.2662,0.6943
main-arch,50,39,151,-12.3100,5.0678,2.9786,0.0000,0.2715,0.6943
main-arch,51,39,154,-12.3100,5.1649,2.9786,0.0000,0.2768,0.6943
main-arch,52,39,157,-12.3100,5.2621,2.9785,0.0000,0.2820,0.6943
main-arch,53,39,160,-12.3100,5.3593,2.9785,0.0000,0.2873,0.6943
main-arch,54,39,163,-12.3100,5.4564,2.9785,0.0000,0.2926,0.6943
main-arch,55,39,166,-12.3100,5.5536,2.9785,0.0000,0.2978,0.6943
main-arch,56,39,169,-12.3100,5.6507,2.9785,0.0000,0.3031,0.6943
main-arch,57,39,172,-12.3100,5.7479,2.9785,0.0000,0.3084,0.6943
main-arch,58,39,175,-12.3100,5.8451,2.9785,0.0000,0.3136,0.6943
main-arch,59,39,178,-12.3100,5.9422,2.9784,0.0000,0.3189,0.6943
main-arch,60,39,181,-12.3100,6.0394,2.9784,0.0000,0.3242,0.6943
main-arch,61,39,184,-12.3100,6.1363,2.9748,0.0000,0.3294,0.6940
main-arch,62,39,187,-12.3100,6.2325,2.9609,0.0000,0.3346,0.6932
main-arch,63,39,190,-12.3100,6.3286,2.9471,0.0000,0.3398,0.6924
main-arch,64,39,193,-12.3100,6.4248,2.9332,0.0000,0.3451,0.6916
main-arch,65,39,196,-12.3100,6.5207,2.9180,0.0000,0.3503,0.6907
main-arch,66,39,199,-12.3100,6.6161,2.8995,0.0000,0.3554,0.6897
main-arch,67,39,202,-12.3100,6.7115,2.8809,0.0000,0.3606,0.6886
main-arch,68,39,205,-12.3100,6.8054,2.8562,0.0000,0.3657,0.6872
main-arch,69,39,208,-12.3100,6.8987,2.8292,0.0000,0.3707,0.6856
main-arch,70,39,211,-12.3100,6.9918,2.8012,0.0000,0.3758,0.6840
main-arch,71,39,214,-12.3100,7.0839,2.7703,0.0000,0.3808,0.6822
main-arch,72,39,217,-12.3100,7.1753,2.7376,0.0000,0.3857,0.6803
main-arch,73,39,220,-12.3100,7.2665,2.7041,0.0000,0.3907,0.6783
main-arch,74,39,223,-12.3100,7.3556,2.6653,0.0000,0.3955,0.6760
main-arch,75,39,226,-12.3100,7.4454,2.6282,0.0000,0.4004,0.6739
main-arch,76,39,229,-12.3100,7.5343,2.5891,0.0000,0.4052,0.6716
main-arch,77,39,232,-12.3100,7.6211,2.5456,0.0000,0.4099,0.6691
main-arch,78,39,235,-12.3100,7.7071,2.5003,0.0000,0.4146,0.6665
main-arch,79,39,238,-12.3100,7.7921,2.4533,0.0000,0.4192,0.6637
main-arch,80,39,241,-12.3100,7.8767,2.4055,0.0000,0.4238,0.6609
main-arch,81,39,244,-12.3100,7.9608,2.3570,0.0000,0.4283,0.6581
main-arch,82,39,247,-12.3100,8.0441,2.3068,0.0000,0.4328,0.6552
main-arch,83,39,250,-12.3100,8.1255,2.2540,0.0000,0.4372,0.6521
main-arch,84,39,253,-12.3100,8.2050,2.1981,0.0000,0.4415,0.6489
main-arch,85,39,256,-12.3100,8.2827,2.1398,0.0000,0.4458,0.6455
main-arch,86,39,259,-12.3100,8.3620,2.0838,0.0000,0.4501,0.6422
main-arch,87,39,262,-12.3100,8.4394,2.0250,0.0000,0.4543,0.6388
main-arch,88,39,265,-12.3100,8.5173,1.9669,0.0000,0.4585,0.6354
main-arch,89,39,268,-12.3100,8.5872,1.8996,0.0000,0.4623,0.6315
main-arch,90,39,271,-12.3100,8.6636,1.8396,0.0000,0.4664,0.6280
main-arch,91,39,274,-12.3100,8.7240,1.7773,0.0000,0.4697,0.6244
main-arch,92,39,277,-12.3100,8.7956,1.7198,0.0000,0.4736,0.6211
main-arch,93,39,280,-12.3100,8.8695,1.6567,0.0000,0.4776,0.6174
main-arch,94,39,283,-12.3100,8.9339,1.5931,0.0000,0.4811,0.6137
main-arch,95,39,286,-12.3100,8.9938,1.5285,0.0000,0.4843,0.6099
main-arch,96,39,289,-12.3100,9.0667,1.4643,0.0000,0.4882,0.6062
main-arch,97,39,292,-12.3100,9.1119,1.3949,0.0000,0.4907,0.6022
main-arch,98,39,295,-12.3100,9.1792,1.3248,0.0000,0.4943,0.5981
main-arch,99,39,298,-12.3100,9.2430,1.2515,0.0000,0.4978,0.5938
main-arch,100,39,301,-12.3100,9.3061,1.1776,0.0000,0.5012,0.5895
main-arch,101,39,304,-12.3100,9.3672,1.1021,0.0000,0.5045,0.5851
main-arch,102,39,307,-12.3100,9.4280,1.0263,0.0000,0.5078,0.5807
main-arch,103,39,310,-12.3100,9.4868,0.9489,0.0000,0.5110,0.5762
main-arch,104,39,313,-12.3100,9.5453,0.8714,0.0000,0.5142,0.5717
main-arch,105,39,316,-12.3100,9.6017,0.7923,0.0000,0.5172,0.5671
main-arch,106,39,319,-12.3100,9.6579,0.7130,0.0000,0.5203,0.5625
main-arch,107,39,322,-12.3100,9.7120,0.6323,0.0000,0.5232,0.5578
main-arch,108,39,325,-12.3100,9.7659,0.5514,0.0000,0.5261,0.5531
main-arch,109,39,328,-12.3100,9.8219,0.4721,0.0000,0.5292,0.5485
main-arch,110,39,331,-12.3100,9.8783,0.3930,0.0000,0.5322,0.5439
main-arch,111,39,334,-12.3100,9.9096,0.3159,0.0000,0.5339,0.5394
main-arch,112,39,337,-12.3100,9.9608,0.2333,0.0000,0.5367,0.5346
main-arch,113,39,340,-12.3100,9.9965,0.1582,0.0000,0.5386,0.5302
main-arch,114,39,343,-12.3100,10.0549,0.0806,0.0000,0.5418,0.5257
main-arch,115,39,346,-12.3100,10.0834,0.0035,0.0000,0.5434,0.5212
main-arch,116,39,349,-12.3100,10.1314,-0.0810,0.0000,0.5460,0.5163
main-arch,117,39,352,-12.3100,10.1749,-0.1678,0.0000,0.5483,0.5113
main-arch,118,39,355,-12.3100,10.2179,-0.2550,0.0000,0.5506,0.5062
main-arch,119,39,358,-12.3100,10.2598,-0.3426,0.0000,0.5529,0.5011
main-arch,120,39,361,-12.3100,10.2605,-0.4310,0.0000,0.5530,0.4960
main-arch,121,39,364,-12.3100,10.2181,-0.5184,0.0000,0.5507,0.4909
main-arch,122,39,367,-12.3100,10.1749,-0.6054,0.0000,0.5483,0.4858
main-arch,123,39,370,-12.3100,10.1314,-0.6923,0.0000,0.5460,0.4808
main-arch,124,39,373,-12.3100,10.0834,-0.7768,0.0000,0.5434,0.4759
main-arch,125,39,376,-12.3100,10.0549,-0.8538,0.0000,0.5418,0.4714
main-arch,126,39,379,-12.3100,9.9965,-0.9315,0.0000,0.5386,0.4669
main-arch,127,39,382,-12.3100,9.9608,-1.0066,0.0000,0.5367,0.4625
main-arch,128,39,385,-12.3100,9.9096,-1.0892,0.0000,0.5339,0.4577
main-arch,129,39,388,-12.3100,9.8783,-1.1663,0.0000,0.5322,0.4532
main-arch,130,39,391,-12.3100,9.8219,-1.2454,0.0000,0.5292,0.4486
main-arch,131,39,394,-12.3100,9.7659,-1.3247,0.0000,0.5261,0.4440
main-arch,132,39,397,-12.3100,9.7120,-1.4056,0.0000,0.5232,0.4393
main-arch,133,39,400,-12.3100,9.6579,-1.4863,0.0000,0.5203,0.4346
main-arch,134,39,403,-12.3100,9.6017,-1.5655,0.0000,0.5172,0.4300
main-arch,135,39,406,-12.3100,9.5453,-1.6446,0.0000,0.5142,0.4254
main-arch,136,39,409,-12.3100,9.4867,-1.7222,0.0000,0.5110,0.4209
main-arch,137,39,412,-12.3100,9.4280,-1.7996,0.0000,0.5078,0.4164
main-arch,138,39,415,-12.3100,9.3672,-1.8754,0.0000,0.5045,0.4120
main-arch,139,39,418,-12.3100,9.3061,-1.9509,0.0000,0.5012,0.4076
main-arch,140,39,421,-12.3100,9.2430,-2.0248,0.0000,0.4978,0.4033
main-arch,141,39,424,-12.3100,9.1792,-2.0981,0.0000,0.4943,0.3990
main-arch,142,39,427,-12.3100,9.1119,-2.1681,0.0000,0.4907,0.3949
main-arch,143,39,430,-12.3100,9.0667,-2.2375,0.0000,0.4882,0.3909
main-arch,144,39,433,-12.3100,8.9937,-2.3018,0.0000,0.4843,0.3872
main-arch,145,39,436,-12.3100,8.9338,-2.3664,0.0000,0.4810,0.3834
main-arch,146,39,439,-12.3100,8.8694,-2.4300,0.0000,0.4776,0.3797
main-arch,147,39,442,-12.3100,8.7956,-2.4931,0.0000,0.4736,0.3760
main-arch,148,39,445,-12.3100,8.7240,-2.5506,0.0000,0.4697,0.3727
main-arch,149,39,448,-12.3100,8.6636,-2.6129,0.0000,0.4664,0.3691
main-arch,150,39,451,-12.3100,8.5872,-2.6729,0.0000,0.4623,0.3656
main-arch,151,39,454,-12.3100,8.5173,-2.7402,0.0000,0.4585,0.3617
main-arch,152,39,457,-12.3100,8.4394,-2.7983,0.0000,0.4543,0.3583
main-arch,153,39,460,-12.3100,8.3620,-2.8571,0.0000,0.4501,0.3549
main-arch,154,39,463,-12.3100,8.2827,-2.9131,0.0000,0.4458,0.3516
main-arch,155,39,466,-12.3100,8.2050,-2.9714,0.0000,0.4415,0.3482
main-arch,156,39,469,-12.3100,8.1255,-3.0273,0.0000,0.4372,0.3450
main-arch,157,39,472,-12.3100,8.0440,-3.0801,0.0000,0.4328,0.3419
main-arch,158,39,475,-12.3100,7.9608,-3.1303,0.0000,0.4283,0.3390
main-arch,159,39,478,-12.3100,7.8767,-3.1787,0.0000,0.4238,0.3362
main-arch,160,39,481,-12.3100,7.7921,-3.2265,0.0000,0.4192,0.3334
main-arch,161,39,484,-12.3100,7.7071,-3.2736,0.0000,0.4146,0.3306
main-arch,162,39,487,-12.3100,7.6211,-3.3189,0.0000,0.4099,0.3280
main-arch,163,39,490,-12.3100,7.5343,-3.3624,0.0000,0.4052,0.3255
main-arch,164,39,493,-12.3100,7.4454,-3.4015,0.0000,0.4004,0.3232
main-arch,165,39,496,-12.3100,7.3556,-3.4386,0.0000,0.3955,0.3210
main-arch,166,39,499,-12.3100,7.2665,-3.4773,0.0000,0.3907,0.3188
main-arch,167,39,502,-12.3100,7.1753,-3.5109,0.0000,0.3857,0.3168
main-arch,168,39,505,-12.3100,7.0839,-3.5436,0.0000,0.3808,0.3149
main-arch,169,39,508,-12.3100,6.9917,-3.5744,0.0000,0.3758,0.3131
main-arch,170,40,1,-12.3100,6.8987,-3.6025,0.0000,0.3707,0.3115
main-arch,171,40,4,-12.3100,6.8054,-3.6295,0.0000,0.3657,0.3099
main-arch,172,40,7,-12.3100,6.7115,-3.6542,0.0000,0.3606,0.3085
main-arch,173,40,10,-12.3100,6.6161,-3.6728,0.0000,0.3554,0.3074
main-arch,174,40,13,-12.3100,6.5207,-3.6913,0.0000,0.3503,0.3063
main-arch,175,40,16,-12.3100,6.4248,-3.7065,0.0000,0.3451,0.3055
main-arch,176,40,19,-12.3100,6.3286,-3.7204,0.0000,0.3398,0.3047
main-arch,177,40,22,-12.3100,6.2325,-3.7342,0.0000,0.3346,0.3039
main-arch,178,40,25,-12.3100,6.1363,-3.7481,0.0000,0.3294,0.3030
main-arch,179,40,28,-12.3100,6.0394,-3.7518,0.0000,0.3242,0.3028
main-arch,180,40,31,-12.3100,5.9422,-3.7518,0.0000,0.3189,0.3028
main-arch,181,40,34,-12.3100,5.8451,-3.7518,0.0000,0.3136,0.3028
main-arch,182,40,37,-12.3100,5.7479,-3.7518,0.0000,0.3084,0.3028
main-arch,183,40,40,-12.3100,5.6507,-3.7518,0.0000,0.3031,0.3028
main-arch,184,40,43,-12.3100,5.5536,-3.7519,0.0000,0.2978,0.3028
main-arch,185,40,46,-12.3100,5.4564,-3.7519,0.0000,0.2926,0.3028
main-arch,186,40,49,-12.3100,5.3593,-3.7519,0.0000,0.2873,0.3028
main-arch,187,40,52,-12.3100,5.2621,-3.7519,0.0000,0.2820,0.3028
main-arch,188,40,55,-12.3100,5.1649,-3.7519,0.0000,0.2768,0.3028
main-arch,189,40,58,-12.3100,5.0678,-3.7519,0.0000,0.2715,0.3028
main-arch,190,40,61,-12.3100,4.9706,-3.7519,0.0000,0.2662,0.3028
main-arch,191,40,64,-12.3100,4.8734,-3.7519,0.0000,0.2610,0.3028
main-arch,192,40,67,-12.3100,4.7763,-3.7520,0.0000,0.2557,0.3028
main-arch,193,40,70,-12.3100,4.6791,-3.7520,0.0000,0.2504,0.3028
main-arch,194,40,73,-12.3100,4.5820,-3.7520,0.0000,0.2452,0.3028
main-arch,195,40,76,-12.3100,4.4848,-3.7520,0.0000,0.2399,0.3028
main-arch,196,40,79,-12.3100,4.3876,-3.7520,0.0000,0.2347,0.3028
main-arch,197,40,82,-12.3100,4.2905,-3.7520,0.0000,0.2294,0.3028
main-arch,198,40,85,-12.3100,4.1933,-3.7520,0.0000,0.2241,0.3028
main-arch,199,40,88,-12.3100,4.0962,-3.7520,0.0000,0.2189,0.3028
main-arch,200,40,91,-12.3100,3.9990,-3.7521,0.0000,0.2136,0.3028
main-arch,201,40,94,-12.3100,3.9018,-3.7521,0.0000,0.2083,0.3028
main-arch,202,40,97,-12.3100,3.8047,-3.7521,0.0000,0.2031,0.3028
main-arch,203,40,100,-12.3100,3.7075,-3.7521,0.0000,0.1978,0.3028
main-arch,204,40,103,-12.3100,3.6103,-3.7521,0.0000,0.1925,0.3028
main-arch,205,40,106,-12.3100,3.5132,-3.7521,0.0000,0.1873,0.3028
main-arch,206,40,109,-12.3100,3.4160,-3.7521,0.0000,0.1820,0.3028
main-arch,207,40,112,-12.3100,3.3189,-3.7521,0.0000,0.1767,0.3028
main-arch,208,40,115,-12.3100,3.2217,-3.7522,0.0000,0.1715,0.3028
main-arch,209,40,118,-12.3100,3.1245,-3.7522,0.0000,0.1662,0.3028
main-arch,210,40,121,-12.3100,3.0274,-3.7522,0.0000,0.1609,0.3028
main-arch,211,40,124,-12.3100,2.9302,-3.7522,0.0000,0.1557,0.3028
main-arch,212,40,127,-12.3100,2.8330,-3.7522,0.0000,0.1504,0.3028
main-arch,213,40,130,-12.3100,2.7359,-3.7522,0.0000,0.1451,0.3028
main-arch,214,40,133,-12.3100,2.6387,-3.7522,0.0000,0.1399,0.3028
main-arch,215,40,136,-12.3100,2.5416,-3.7522,0.0000,0.1346,0.3028
main-arch,216,40,139,-12.3100,2.4444,-3.7523,0.0000,0.1293,0.3028
main-arch,217,40,142,-12.3100,2.3472,-3.7523,0.0000,0.1241,0.3028
main-arch,218,40,145,-12.3100,2.2501,-3.7523,0.0000,0.1188,0.3028
main-arch,219,40,148,-12.3100,2.1529,-3.7523,0.0000,0.1135,0.3028
main-arch,220,40,151,-12.3100,2.0558,-3.7523,0.0000,0.1083,0.3028
main-arch,221,40,154,-12.3100,1.9586,-3.7523,0.0000,0.1030,0.3028
main-arch,222,40,157,-12.3100,1.8614,-3.7523,0.0000,0.0977,0.3028
main-arch,223,40,160,-12.3100,1.7643,-3.7523,0.0000,0.0925,0.3028
main-arch,224,40,163,-12.3100,1.6671,-3.7524,0.0000,0.0872,0.3028
main-arch,225,40,166,-12.3100,1.5699,-3.7524,0.0000,0.0819,0.3028
main-arch,226,40,169,-12.3100,1.4728,-3.7524,0.0000,0.0767,0.3028
main-arch,227,40,172,-12.3100,1.3756,-3.7524,0.0000,0.0714,0.3028
main-arch,228,40,175,-12.3100,1.2785,-3.7524,0.0000,0.0661,0.3028
main-arch,229,40,178,-12.3100,1.1813,-3.7524,0.0000,0.0609,0.3028
main-arch,230,40,181,-12.3100,1.0841,-3.7524,0.0000,0.0556,0.3028
main-arch,231,40,184,-12.3100,0.9870,-3.7524,0.0000,0.0503,0.3028
main-arch,232,40,187,-12.3100,0.8898,-3.7524,0.0000,0.0451,0.3028
main-arch,233,40,190,-12.3100,0.7926,-3.7525,0.0000,0.0398,0.3028
main-arch,234,40,193,-12.3100,0.6955,-3.7525,0.0000,0.0345,0.3028
main-arch,235,40,196,-12.3100,0.5983,-3.7525,0.0000,0.0293,0.3028
main-arch,236,40,199,-12.3100,0.5012,-3.7525,0.0000,0.0240,0.3028
main-arch,237,40,202,-12.3100,0.4040,-3.7525,0.0000,0.0187,0.3028
main-arch,238,40,205,-12.3100,0.3068,-3.7525,0.0000,0.0135,0.3028
main-arch,239,40,208,-12.3100,0.2097,-3.7525,0.0000,0.0082,0.3028
main-arch,240,41,1,-11.0900,0.2109,2.8274,0.0460,0.0083,0.6855
main-arch,241,41,4,-11.0900,0.3104,2.8274,0.0460,0.0137,0.6855
main-arch,242,41,7,-11.0900,0.4099,2.8274,0.0460,0.0191,0.6855
main-arch,243,41,10,-11.0900,0.5094,2.8274,0.0460,0.0245,0.6855
main-arch,244,41,13,-11.0900,0.6089,2.8274,0.0460,0.0299,0.6855
main-arch,245,41,16,-11.0900,0.7084,2.8273,0.0460,0.0352,0.6855
main-arch,246,41,19,-11.0900,0.8079,2.8273,0.0460,0.0406,0.6855
main-arch,247,41,22,-11.0900,0.9075,2.8273,0.0460,0.0460,0.6855
main-arch,248,41,25,-11.0900,1.0070,2.8273,0.0460,0.0514,0.6855
main-arch,249,41,28,-11.0900,1.1065,2.8273,0.0460,0.0568,0.6855
main-arch,250,41,31,-11.0900,1.2060,2.8273,0.0460,0.0622,0.6855
main-arch,251,41,34,-11.0900,1.3055,2.8273,0.0460,0.0676,0.6855
main-arch,252,41,37,-11.0900,1.4050,2.8273,0.0460,0.0730,0.6855
main-arch,253,41,40,-11.0900,1.5046,2.8273,0.0460,0.0784,0.6855
main-arch,254,41,43,-11.0900,1.6041,2.8272,0.0460,0.0838,0.6855
main-arch,255,41,46,-11.0900,1.7036,2.8272,0.0460,0.0892,0.6855
main-arch,256,41,49,-11.0900,1.8031,2.8272,0.0460,0.0946,0.6855
main-arch,257,41,52,-11.0900,1.9026,2.8272,0.0460,0.1000,0.6855
main-arch,258,41,55,-11.0900,2.0021,2.8272,0.0460,0.1054,0.6855
main-arch,259,41,58,-11.0900,2.1016,2.8272,0.0460,0.1108,0.6855
main-arch,260,41,61,-11.0900,2.2012,2.8272,0.0460,0.1162,0.6855
main-arch,261,41,64,-11.0900,2.3007,2.8272,0.0460,0.1215,0.6855
main-arch,262,41,67,-11.0900,2.4002,2.8272,0.0460,0.1269,0.6855
main-arch,263,41,70,-11.0900,2.4997,2.8271,0.0460,0.1323,0.6855
main-arch,264,41,73,-11.0900,2.5992,2.8271,0.0460,0.1377,0.6855
main-arch,265,41,76,-11.0900,2.6987,2.8271,0.0460,0.1431,0.6855
main-arch,266,41,79,-11.0900,2.7983,2.8271,0.0460,0.1485,0.6855
main-arch,267,41,82,-11.0900,2.8978,2.8271,0.0460,0.1539,0.6855
main-arch,268,41,85,-11.0900,2.9973,2.8271,0.0460,0.1593,0.6855
main-arch,269,41,88,-11.0900,3.0968,2.8271,0.0460,0.1647,0.6855
main-arch,270,41,91,-11.0900,3.1963,2.8271,0.0460,0.1701,0.6855
main-arch,271,41,94,-11.0900,3.2958,2.8271,0.0460,0.1755,0.6855
main-arch,272,41,97,-11.0900,3.3954,2.8271,0.0460,0.1809,0.6855
main-arch,273,41,100,-11.0900,3.4949,2.8270,0.0460,0.1863,0.6855
main-arch,274,41,103,-11.0900,3.5944,2.8270,0.0460,0.1917,0.6855
main-arch,275,41,106,-11.0900,3.6939,2.8270,0.0460,0.1971,0.6855
main-arch,276,41,109,-11.0900,3.7934,2.8270,0.0460,0.2024,0.6855
main-arch,277,41,112,-11.0900,3.8929,2.8270,0.0460,0.2078,0.6855
main-arch,278,41,115,-11.0900,3.9924,2.8270,0.0460,0.2132,0.6855
main-arch,279,41,118,-11.0900,4.0920,2.8270,0.0460,0.2186,0.6855
main-arch,280,41,121,-11.0900,4.1915,2.8270,0.0460,0.2240,0.6855
main-arch,281,41,124,-11.0900,4.2910,2.8270,0.0460,0.2294,0.6855
main-arch,282,41,127,-11.0900,4.3905,2.8269,0.0460,0.2348,0.6854
main-arch,283,41,130,-11.0900,4.4900,2.8269,0.0460,0.2402,0.6854
main-arch,284,41,133,-11.0900,4.5895,2.8269,0.0460,0.2456,0.6854
main-arch,285,41,136,-11.0900,4.6891,2.8269,0.0460,0.2510,0.6854
main-arch,286,41,139,-11.0900,4.7886,2.8269,0.0460,0.2564,0.6854
main-arch,287,41,142,-11.0900,4.8881,2.8269,0.0460,0.2618,0.6854
main-arch,288,41,145,-11.0900,4.9876,2.8269,0.0460,0.2672,0.6854
main-arch,289,41,148,-11.0900,5.0871,2.8269,0.0460,0.2726,0.6854
main-arch,290,41,151,-11.0900,5.1866,2.8269,0.0460,0.2780,0.6854
main-arch,291,41,154,-11.0900,5.2861,2.8268,0.0460,0.2833,0.6854
main-arch,292,41,157,-11.0900,5.3857,2.8268,0.0460,0.2887,0.6854
main-arch,293,41,160,-11.0900,5.4852,2.8268,0.0460,0.2941,0.6854
main-arch,294,41,163,-11.0900,5.5847,2.8268,0.0460,0.2995,0.6854
main-arch,295,41,166,-11.0900,5.6842,2.8268,0.0460,0.3049,0.6854
main-arch,296,41,169,-11.0900,5.7837,2.8268,0.0460,0.3103,0.6854
main-arch,297,41,172,-11.0900,5.8832,2.8268,0.0460,0.3157,0.6854
main-arch,298,41,175,-11.0900,5.9828,2.8268,0.0460,0.3211,0.6854
main-arch,299,41,178,-11.0900,6.0823,2.8268,0.0460,0.3265,0.6854
main-arch,300,41,181,-11.0900,6.1810,2.8150,0.0460,0.3319,0.6848
main-arch,301,41,184,-11.0900,6.2795,2.8010,0.0460,0.3372,0.6839
main-arch,302,41,187,-11.0900,6.3780,2.7871,0.0460,0.3425,0.6831
main-arch,303,41,190,-11.0900,6.4764,2.7722,0.0460,0.3479,0.6823
main-arch,304,41,193,-11.0900,6.5740,2.7529,0.0460,0.3531,0.6811
main-arch,305,41,196,-11.0900,6.6716,2.7336,0.0460,0.3584,0.6800
main-arch,306,41,199,-11.0900,6.7678,2.7081,0.0460,0.3637,0.6785
main-arch,307,41,202,-11.0900,6.8635,2.6807,0.0460,0.3688,0.6769
main-arch,308,41,205,-11.0900,6.9588,2.6520,0.0460,0.3740,0.6753
main-arch,309,41,208,-11.0900,7.0525,2.6186,0.0460,0.3791,0.6733
main-arch,310,41,211,-11.0900,7.1465,2.5859,0.0460,0.3842,0.6714
main-arch,311,41,214,-11.0900,7.2398,2.5516,0.0460,0.3892,0.6694
main-arch,312,41,217,-11.0900,7.3302,2.5101,0.0460,0.3941,0.6670
main-arch,313,41,220,-11.0900,7.4221,2.4720,0.0460,0.3991,0.6648
main-arch,314,41,223,-11.0900,7.5129,2.4313,0.0460,0.4040,0.6624
main-arch,315,41,226,-11.0900,7.6011,2.3851,0.0460,0.4088,0.6598
main-arch,316,41,229,-11.0900,7.6886,2.3378,0.0460,0.4136,0.6570
main-arch,317,41,232,-11.0900,7.7754,2.2891,0.0460,0.4183,0.6542
main-arch,318,41,235,-11.0900,7.8613,2.2388,0.0460,0.4229,0.6512
main-arch,319,41,238,-11.0900,7.9462,2.1870,0.0460,0.4275,0.6482
main-arch,320,41,241,-11.0900,8.0293,2.1322,0.0460,0.4320,0.6450
main-arch,321,41,244,-11.0900,8.1105,2.0751,0.0460,0.4364,0.6417
main-arch,322,41,247,-11.0900,8.1930,2.0196,0.0460,0.4409,0.6385
main-arch,323,41,250,-11.0900,8.2731,1.9605,0.0460,0.4452,0.6351
main-arch,324,41,253,-11.0900,8.3544,1.9032,0.0460,0.4496,0.6317
main-arch,325,41,256,-11.0900,8.4262,1.8345,0.0460,0.4535,0.6277
main-arch,326,41,259,-11.0900,8.5058,1.7748,0.0460,0.4579,0.6243
main-arch,327,41,262,-11.0900,8.5627,1.7117,0.0460,0.4609,0.6206
main-arch,328,41,265,-11.0900,8.6429,1.6531,0.0460,0.4653,0.6172
main-arch,329,41,268,-11.0900,8.7156,1.5852,0.0460,0.4692,0.6132
main-arch,330,41,271,-11.0900,8.7872,1.5161,0.0460,0.4731,0.6092
main-arch,331,41,274,-11.0900,8.8576,1.4458,0.0460,0.4769,0.6051
main-arch,332,41,277,-11.0900,8.9270,1.3744,0.0460,0.4807,0.6010
main-arch,333,41,280,-11.0900,8.9948,1.3016,0.0460,0.4844,0.5967
main-arch,334,41,283,-11.0900,9.0619,1.2281,0.0460,0.4880,0.5925
main-arch,335,41,286,-11.0900,9.1148,1.1601,0.0460,0.4909,0.5885
main-arch,336,41,289,-11.0900,9.1885,1.0932,0.0460,0.4949,0.5846
main-arch,337,41,292,-11.0900,9.2330,1.0211,0.0460,0.4973,0.5804
main-arch,338,41,295,-11.0900,9.2970,0.9448,0.0460,0.5007,0.5760
main-arch,339,41,298,-11.0900,9.3601,0.8680,0.0460,0.5042,0.5715
main-arch,340,41,301,-11.0900,9.4230,0.7909,0.0460,0.5076,0.5670
main-arch,341,41,304,-11.0900,9.4621,0.7156,0.0460,0.5097,0.5627
main-arch,342,41,307,-11.0900,9.5232,0.6371,0.0460,0.5130,0.5581
main-arch,343,41,310,-11.0900,9.5798,0.5553,0.0460,0.5161,0.5533
main-arch,344,41,313,-11.0900,9.6350,0.4725,0.0460,0.5191,0.5485
main-arch,345,41,316,-11.0900,9.6926,0.3913,0.0460,0.5222,0.5438
main-arch,346,41,319,-11.0900,9.7507,0.3105,0.0460,0.5253,0.5391
main-arch,347,41,322,-11.0900,9.7853,0.2321,0.0460,0.5272,0.5345
main-arch,348,41,325,-11.0900,9.8399,0.1489,0.0460,0.5302,0.5297
main-arch,349,41,328,-11.0900,9.8731,0.0716,0.0460,0.5320,0.5252
main-arch,350,41,331,-11.0900,9.9067,-0.0054,0.0460,0.5338,0.5207
main-arch,351,41,334,-11.0900,9.9608,-0.0890,0.0460,0.5367,0.5159
main-arch,352,41,337,-11.0900,9.9944,-0.1677,0.0460,0.5385,0.5113
main-arch,353,41,340,-11.0900,10.0468,-0.2523,0.0460,0.5414,0.5064
main-arch,354,41,343,-11.0900,10.0905,-0.3417,0.0460,0.5437,0.5012
main-arch,355,41,346,-11.0900,10.0911,-0.4318,0.0460,0.5438,0.4959
main-arch,356,41,349,-11.0900,10.0468,-0.5210,0.0460,0.5414,0.4907
main-arch,357,41,352,-11.0900,9.9944,-0.6055,0.0460,0.5385,0.4858
main-arch,358,41,355,-11.0900,9.9608,-0.6843,0.0460,0.5367,0.4812
main-arch,359,41,358,-11.0900,9.9067,-0.7679,0.0460,0.5338,0.4764
main-arch,360,41,361,-11.0900,9.8731,-0.8449,0.0460,0.5320,0.4719
main-arch,361,41,364,-11.0900,9.8399,-0.9222,0.0460,0.5302,0.4674
main-arch,362,41,367,-11.0900,9.7853,-1.0054,0.0460,0.5272,0.4626
main-arch,363,41,370,-11.0900,9.7507,-1.0838,0.0460,0.5253,0.4580
main-arch,364,41,373,-11.0900,9.6926,-1.1646,0.0460,0.5222,0.4533
main-arch,365,41,376,-11.0900,9.6350,-1.2458,0.0460,0.5191,0.4486
main-arch,366,41,379,-11.0900,9.5798,-1.3286,0.0460,0.5161,0.4438
main-arch,367,41,382,-11.0900,9.5232,-1.4104,0.0460,0.5130,0.4390
main-arch,368,41,385,-11.0900,9.4621,-1.4889,0.0460,0.5097,0.4344
main-arch,369,41,388,-11.0900,9.4230,-1.5641,0.0460,0.5076,0.4301
main-arch,370,41,391,-11.0900,9.3601,-1.6412,0.0460,0.5042,0.4256
main-arch,371,41,394,-11.0900,9.2969,-1.7181,0.0460,0.5007,0.4211
main-arch,372,41,397,-11.0900,9.2330,-1.7943,0.0460,0.4973,0.4167
main-arch,373,41,400,-11.0900,9.1885,-1.8665,0.0460,0.4949,0.4125
main-arch,374,41,403,-11.0900,9.1148,-1.9334,0.0460,0.4909,0.4086
main-arch,375,41,406,-11.0900,9.0619,-2.0014,0.0460,0.4880,0.4046
main-arch,376,41,409,-11.0900,8.9948,-2.0749,0.0460,0.4844,0.4004
main-arch,377,41,412,-11.0900,8.9270,-2.1477,0.0460,0.4807,0.3961
main-arch,378,41,415,-11.0900,8.8576,-2.2191,0.0460,0.4769,0.3920
main-arch,379,41,418,-11.0900,8.7872,-2.2894,0.0460,0.4731,0.3879
main-arch,380,41,421,-11.0900,8.7156,-2.3585,0.0460,0.4692,0.3839
main-arch,381,41,424,-11.0900,8.6429,-2.4264,0.0460,0.4653,0.3799
main-arch,382,41,427,-11.0900,8.5627,-2.4850,0.0460,0.4609,0.3765
main-arch,383,41,430,-11.0900,8.5058,-2.5481,0.0460,0.4579,0.3728
main-arch,384,41,433,-11.0900,8.4261,-2.6078,0.0460,0.4535,0.3694
main-arch,385,41,436,-11.0900,8.3544,-2.6765,0.0460,0.4496,0.3654
main-arch,386,41,439,-11.0900,8.2731,-2.7338,0.0460,0.4452,0.3620
main-arch,387,41,442,-11.0900,8.1930,-2.7928,0.0460,0.4409,0.3586
main-arch,388,41,445,-11.0900,8.1105,-2.8483,0.0460,0.4364,0.3554
main-arch,389,41,448,-11.0900,8.0293,-2.9055,0.0460,0.4320,0.3520
main-arch,390,41,451,-11.0900,7.9462,-2.9603,0.0460,0.4275,0.3489
main-arch,391,41,454,-11.0900,7.8613,-3.0121,0.0460,0.4229,0.3458
main-arch,392,41,457,-11.0900,7.7754,-3.0624,0.0460,0.4183,0.3429
main-arch,393,41,460,-11.0900,7.6886,-3.1111,0.0460,0.4136,0.3401
main-arch,394,41,463,-11.0900,7.6011,-3.1584,0.0460,0.4088,0.3373
main-arch,395,41,466,-11.0900,7.5129,-3.2046,0.0460,0.4040,0.3347
main-arch,396,41,469,-11.0900,7.4221,-3.2453,0.0460,0.3991,0.3323
main-arch,397,41,472,-11.0900,7.3302,-3.2833,0.0460,0.3941,0.3301
main-arch,398,41,475,-11.0900,7.2397,-3.3249,0.0460,0.3892,0.3277
main-arch,399,41,478,-11.0900,7.1465,-3.3592,0.0460,0.3842,0.3257
main-arch,400,41,481,-11.0900,7.0525,-3.3919,0.0460,0.3791,0.3238
main-arch,401,41,484,-11.0900,6.9587,-3.4252,0.0460,0.3740,0.3218
main-arch,402,41,487,-11.0900,6.8635,-3.4540,0.0460,0.3688,0.3201
main-arch,403,41,490,-11.0900,6.7678,-3.4813,0.0460,0.3637,0.3186
main-arch,404,41,493,-11.0900,6.6716,-3.5068,0.0460,0.3584,0.3171
main-arch,405,41,496,-11.0900,6.5740,-3.5262,0.0460,0.3531,0.3159
main-arch,406,41,499,-11.0900,6.4764,-3.5455,0.0460,0.3479,0.3148
main-arch,407,41,502,-11.0900,6.3780,-3.5604,0.0460,0.3425,0.3140
main-arch,408,41,505,-11.0900,6.2795,-3.5743,0.0460,0.3372,0.3132
main-arch,409,41,508,-11.0900,6.1810,-3.5883,0.0460,0.3319,0.3123
main-arch,410,42,1,-11.0900,6.0823,-3.6001,0.0460,0.3265,0.3117
main-arch,411,42,4,-11.0900,5.9828,-3.6001,0.0460,0.3211,0.3117
main-arch,412,42,7,-11.0900,5.8832,-3.6001,0.0460,0.3157,0.3117
main-arch,413,42,10,-11.0900,5.7837,-3.6001,0.0460,0.3103,0.3117
main-arch,414,42,13,-11.0900,5.6842,-3.6002,0.0460,0.3049,0.3116
main-arch,415,42,16,-11.0900,5.5847,-3.6002,0.0460,0.2995,0.3116
main-arch,416,42,19,-11.0900,5.4852,-3.6002,0.0460,0.2941,0.3116
main-arch,417,42,22,-11.0900,5.3857,-3.6002,0.0460,0.2887,0.3116
main-arch,418,42,25,-11.0900,5.2861,-3.6002,0.0460,0.2833,0.3116
main-arch,419,42,28,-11.0900,5.1866,-3.6002,0.0460,0.2780,0.3116
main-arch,420,42,31,-11.0900,5.0871,-3.6002,0.0460,0.2726,0.3116
main-arch,421,42,34,-11.0900,4.9876,-3.6002,0.0460,0.2672,0.3116
main-arch,422,42,37,-11.0900,4.8881,-3.6002,0.0460,0.2618,0.3116
main-arch,423,42,40,-11.0900,4.7886,-3.6002,0.0460,0.2564,0.3116
main-arch,424,42,43,-11.0900,4.6891,-3.6002,0.0460,0.2510,0.3116
main-arch,425,42,46,-11.0900,4.5895,-3.6003,0.0460,0.2456,0.3116
main-arch,426,42,49,-11.0900,4.4900,-3.6003,0.0460,0.2402,0.3116
main-arch,427,42,52,-11.0900,4.3905,-3.6003,0.0460,0.2348,0.3116
main-arch,428,42,55,-11.0900,4.2910,-3.6003,0.0460,0.2294,0.3116
main-arch,429,42,58,-11.0900,4.1915,-3.6003,0.0460,0.2240,0.3116
main-arch,430,42,61,-11.0900,4.0920,-3.6003,0.0460,0.2186,0.3116
main-arch,431,42,64,-11.0900,3.9924,-3.6003,0.0460,0.2132,0.3116
main-arch,432,42,67,-11.0900,3.8929,-3.6003,0.0460,0.2078,0.3116
main-arch,433,42,70,-11.0900,3.7934,-3.6003,0.0460,0.2024,0.3116
main-arch,434,42,73,-11.0900,3.6939,-3.6003,0.0460,0.1971,0.3116
main-arch,435,42,76,-11.0900,3.5944,-3.6004,0.0460,0.1917,0.3116
main-arch,436,42,79,-11.0900,3.4949,-3.6004,0.0460,0.1863,0.3116
main-arch,437,42,82,-11.0900,3.3954,-3.6004,0.0460,0.1809,0.3116
main-arch,438,42,85,-11.0900,3.2958,-3.6004,0.0460,0.1755,0.3116
main-arch,439,42,88,-11.0900,3.1963,-3.6004,0.0460,0.1701,0.3116
main-arch,440,42,91,-11.0900,3.0968,-3.6004,0.0460,0.1647,0.3116
main-arch,441,42,94,-11.0900,2.9973,-3.6004,0.0460,0.1593,0.3116
main-arch,442,42,97,-11.0900,2.8978,-3.6004,0.0460,0.1539,0.3116
main-arch,443,42,100,-11.0900,2.7983,-3.6004,0.0460,0.1485,0.3116
main-arch,444,42,103,-11.0900,2.6987,-3.6004,0.0460,0.1431,0.3116
main-arch,445,42,106,-11.0900,2.5992,-3.6004,0.0460,0.1377,0.3116
main-arch,446,42,109,-11.0900,2.4997,-3.6005,0.0460,0.1323,0.3116
main-arch,447,42,112,-11.0900,2.4002,-3.6005,0.0460,0.1269,0.3116
main-arch,448,42,115,-11.0900,2.3007,-3.6005,0.0460,0.1215,0.3116
main-arch,449,42,118,-11.0900,2.2012,-3.6005,0.0460,0.1162,0.3116
main-arch,450,42,121,-11.0900,2.1016,-3.6005,0.0460,0.1108,0.3116
main-arch,451,42,124,-11.0900,2.0021,-3.6005,0.0460,0.1054,0.3116
main-arch,452,42,127,-11.0900,1.9026,-3.6005,0.0460,0.1000,0.3116
main-arch,453,42,130,-11.0900,1.8031,-3.6005,0.0460,0.0946,0.3116
main-arch,454,42,133,-11.0900,1.7036,-3.6005,0.0460,0.0892,0.3116
main-arch,455,42,136,-11.0900,1.6041,-3.6005,0.0460,0.0838,0.3116
main-arch,456,42,139,-11.0900,1.5046,-3.6006,0.0460,0.0784,0.3116
main-arch,457,42,142,-11.0900,1.4050,-3.6006,0.0460,0.0730,0.3116
main-arch,458,42,145,-11.0900,1.3055,-3.6006,0.0460,0.0676,0.3116
main-arch,459,42,148,-11.0900,1.2060,-3.6006,0.0460,0.0622,0.3116
main-arch,460,42,151,-11.0900,1.1065,-3.6006,0.0460,0.0568,0.3116
main-arch,461,42,154,-11.0900,1.0070,-3.6006,0.0460,0.0514,0.3116
main-arch,462,42,157,-11.0900,0.9075,-3.6006,0.0460,0.0460,0.3116
main-arch,463,42,160,-11.0900,0.8079,-3.6006,0.0460,0.0406,0.3116
main-arch,464,42,163,-11.0900,0.7084,-3.6006,0.0460,0.0352,0.3116
main-arch,465,42,166,-11.0900,0.6089,-3.6006,0.0460,0.0299,0.3116
main-arch,466,42,169,-11.0900,0.5094,-3.6006,0.0460,0.0245,0.3116
main-arch,467,42,172,-11.0900,0.4099,-3.6007,0.0460,0.0191,0.3116
main-arch,468,42,175,-11.0900,0.3104,-3.6007,0.0460,0.0137,0.3116
main-arch,469,42,178,-11.0900,0.2109,-3.6007,0.0460,0.0083,0.3116
main-arch,470,43,1,-9.8700,0.2097,2.6747,0.0920,0.0082,0.6766
main-arch,471,43,4,-9.8700,0.3068,2.6747,0.0920,0.0135,0.6766
main-arch,472,43,7,-9.8700,0.4039,2.6747,0.0920,0.0187,0.6766
main-arch,473,43,10,-9.8700,0.5011,2.6747,0.0920,0.0240,0.6766
main-arch,474,43,13,-9.8700,0.5982,2.6747,0.0920,0.0293,0.6766
main-arch,475,43,16,-9.8700,0.6954,2.6747,0.0920,0.0345,0.6766
main-arch,476,43,19,-9.8700,0.7925,2.6747,0.0920,0.0398,0.6766
main-arch,477,43,22,-9.8700,0.8896,2.6747,0.0920,0.0451,0.6766
main-arch,478,43,25,-9.8700,0.9868,2.6747,0.0920,0.0503,0.6766
main-arch,479,43,28,-9.8700,1.0839,2.6747,0.0920,0.0556,0.6766
main-arch,480,43,31,-9.8700,1.1811,2.6747,0.0920,0.0609,0.6766
main-arch,481,43,34,-9.8700,1.2782,2.6747,0.0920,0.0661,0.6766
main-arch,482,43,37,-9.8700,1.3753,2.6747,0.0920,0.0714,0.6766
main-arch,483,43,40,-9.8700,1.4725,2.6746,0.0920,0.0767,0.6766
main-arch,484,43,43,-9.8700,1.5696,2.6746,0.0920,0.0819,0.6766
main-arch,485,43,46,-9.8700,1.6668,2.6746,0.0920,0.0872,0.6766
main-arch,486,43,49,-9.8700,1.7639,2.6746,0.0920,0.0925,0.6766
main-arch,487,43,52,-9.8700,1.8610,2.6746,0.0920,0.0977,0.6766
main-arch,488,43,55,-9.8700,1.9582,2.6746,0.0920,0.1030,0.6766
main-arch,489,43,58,-9.8700,2.0553,2.6746,0.0920,0.1082,0.6766
main-arch,490,43,61,-9.8700,2.1525,2.6746,0.0920,0.1135,0.6766
main-arch,491,43,64,-9.8700,2.2496,2.6746,0.0920,0.1188,0.6766
main-arch,492,43,67,-9.8700,2.3467,2.6746,0.0920,0.1240,0.6766
main-arch,493,43,70,-9.8700,2.4439,2.6746,0.0920,0.1293,0.6766
main-arch,494,43,73,-9.8700,2.5410,2.6746,0.0920,0.1346,0.6766
main-arch,495,43,76,-9.8700,2.6382,2.6746,0.0920,0.1398,0.6766
main-arch,496,43,79,-9.8700,2.7353,2.6746,0.0920,0.1451,0.6766
main-arch,497,43,82,-9.8700,2.8324,2.6746,0.0920,0.1504,0.6766
main-arch,498,43,85,-9.8700,2.9296,2.6745,0.0920,0.1556,0.6766
main-arch,499,43,88,-9.8700,3.0267,2.6745,0.0920,0.1609,0.6766
main-arch,500,43,91,-9.8700,3.1239,2.6745,0.0920,0.1662,0.6766
main-arch,501,43,94,-9.8700,3.2210,2.6745,0.0920,0.1714,0.6766
main-arch,502,43,97,-9.8700,3.3181,2.6745,0.0920,0.1767,0.6766
main-arch,503,43,100,-9.8700,3.4153,2.6745,0.0920,0.1820,0.6766
main-arch,504,43,103,-9.8700,3.5124,2.6745,0.0920,0.1872,0.6766
main-arch,505,43,106,-9.8700,3.6096,2.6745,0.0920,0.1925,0.6766
main-arch,506,43,109,-9.8700,3.7067,2.6745,0.0920,0.1977,0.6766
main-arch,507,43,112,-9.8700,3.8038,2.6745,0.0920,0.2030,0.6766
main-arch,508,43,115,-9.8700,3.9010,2.6745,0.0920,0.2083,0.6766
main-arch,509,43,118,-9.8700,3.9981,2.6745,0.0920,0.2135,0.6766
main-arch,510,43,121,-9.8700,4.0953,2.6745,0.0920,0.2188,0.6766
main-arch,511,43,124,-9.8700,4.1924,2.6745,0.0920,0.2241,0.6766
main-arch,512,43,127,-9.8700,4.2895,2.6745,0.0920,0.2293,0.6766
main-arch,513,43,130,-9.8700,4.3867,2.6744,0.0920,0.2346,0.6766
main-arch,514,43,133,-9.8700,4.4838,2.6744,0.0920,0.2399,0.6766
main-arch,515,43,136,-9.8700,4.5810,2.6744,0.0920,0.2451,0.6766
main-arch,516,43,139,-9.8700,4.6781,2.6744,0.0920,0.2504,0.6766
main-arch,517,43,142,-9.8700,4.7752,2.6744,0.0920,0.2557,0.6766
main-arch,518,43,145,-9.8700,4.8724,2.6744,0.0920,0.2609,0.6766
main-arch,519,43,148,-9.8700,4.9695,2.6744,0.0920,0.2662,0.6766
main-arch,520,43,151,-9.8700,5.0667,2.6744,0.0920,0.2715,0.6766
main-arch,521,43,154,-9.8700,5.1638,2.6744,0.0920,0.2767,0.6766
main-arch,522,43,157,-9.8700,5.2609,2.6744,0.0920,0.2820,0.6766
main-arch,523,43,160,-9.8700,5.3581,2.6744,0.0920,0.2873,0.6766
main-arch,524,43,163,-9.8700,5.4552,2.6744,0.0920,0.2925,0.6766
main-arch,525,43,166,-9.8700,5.5524,2.6744,0.0920,0.2978,0.6766
main-arch,526,43,169,-9.8700,5.6495,2.6744,0.0920,0.3030,0.6766
main-arch,527,43,172,-9.8700,5.7466,2.6744,0.0920,0.3083,0.6766
main-arch,528,43,175,-9.8700,5.8438,2.6743,0.0920,0.3136,0.6766
main-arch,529,43,178,-9.8700,5.9409,2.6743,0.0920,0.3188,0.6766
main-arch,530,43,181,-9.8700,6.0381,2.6743,0.0920,0.3241,0.6766
main-arch,531,43,184,-9.8700,6.1347,2.6674,0.0920,0.3293,0.6762
main-arch,532,43,187,-9.8700,6.2309,2.6540,0.0920,0.3346,0.6754
main-arch,533,43,190,-9.8700,6.3271,2.6406,0.0920,0.3398,0.6746
main-arch,534,43,193,-9.8700,6.4234,2.6272,0.0920,0.3450,0.6738
main-arch,535,43,196,-9.8700,6.5186,2.6080,0.0920,0.3501,0.6727
main-arch,536,43,199,-9.8700,6.6138,2.5886,0.0920,0.3553,0.6716
main-arch,537,43,202,-9.8700,6.7080,2.5651,0.0920,0.3604,0.6702
main-arch,538,43,205,-9.8700,6.8016,2.5392,0.0920,0.3655,0.6687
main-arch,539,43,208,-9.8700,6.8940,2.5094,0.0920,0.3705,0.6670
main-arch,540,43,211,-9.8700,6.9864,2.4794,0.0920,0.3755,0.6652
main-arch,541,43,214,-9.8700,7.0788,2.4494,0.0920,0.3805,0.6635
main-arch,542,43,217,-9.8700,7.1712,2.4193,0.0920,0.3855,0.6617
main-arch,543,43,220,-9.8700,7.2571,2.3760,0.0920,0.3902,0.6592
main-arch,544,43,223,-9.8700,7.3458,2.3363,0.0920,0.3950,0.6569
main-arch,545,43,226,-9.8700,7.4349,2.2977,0.0920,0.3998,0.6547
main-arch,546,43,229,-9.8700,7.5220,2.2546,0.0920,0.4045,0.6522
main-arch,547,43,232,-9.8700,7.6074,2.2084,0.0920,0.4092,0.6495
main-arch,548,43,235,-9.8700,7.6921,2.1608,0.0920,0.4137,0.6467
main-arch,549,43,238,-9.8700,7.7758,2.1115,0.0920,0.4183,0.6438
main-arch,550,43,241,-9.8700,7.8579,2.0596,0.0920,0.4227,0.6408
main-arch,551,43,244,-9.8700,7.9391,2.0064,0.0920,0.4271,0.6377
main-arch,552,43,247,-9.8700,8.0207,1.9538,0.0920,0.4316,0.6347
main-arch,553,43,250,-9.8700,8.1001,1.8977,0.0920,0.4359,0.6314
main-arch,554,43,253,-9.8700,8.1807,1.8436,0.0920,0.4402,0.6283
main-arch,555,43,256,-9.8700,8.2523,1.7784,0.0920,0.4441,0.6245
main-arch,556,43,259,-9.8700,8.3307,1.7210,0.0920,0.4484,0.6211
main-arch,557,43,262,-9.8700,8.4053,1.6593,0.0920,0.4524,0.6175
main-arch,558,43,265,-9.8700,8.4772,1.5941,0.0920,0.4563,0.6137
main-arch,559,43,268,-9.8700,8.5529,1.5333,0.0920,0.4604,0.6102
main-arch,560,43,271,-9.8700,8.6069,1.4725,0.0920,0.4633,0.6067
main-arch,561,43,274,-9.8700,8.6825,1.4115,0.0920,0.4674,0.6031
main-arch,562,43,277,-9.8700,8.7343,1.3486,0.0920,0.4702,0.5995
main-arch,563,43,280,-9.8700,8.8085,1.2859,0.0920,0.4743,0.5958
main-arch,564,43,283,-9.8700,8.8572,1.2199,0.0920,0.4769,0.5920
main-arch,565,43,286,-9.8700,8.9243,1.1496,0.0920,0.4805,0.5879
main-arch,566,43,289,-9.8700,8.9899,1.0780,0.0920,0.4841,0.5837
main-arch,567,43,292,-9.8700,9.0538,1.0049,0.0920,0.4876,0.5795
main-arch,568,43,295,-9.8700,9.0979,0.9342,0.0920,0.4899,0.5754
main-arch,569,43,298,-9.8700,9.1636,0.8626,0.0920,0.4935,0.5712
main-arch,570,43,301,-9.8700,9.2261,0.7883,0.0920,0.4969,0.5669
main-arch,571,43,304,-9.8700,9.2859,0.7118,0.0920,0.5001,0.5624
main-arch,572,43,307,-9.8700,9.3251,0.6387,0.0920,0.5023,0.5582
main-arch,573,43,310,-9.8700,9.3861,0.5632,0.0920,0.5056,0.5538
main-arch,574,43,313,-9.8700,9.4430,0.4845,0.0920,0.5086,0.5492
main-arch,575,43,316,-9.8700,9.4969,0.4037,0.0920,0.5116,0.5445
main-arch,576,43,319,-9.8700,9.5492,0.3219,0.0920,0.5144,0.5398
main-arch,577,43,322,-9.8700,9.6008,0.2395,0.0920,0.5172,0.5350
main-arch,578,43,325,-9.8700,9.6507,0.1562,0.0920,0.5199,0.5301
main-arch,579,43,328,-9.8700,9.6999,0.0725,0.0920,0.5226,0.5253
main-arch,580,43,331,-9.8700,9.7489,-0.0114,0.0920,0.5252,0.5204
main-arch,581,43,334,-9.8700,9.7798,-0.0886,0.0920,0.5269,0.5159
main-arch,582,43,337,-9.8700,9.8330,-0.1698,0.0920,0.5298,0.5112
main-arch,583,43,340,-9.8700,9.8774,-0.2562,0.0920,0.5322,0.5061
main-arch,584,43,343,-9.8700,9.9210,-0.3430,0.0920,0.5346,0.5011
main-arch,585,43,346,-9.8700,9.9216,-0.4306,0.0920,0.5346,0.4960
main-arch,586,43,349,-9.8700,9.8774,-0.5171,0.0920,0.5322,0.4910
main-arch,587,43,352,-9.8700,9.8330,-0.6035,0.0920,0.5298,0.4859
main-arch,588,43,355,-9.8700,9.7798,-0.6847,0.0920,0.5269,0.4812
main-arch,589,43,358,-9.8700,9.7489,-0.7618,0.0920,0.5252,0.4767
main-arch,590,43,361,-9.8700,9.6999,-0.8457,0.0920,0.5226,0.4718
main-arch,591,43,364,-9.8700,9.6507,-0.9295,0.0920,0.5199,0.4670
main-arch,592,43,367,-9.8700,9.6008,-1.0128,0.0920,0.5172,0.4621
main-arch,593,43,370,-9.8700,9.5492,-1.0951,0.0920,0.5144,0.4573
main-arch,594,43,373,-9.8700,9.4969,-1.1770,0.0920,0.5116,0.4526
main-arch,595,43,376,-9.8700,9.4430,-1.2578,0.0920,0.5086,0.4479
main-arch,596,43,379,-9.8700,9.3862,-1.3364,0.0920,0.5056,0.4433
main-arch,597,43,382,-9.8700,9.3251,-1.4120,0.0920,0.5023,0.4389
main-arch,598,43,385,-9.8700,9.2859,-1.4851,0.0920,0.5001,0.4347
main-arch,599,43,388,-9.8700,9.2261,-1.5616,0.0920,0.4969,0.4302
main-arch,600,43,391,-9.8700,9.1636,-1.6359,0.0920,0.4935,0.4259
main-arch,601,43,394,-9.8700,9.0979,-1.7074,0.0920,0.4899,0.4217
main-arch,602,43,397,-9.8700,9.0538,-1.7782,0.0920,0.4876,0.4176
main-arch,603,43,400,-9.8700,8.9899,-1.8513,0.0920,0.4841,0.4134
main-arch,604,43,403,-9.8700,8.9243,-1.9229,0.0920,0.4805,0.4092
main-arch,605,43,406,-9.8700,8.8572,-1.9932,0.0920,0.4769,0.4051
main-arch,606,43,409,-9.8700,8.8085,-2.0592,0.0920,0.4743,0.4013
main-arch,607,43,412,-9.8700,8.7343,-2.1219,0.0920,0.4702,0.3976
main-arch,608,43,415,-9.8700,8.6825,-2.1847,0.0920,0.4674,0.3940
main-arch,609,43,418,-9.8700,8.6069,-2.2457,0.0920,0.4633,0.3904
main-arch,610,43,421,-9.8700,8.5529,-2.3066,0.0920,0.4604,0.3869
main-arch,611,43,424,-9.8700,8.4772,-2.3673,0.0920,0.4563,0.3834
main-arch,612,43,427,-9.8700,8.4053,-2.4325,0.0920,0.4524,0.3796
main-arch,613,43,430,-9.8700,8.3307,-2.4943,0.0920,0.4484,0.3760
main-arch,614,43,433,-9.8700,8.2523,-2.5517,0.0920,0.4441,0.3726
main-arch,615,43,436,-9.8700,8.1807,-2.6168,0.0920,0.4402,0.3688
main-arch,616,43,439,-9.8700,8.1001,-2.6710,0.0920,0.4359,0.3657
main-arch,617,43,442,-9.8700,8.0208,-2.7270,0.0920,0.4316,0.3624
main-arch,618,43,445,-9.8700,7.9391,-2.7797,0.0920,0.4271,0.3594
main-arch,619,43,448,-9.8700,7.8579,-2.8329,0.0920,0.4227,0.3563
main-arch,620,43,451,-9.8700,7.7758,-2.8848,0.0920,0.4183,0.3533
main-arch,621,43,454,-9.8700,7.6921,-2.9340,0.0920,0.4137,0.3504
main-arch,622,43,457,-9.8700,7.6074,-2.9817,0.0920,0.4092,0.3476
main-arch,623,43,460,-9.8700,7.5220,-3.0279,0.0920,0.4045,0.3449
main-arch,624,43,463,-9.8700,7.4349,-3.0709,0.0920,0.3998,0.3424
main-arch,625,43,466,-9.8700,7.3458,-3.1095,0.0920,0.3950,0.3402
main-arch,626,43,469,-9.8700,7.2572,-3.1493,0.0920,0.3902,0.3379
main-arch,627,43,472,-9.8700,7.1712,-3.1926,0.0920,0.3855,0.3354
main-arch,628,43,475,-9.8700,7.0788,-3.2227,0.0920,0.3805,0.3336
main-arch,629,43,478,-9.8700,6.9864,-3.2527,0.0920,0.3755,0.3319
main-arch,630,43,481,-9.8700,6.8940,-3.2826,0.0920,0.3705,0.3301
main-arch,631,43,484,-9.8700,6.8016,-3.3125,0.0920,0.3655,0.3284
main-arch,632,43,487,-9.8700,6.7080,-3.3384,0.0920,0.3604,0.3269
main-arch,633,43,490,-9.8700,6.6138,-3.3619,0.0920,0.3553,0.3255
main-arch,634,43,493,-9.8700,6.5186,-3.3813,0.0920,0.3501,0.3244
main-arch,635,43,496,-9.8700,6.4234,-3.4005,0.0920,0.3450,0.3233
main-arch,636,43,499,-9.8700,6.3272,-3.4138,0.0920,0.3398,0.3225
main-arch,637,43,502,-9.8700,6.2309,-3.4272,0.0920,0.3346,0.3217
main-arch,638,43,505,-9.8700,6.1347,-3.4406,0.0920,0.3293,0.3209
main-arch,639,43,508,-9.8700,6.0381,-3.4475,0.0920,0.3241,0.3205
main-arch,640,44,1,-9.8700,5.9409,-3.4475,0.0920,0.3188,0.3205
main-arch,641,44,4,-9.8700,5.8438,-3.4475,0.0920,0.3136,0.3205
main-arch,642,44,7,-9.8700,5.7466,-3.4475,0.0920,0.3083,0.3205
main-arch,643,44,10,-9.8700,5.6495,-3.4475,0.0920,0.3030,0.3205
main-arch,644,44,13,-9.8700,5.5524,-3.4476,0.0920,0.2978,0.3205
main-arch,645,44,16,-9.8700,5.4552,-3.4476,0.0920,0.2925,0.3205
main-arch,646,44,19,-9.8700,5.3581,-3.4476,0.0920,0.2873,0.3205
main-arch,647,44,22,-9.8700,5.2609,-3.4476,0.0920,0.2820,0.3205
main-arch,648,44,25,-9.8700,5.1638,-3.4476,0.0920,0.2767,0.3205
main-arch,649,44,28,-9.8700,5.0667,-3.4476,0.0920,0.2715,0.3205
main-arch,650,44,31,-9.8700,4.9695,-3.4476,0.0920,0.2662,0.3205
main-arch,651,44,34,-9.8700,4.8724,-3.4476,0.0920,0.2609,0.3205
main-arch,652,44,37,-9.8700,4.7752,-3.4476,0.0920,0.2557,0.3205
main-arch,653,44,40,-9.8700,4.6781,-3.4476,0.0920,0.2504,0.3205
main-arch,654,44,43,-9.8700,4.5810,-3.4476,0.0920,0.2451,0.3205
main-arch,655,44,46,-9.8700,4.4838,-3.4476,0.0920,0.2399,0.3205
main-arch,656,44,49,-9.8700,4.3867,-3.4477,0.0920,0.2346,0.3205
main-arch,657,44,52,-9.8700,4.2895,-3.4477,0.0920,0.2293,0.3205
main-arch,658,44,55,-9.8700,4.1924,-3.4477,0.0920,0.2241,0.3205
main-arch,659,44,58,-9.8700,4.0953,-3.4477,0.0920,0.2188,0.3205
main-arch,660,44,61,-9.8700,3.9981,-3.4477,0.0920,0.2135,0.3205
main-arch,661,44,64,-9.8700,3.9010,-3.4477,0.0920,0.2083,0.3205
main-arch,662,44,67,-9.8700,3.8038,-3.4477,0.0920,0.2030,0.3205
main-arch,663,44,70,-9.8700,3.7067,-3.4477,0.0920,0.1977,0.3205
main-arch,664,44,73,-9.8700,3.6096,-3.4477,0.0920,0.1925,0.3205
main-arch,665,44,76,-9.8700,3.5124,-3.4477,0.0920,0.1872,0.3205
main-arch,666,44,79,-9.8700,3.4153,-3.4477,0.0920,0.1820,0.3205
main-arch,667,44,82,-9.8700,3.3181,-3.4477,0.0920,0.1767,0.3205
main-arch,668,44,85,-9.8700,3.2210,-3.4478,0.0920,0.1714,0.3205
main-arch,669,44,88,-9.8700,3.1239,-3.4478,0.0920,0.1662,0.3205
main-arch,670,44,91,-9.8700,3.0267,-3.4478,0.0920,0.1609,0.3205
main-arch,671,44,94,-9.8700,2.9296,-3.4478,0.0920,0.1556,0.3205
main-arch,672,44,97,-9.8700,2.8324,-3.4478,0.0920,0.1504,0.3205
main-arch,673,44,100,-9.8700,2.7353,-3.4478,0.0920,0.1451,0.3205
main-arch,674,44,103,-9.8700,2.6382,-3.4478,0.0920,0.1398,0.3205
main-arch,675,44,106,-9.8700,2.5410,-3.4478,0.0920,0.1346,0.3205
main-arch,676,44,109,-9.8700,2.4439,-3.4478,0.0920,0.1293,0.3205
main-arch,677,44,112,-9.8700,2.3467,-3.4478,0.0920,0.1240,0.3205
main-arch,678,44,115,-9.8700,2.2496,-3.4478,0.0920,0.1188,0.3205
main-arch,679,44,118,-9.8700,2.1525,-3.4478,0.0920,0.1135,0.3205
main-arch,680,44,121,-9.8700,2.0553,-3.4479,0.0920,0.1082,0.3205
main-arch,681,44,124,-9.8700,1.9582,-3.4479,0.0920,0.1030,0.3205
main-arch,682,44,127,-9.8700,1.8610,-3.4479,0.0920,0.0977,0.3205
main-arch,683,44,130,-9.8700,1.7639,-3.4479,0.0920,0.0925,0.3205
main-arch,684,44,133,-9.8700,1.6668,-3.4479,0.0920,0.0872,0.3205
main-arch,685,44,136,-9.8700,1.5696,-3.4479,0.0920,0.0819,0.3205
main-arch,686,44,139,-9.8700,1.4725,-3.4479,0.0920,0.0767,0.3205
main-arch,687,44,142,-9.8700,1.3753,-3.4479,0.0920,0.0714,0.3205
main-arch,688,44,145,-9.8700,1.2782,-3.4479,0.0920,0.0661,0.3205
main-arch,689,44,148,-9.8700,1.1811,-3.4479,0.0920,0.0609,0.3205
main-arch,690,44,151,-9.8700,1.0839,-3.4479,0.0920,0.0556,0.3205
main-arch,691,44,154,-9.8700,0.9868,-3.4479,0.0920,0.0503,0.3205
main-arch,692,44,157,-9.8700,0.8896,-3.4480,0.0920,0.0451,0.3205
main-arch,693,44,160,-9.8700,0.7925,-3.4480,0.0920,0.0398,0.3205
main-arch,694,44,163,-9.8700,0.6954,-3.4480,0.0920,0.0345,0.3205
main-arch,695,44,166,-9.8700,0.5982,-3.4480,0.0920,0.0293,0.3205
main-arch,696,44,169,-9.8700,0.5011,-3.4480,0.0920,0.0240,0.3205
main-arch,697,44,172,-9.8700,0.4039,-3.4480,0.0920,0.0187,0.3205
main-arch,698,44,175,-9.8700,0.3068,-3.4480,0.0920,0.0135,0.3205
main-arch,699,44,178,-9.8700,0.2097,-3.4480,0.0920,0.0082,0.3205
main-arch,700,45,1,-8.6500,0.2110,2.5221,0.1380,0.0083,0.6677
main-arch,701,45,4,-8.6500,0.3107,2.5221,0.1380,0.0137,0.6677
main-arch,702,45,7,-8.6500,0.4104,2.5221,0.1380,0.0191,0.6677
main-arch,703,45,10,-8.6500,0.5101,2.5220,0.1380,0.0245,0.6677
main-arch,704,45,13,-8.6500,0.6098,2.5220,0.1380,0.0299,0.6677
main-arch,705,45,16,-8.6500,0.7096,2.5220,0.1380,0.0353,0.6677
main-arch,706,45,19,-8.6500,0.8093,2.5220,0.1380,0.0407,0.6677
main-arch,707,45,22,-8.6500,0.9090,2.5220,0.1380,0.0461,0.6677
main-arch,708,45,25,-8.6500,1.0087,2.5220,0.1380,0.0515,0.6677
main-arch,709,45,28,-8.6500,1.1084,2.5220,0.1380,0.0569,0.6677
main-arch,710,45,31,-8.6500,1.2082,2.5220,0.1380,0.0623,0.6677
main-arch,711,45,34,-8.6500,1.3079,2.5220,0.1380,0.0677,0.6677
main-arch,712,45,37,-8.6500,1.4076,2.5220,0.1380,0.0731,0.6677
main-arch,713,45,40,-8.6500,1.5073,2.5220,0.1380,0.0785,0.6677
main-arch,714,45,43,-8.6500,1.6070,2.5220,0.1380,0.0839,0.6677
main-arch,715,45,46,-8.6500,1.7067,2.5219,0.1380,0.0894,0.6677
main-arch,716,45,49,-8.6500,1.8065,2.5219,0.1380,0.0948,0.6677
main-arch,717,45,52,-8.6500,1.9062,2.5219,0.1380,0.1002,0.6677
main-arch,718,45,55,-8.6500,2.0059,2.5219,0.1380,0.1056,0.6677
main-arch,719,45,58,-8.6500,2.1056,2.5219,0.1380,0.1110,0.6677
main-arch,720,45,61,-8.6500,2.2053,2.5219,0.1380,0.1164,0.6677
main-arch,721,45,64,-8.6500,2.3051,2.5219,0.1380,0.1218,0.6677
main-arch,722,45,67,-8.6500,2.4048,2.5219,0.1380,0.1272,0.6677
main-arch,723,45,70,-8.6500,2.5045,2.5219,0.1380,0.1326,0.6677
main-arch,724,45,73,-8.6500,2.6042,2.5219,0.1380,0.1380,0.6677
main-arch,725,45,76,-8.6500,2.7039,2.5219,0.1380,0.1434,0.6677
main-arch,726,45,79,-8.6500,2.8037,2.5219,0.1380,0.1488,0.6677
main-arch,727,45,82,-8.6500,2.9034,2.5219,0.1380,0.1542,0.6677
main-arch,728,45,85,-8.6500,3.0031,2.5218,0.1380,0.1596,0.6677
main-arch,729,45,88,-8.6500,3.1028,2.5218,0.1380,0.1650,0.6677
main-arch,730,45,91,-8.6500,3.2025,2.5218,0.1380,0.1704,0.6677
main-arch,731,45,94,-8.6500,3.3023,2.5218,0.1380,0.1758,0.6677
main-arch,732,45,97,-8.6500,3.4020,2.5218,0.1380,0.1812,0.6677
main-arch,733,45,100,-8.6500,3.5017,2.5218,0.1380,0.1866,0.6677
main-arch,734,45,103,-8.6500,3.6014,2.5218,0.1380,0.1920,0.6677
main-arch,735,45,106,-8.6500,3.7011,2.5218,0.1380,0.1974,0.6677
main-arch,736,45,109,-8.6500,3.8009,2.5218,0.1380,0.2029,0.6677
main-arch,737,45,112,-8.6500,3.9006,2.5218,0.1380,0.2083,0.6677
main-arch,738,45,115,-8.6500,4.0003,2.5218,0.1380,0.2137,0.6677
main-arch,739,45,118,-8.6500,4.1000,2.5218,0.1380,0.2191,0.6677
main-arch,740,45,121,-8.6500,4.1997,2.5218,0.1380,0.2245,0.6677
main-arch,741,45,124,-8.6500,4.2995,2.5217,0.1380,0.2299,0.6677
main-arch,742,45,127,-8.6500,4.3992,2.5217,0.1380,0.2353,0.6677
main-arch,743,45,130,-8.6500,4.4989,2.5217,0.1380,0.2407,0.6677
main-arch,744,45,133,-8.6500,4.5986,2.5217,0.1380,0.2461,0.6677
main-arch,745,45,136,-8.6500,4.6983,2.5217,0.1380,0.2515,0.6677
main-arch,746,45,139,-8.6500,4.7981,2.5217,0.1380,0.2569,0.6677
main-arch,747,45,142,-8.6500,4.8978,2.5217,0.1380,0.2623,0.6677
main-arch,748,45,145,-8.6500,4.9975,2.5217,0.1380,0.2677,0.6677
main-arch,749,45,148,-8.6500,5.0972,2.5217,0.1380,0.2731,0.6677
main-arch,750,45,151,-8.6500,5.1969,2.5217,0.1380,0.2785,0.6677
main-arch,751,45,154,-8.6500,5.2967,2.5217,0.1380,0.2839,0.6677
main-arch,752,45,157,-8.6500,5.3964,2.5217,0.1380,0.2893,0.6677
main-arch,753,45,160,-8.6500,5.4961,2.5216,0.1380,0.2947,0.6677
main-arch,754,45,163,-8.6500,5.5958,2.5216,0.1380,0.3001,0.6677
main-arch,755,45,166,-8.6500,5.6955,2.5216,0.1380,0.3055,0.6677
main-arch,756,45,169,-8.6500,5.7952,2.5216,0.1380,0.3109,0.6677
main-arch,757,45,172,-8.6500,5.8950,2.5216,0.1380,0.3163,0.6677
main-arch,758,45,175,-8.6500,5.9947,2.5216,0.1380,0.3218,0.6677
main-arch,759,45,178,-8.6500,6.0942,2.5186,0.1380,0.3271,0.6675
main-arch,760,45,181,-8.6500,6.1930,2.5049,0.1380,0.3325,0.6667
main-arch,761,45,184,-8.6500,6.2918,2.4912,0.1380,0.3379,0.6659
main-arch,762,45,187,-8.6500,6.3905,2.4776,0.1380,0.3432,0.6651
main-arch,763,45,190,-8.6500,6.4883,2.4579,0.1380,0.3485,0.6640
main-arch,764,45,193,-8.6500,6.5860,2.4381,0.1380,0.3538,0.6628
main-arch,765,45,196,-8.6500,6.6826,2.4133,0.1380,0.3590,0.6614
main-arch,766,45,199,-8.6500,6.7784,2.3858,0.1380,0.3642,0.6598
main-arch,767,45,202,-8.6500,6.8734,2.3555,0.1380,0.3694,0.6580
main-arch,768,45,205,-8.6500,6.9689,2.3266,0.1380,0.3746,0.6563
main-arch,769,45,208,-8.6500,7.0626,2.2930,0.1380,0.3796,0.6544
main-arch,770,45,211,-8.6500,7.1546,2.2545,0.1380,0.3846,0.6522
main-arch,771,45,214,-8.6500,7.2454,2.2132,0.1380,0.3895,0.6498
main-arch,772,45,217,-8.6500,7.3366,2.1729,0.1380,0.3945,0.6474
main-arch,773,45,220,-8.6500,7.4265,2.1299,0.1380,0.3994,0.6449
main-arch,774,45,223,-8.6500,7.5181,2.0905,0.1380,0.4043,0.6426
main-arch,775,45,226,-8.6500,7.5892,2.0435,0.1380,0.4082,0.6399
main-arch,776,45,229,-8.6500,7.6797,2.0017,0.1380,0.4131,0.6375
main-arch,777,45,232,-8.6500,7.7468,1.9492,0.1380,0.4167,0.6344
main-arch,778,45,235,-8.6500,7.8315,1.8966,0.1380,0.4213,0.6313
main-arch,779,45,238,-8.6500,7.9146,1.8415,0.1380,0.4258,0.6281
main-arch,780,45,241,-8.6500,7.9787,1.7847,0.1380,0.4293,0.6248
main-arch,781,45,244,-8.6500,8.0670,1.7383,0.1380,0.4341,0.6221
main-arch,782,45,247,-8.6500,8.1299,1.6820,0.1380,0.4375,0.6189
main-arch,783,45,250,-8.6500,8.2106,1.6235,0.1380,0.4419,0.6155
main-arch,784,45,253,-8.6500,8.2844,1.5567,0.1380,0.4459,0.6116
main-arch,785,45,256,-8.6500,8.3622,1.4943,0.1380,0.4501,0.6079
main-arch,786,45,259,-8.6500,8.4201,1.4340,0.1380,0.4532,0.6044
main-arch,787,45,262,-8.6500,8.4970,1.3706,0.1380,0.4574,0.6007
main-arch,788,45,265,-8.6500,8.5688,1.3014,0.1380,0.4613,0.5967
main-arch,789,45,268,-8.6500,8.6394,1.2310,0.1380,0.4651,0.5926
main-arch,790,45,271,-8.6500,8.7089,1.1594,0.1380,0.4689,0.5885
main-arch,791,45,274,-8.6500,8.7799,1.0895,0.1380,0.4727,0.5844
main-arch,792,45,277,-8.6500,8.8516,1.0201,0.1380,0.4766,0.5804
main-arch,793,45,280,-8.6500,8.8965,0.9473,0.1380,0.4790,0.5761
main-arch,794,45,283,-8.6500,8.9630,0.8730,0.1380,0.4826,0.5718
main-arch,795,45,286,-8.6500,9.0306,0.7997,0.1380,0.4863,0.5675
main-arch,796,45,289,-8.6500,9.0764,0.7276,0.1380,0.4888,0.5634
main-arch,797,45,292,-8.6500,9.1380,0.6492,0.1380,0.4921,0.5588
main-arch,798,45,295,-8.6500,9.1802,0.5737,0.1380,0.4944,0.5544
main-arch,799,45,298,-8.6500,9.2433,0.4965,0.1380,0.4978,0.5499
main-arch,800,45,301,-8.6500,9.3038,0.4174,0.1380,0.5011,0.5453
main-arch,801,45,304,-8.6500,9.3591,0.3344,0.1380,0.5041,0.5405
main-arch,802,45,307,-8.6500,9.4132,0.2506,0.1380,0.5070,0.5356
main-arch,803,45,310,-8.6500,9.4661,0.1661,0.1380,0.5099,0.5307
main-arch,804,45,313,-8.6500,9.5175,0.0806,0.1380,0.5127,0.5257
main-arch,805,45,316,-8.6500,9.5681,-0.0053,0.1380,0.5154,0.5207
main-arch,806,45,319,-8.6500,9.6200,-0.0904,0.1380,0.5182,0.5158
main-arch,807,45,322,-8.6500,9.6536,-0.1678,0.1380,0.5201,0.5113
main-arch,808,45,325,-8.6500,9.7039,-0.2537,0.1380,0.5228,0.5063
main-arch,809,45,328,-8.6500,9.7497,-0.3423,0.1380,0.5253,0.5011
main-arch,810,45,331,-8.6500,9.7500,-0.4317,0.1380,0.5253,0.4959
main-arch,811,45,334,-8.6500,9.7037,-0.5201,0.1380,0.5228,0.4908
main-arch,812,45,337,-8.6500,9.6533,-0.6059,0.1380,0.5200,0.4858
main-arch,813,45,340,-8.6500,9.6197,-0.6833,0.1380,0.5182,0.4813
main-arch,814,45,343,-8.6500,9.5678,-0.7684,0.1380,0.5154,0.4763
main-arch,815,45,346,-8.6500,9.5172,-0.8544,0.1380,0.5127,0.4713
main-arch,816,45,349,-8.6500,9.4658,-0.9398,0.1380,0.5099,0.4664
main-arch,817,45,352,-8.6500,9.4129,-1.0244,0.1380,0.5070,0.4615
main-arch,818,45,355,-8.6500,9.3588,-1.1081,0.1380,0.5041,0.4566
main-arch,819,45,358,-8.6500,9.3035,-1.1911,0.1380,0.5011,0.4518
main-arch,820,45,361,-8.6500,9.2429,-1.2702,0.1380,0.4978,0.4472
main-arch,821,45,364,-8.6500,9.1798,-1.3474,0.1380,0.4944,0.4427
main-arch,822,45,367,-8.6500,9.1377,-1.4229,0.1380,0.4921,0.4383
main-arch,823,45,370,-8.6500,9.0761,-1.5014,0.1380,0.4888,0.4337
main-arch,824,45,373,-8.6500,9.0302,-1.5734,0.1380,0.4863,0.4295
main-arch,825,45,376,-8.6500,8.9626,-1.6467,0.1380,0.4826,0.4253
main-arch,826,45,379,-8.6500,8.8961,-1.7210,0.1380,0.4790,0.4209
main-arch,827,45,382,-8.6500,8.8512,-1.7938,0.1380,0.4766,0.4167
main-arch,828,45,385,-8.6500,8.7795,-1.8632,0.1380,0.4727,0.4127
main-arch,829,45,388,-8.6500,8.7085,-1.9331,0.1380,0.4688,0.4086
main-arch,830,45,391,-8.6500,8.6390,-2.0047,0.1380,0.4651,0.4044
main-arch,831,45,394,-8.6500,8.5684,-2.0750,0.1380,0.4612,0.4004
main-arch,832,45,397,-8.6500,8.4966,-2.1443,0.1380,0.4574,0.3963
main-arch,833,45,400,-8.6500,8.4197,-2.2076,0.1380,0.4532,0.3926
main-arch,834,45,403,-8.6500,8.3617,-2.2679,0.1380,0.4500,0.3891
main-arch,835,45,406,-8.6500,8.2840,-2.3304,0.1380,0.4458,0.3855
main-arch,836,45,409,-8.6500,8.2102,-2.3971,0.1380,0.4418,0.3816
main-arch,837,45,412,-8.6500,8.1294,-2.4556,0.1380,0.4374,0.3782
main-arch,838,45,415,-8.6500,8.0665,-2.5118,0.1380,0.4340,0.3749
main-arch,839,45,418,-8.6500,7.9782,-2.5583,0.1380,0.4293,0.3722
main-arch,840,45,421,-8.6500,7.9142,-2.6151,0.1380,0.4258,0.3689
main-arch,841,45,424,-8.6500,7.8310,-2.6701,0.1380,0.4213,0.3657
main-arch,842,45,427,-8.6500,7.7464,-2.7228,0.1380,0.4167,0.3627
main-arch,843,45,430,-8.6500,7.6792,-2.7751,0.1380,0.4130,0.3596
main-arch,844,45,433,-8.6500,7.5883,-2.8163,0.1380,0.4081,0.3572
main-arch,845,45,436,-8.6500,7.5180,-2.8635,0.1380,0.4043,0.3545
main-arch,846,45,439,-8.6500,7.4265,-2.9032,0.1380,0.3994,0.3522
main-arch,847,45,442,-8.6500,7.3366,-2.9462,0.1380,0.3945,0.3497
main-arch,848,45,445,-8.6500,7.2454,-2.9865,0.1380,0.3895,0.3473
main-arch,849,45,448,-8.6500,7.1546,-3.0278,0.1380,0.3846,0.3449
main-arch,850,45,451,-8.6500,7.0626,-3.0663,0.1380,0.3796,0.3427
main-arch,851,45,454,-8.6500,6.9689,-3.0999,0.1380,0.3746,0.3407
main-arch,852,45,457,-8.6500,6.8734,-3.1288,0.1380,0.3694,0.3391
main-arch,853,45,460,-8.6500,6.7784,-3.1590,0.1380,0.3642,0.3373
main-arch,854,45,463,-8.6500,6.6826,-3.1866,0.1380,0.3590,0.3357
main-arch,855,45,466,-8.6500,6.5860,-3.2113,0.1380,0.3538,0.3343
main-arch,856,45,469,-8.6500,6.4883,-3.2312,0.1380,0.3485,0.3331
main-arch,857,45,472,-8.6500,6.3905,-3.2508,0.1380,0.3432,0.3320
main-arch,858,45,475,-8.6500,6.2917,-3.2645,0.1380,0.3378,0.3312
main-arch,859,45,478,-8.6500,6.1930,-3.2782,0.1380,0.3325,0.3304
main-arch,860,45,481,-8.6500,6.0942,-3.2919,0.1380,0.3271,0.3296
main-arch,861,45,484,-8.6500,5.9947,-3.2950,0.1380,0.3218,0.3294
main-arch,862,45,487,-8.6500,5.8950,-3.2950,0.1380,0.3163,0.3294
main-arch,863,45,490,-8.6500,5.7952,-3.2950,0.1380,0.3109,0.3294
main-arch,864,45,493,-8.6500,5.6955,-3.2950,0.1380,0.3055,0.3294
main-arch,865,45,496,-8.6500,5.5958,-3.2950,0.1380,0.3001,0.3294
main-arch,866,45,499,-8.6500,5.4961,-3.2950,0.1380,0.2947,0.3294
main-arch,867,45,502,-8.6500,5.3964,-3.2950,0.1380,0.2893,0.3294
main-arch,868,45,505,-8.6500,5.2967,-3.2950,0.1380,0.2839,0.3294
main-arch,869,45,508,-8.6500,5.1969,-3.2950,0.1380,0.2785,0.3294
main-arch,870,46,1,-8.6500,5.0972,-3.2950,0.1380,0.2731,0.3294
main-arch,871,46,4,-8.6500,4.9975,-3.2950,0.1380,0.2677,0.3294
main-arch,872,46,7,-8.6500,4.8978,-3.2950,0.1380,0.2623,0.3294
main-arch,873,46,10,-8.6500,4.7981,-3.2950,0.1380,0.2569,0.3294
main-arch,874,46,13,-8.6500,4.6983,-3.2950,0.1380,0.2515,0.3294
main-arch,875,46,16,-8.6500,4.5986,-3.2951,0.1380,0.2461,0.3294
main-arch,876,46,19,-8.6500,4.4989,-3.2951,0.1380,0.2407,0.3294
main-arch,877,46,22,-8.6500,4.3992,-3.2951,0.1380,0.2353,0.3294
main-arch,878,46,25,-8.6500,4.2995,-3.2951,0.1380,0.2299,0.3294
main-arch,879,46,28,-8.6500,4.1997,-3.2951,0.1380,0.2245,0.3294
main-arch,880,46,31,-8.6500,4.1000,-3.2951,0.1380,0.2191,0.3294
main-arch,881,46,34,-8.6500,4.0003,-3.2951,0.1380,0.2137,0.3294
main-arch,882,46,37,-8.6500,3.9006,-3.2951,0.1380,0.2083,0.3294
main-arch,883,46,40,-8.6500,3.8009,-3.2951,0.1380,0.2029,0.3294
main-arch,884,46,43,-8.6500,3.7011,-3.2951,0.1380,0.1974,0.3294
main-arch,885,46,46,-8.6500,3.6014,-3.2951,0.1380,0.1920,0.3294
main-arch,886,46,49,-8.6500,3.5017,-3.2951,0.1380,0.1866,0.3294
main-arch,887,46,52,-8.6500,3.4020,-3.2951,0.1380,0.1812,0.3294
main-arch,888,46,55,-8.6500,3.3023,-3.2951,0.1380,0.1758,0.3294
main-arch,889,46,58,-8.6500,3.2025,-3.2951,0.1380,0.1704,0.3294
main-arch,890,46,61,-8.6500,3.1028,-3.2952,0.1380,0.1650,0.3294
main-arch,891,46,64,-8.6500,3.0031,-3.2952,0.1380,0.1596,0.3294
main-arch,892,46,67,-8.6500,2.9034,-3.2952,0.1380,0.1542,0.3294
main-arch,893,46,70,-8.6500,2.8037,-3.2952,0.1380,0.1488,0.3294
main-arch,894,46,73,-8.6500,2.7039,-3.2952,0.1380,0.1434,0.3294
main-arch,895,46,76,-8.6500,2.6042,-3.2952,0.1380,0.1380,0.3294
main-arch,896,46,79,-8.6500,2.5045,-3.2952,0.1380,0.1326,0.3294
main-arch,897,46,82,-8.6500,2.4048,-3.2952,0.1380,0.1272,0.3294
main-arch,898,46,85,-8.6500,2.3051,-3.2952,0.1380,0.1218,0.3294
main-arch,899,46,88,-8.6500,2.2053,-3.2952,0.1380,0.1164,0.3294
main-arch,900,46,91,-8.6500,2.1056,-3.2952,0.1380,0.1110,0.3294
main-arch,901,46,94,-8.6500,2.0059,-3.2952,0.1380,0.1056,0.3294
main-arch,902,46,97,-8.6500,1.9062,-3.2952,0.1380,0.1002,0.3294
main-arch,903,46,100,-8.6500,1.8065,-3.2952,0.1380,0.0948,0.3294
main-arch,904,46,103,-8.6500,1.7067,-3.2952,0.1380,0.0894,0.3294
main-arch,905,46,106,-8.6500,1.6070,-3.2952,0.1380,0.0839,0.3294
main-arch,906,46,109,-8.6500,1.5073,-3.2953,0.1380,0.0785,0.3294
main-arch,907,46,112,-8.6500,1.4076,-3.2953,0.1380,0.0731,0.3294
main-arch,908,46,115,-8.6500,1.3079,-3.2953,0.1380,0.0677,0.3294
main-arch,909,46,118,-8.6500,1.2082,-3.2953,0.1380,0.0623,0.3294
main-arch,910,46,121,-8.6500,1.1084,-3.2953,0.1380,0.0569,0.3294
main-arch,911,46,124,-8.6500,1.0087,-3.2953,0.1380,0.0515,0.3294
main-arch,912,46,127,-8.6500,0.9090,-3.2953,0.1380,0.0461,0.3294
main-arch,913,46,130,-8.6500,0.8093,-3.2953,0.1380,0.0407,0.3294
main-arch,914,46,133,-8.6500,0.7096,-3.2953,0.1380,0.0353,0.3294
main-arch,915,46,136,-8.6500,0.6098,-3.2953,0.1380,0.0299,0.3294
main-arch,916,46,139,-8.6500,0.5101,-3.2953,0.1380,0.0245,0.3294
main-arch,917,46,142,-8.6500,0.4104,-3.2953,0.1380,0.0191,0.3294
main-arch,918,46,145,-8.6500,0.3107,-3.2953,0.1380,0.0137,0.3294
main-arch,919,46,148,-8.6500,0.2110,-3.2953,0.1380,0.0083,0.3294
main-arch,920,47,1,-7.4300,0.2101,2.3694,0.1840,0.0082,0.6588
main-arch,921,47,4,-7.4300,0.3083,2.3694,0.1840,0.0136,0.6588
main-arch,922,47,7,-7.4300,0.4064,2.3694,0.1840,0.0189,0.6588
main-arch,923,47,10,-7.4300,0.5045,2.3694,0.1840,0.0242,0.6588
main-arch,924,47,13,-7.4300,0.6026,2.3694,0.1840,0.0295,0.6588
main-arch,925,47,16,-7.4300,0.7007,2.3694,0.1840,0.0348,0.6588
main-arch,926,47,19,-7.4300,0.7988,2.3694,0.1840,0.0401,0.6588
main-arch,927,47,22,-7.4300,0.8969,2.3694,0.1840,0.0455,0.6588
main-arch,928,47,25,-7.4300,0.9950,2.3694,0.1840,0.0508,0.6588
main-arch,929,47,28,-7.4300,1.0931,2.3694,0.1840,0.0561,0.6588
main-arch,930,47,31,-7.4300,1.1912,2.3694,0.1840,0.0614,0.6588
main-arch,931,47,34,-7.4300,1.2893,2.3694,0.1840,0.0667,0.6588
main-arch,932,47,37,-7.4300,1.3875,2.3694,0.1840,0.0721,0.6588
main-arch,933,47,40,-7.4300,1.4856,2.3694,0.1840,0.0774,0.6588
main-arch,934,47,43,-7.4300,1.5837,2.3694,0.1840,0.0827,0.6588
main-arch,935,47,46,-7.4300,1.6818,2.3693,0.1840,0.0880,0.6588
main-arch,936,47,49,-7.4300,1.7799,2.3693,0.1840,0.0933,0.6588
main-arch,937,47,52,-7.4300,1.8780,2.3693,0.1840,0.0986,0.6588
main-arch,938,47,55,-7.4300,1.9761,2.3693,0.1840,0.1040,0.6588
main-arch,939,47,58,-7.4300,2.0742,2.3693,0.1840,0.1093,0.6588
main-arch,940,47,61,-7.4300,2.1723,2.3693,0.1840,0.1146,0.6588
main-arch,941,47,64,-7.4300,2.2704,2.3693,0.1840,0.1199,0.6588
main-arch,942,47,67,-7.4300,2.3685,2.3693,0.1840,0.1252,0.6588
main-arch,943,47,70,-7.4300,2.4667,2.3693,0.1840,0.1305,0.6588
main-arch,944,47,73,-7.4300,2.5648,2.3693,0.1840,0.1359,0.6588
main-arch,945,47,76,-7.4300,2.6629,2.3693,0.1840,0.1412,0.6588
main-arch,946,47,79,-7.4300,2.7610,2.3693,0.1840,0.1465,0.6588
main-arch,947,47,82,-7.4300,2.8591,2.3693,0.1840,0.1518,0.6588
main-arch,948,47,85,-7.4300,2.9572,2.3693,0.1840,0.1571,0.6588
main-arch,949,47,88,-7.4300,3.0553,2.3693,0.1840,0.1624,0.6588
main-arch,950,47,91,-7.4300,3.1534,2.3693,0.1840,0.1678,0.6588
main-arch,951,47,94,-7.4300,3.2515,2.3693,0.1840,0.1731,0.6588
main-arch,952,47,97,-7.4300,3.3496,2.3693,0.1840,0.1784,0.6588
main-arch,953,47,100,-7.4300,3.4477,2.3693,0.1840,0.1837,0.6588
main-arch,954,47,103,-7.4300,3.5459,2.3693,0.1840,0.1890,0.6588
main-arch,955,47,106,-7.4300,3.6440,2.3693,0.1840,0.1943,0.6588
main-arch,956,47,109,-7.4300,3.7421,2.3693,0.1840,0.1997,0.6588
main-arch,957,47,112,-7.4300,3.8402,2.3693,0.1840,0.2050,0.6588
main-arch,958,47,115,-7.4300,3.9383,2.3693,0.1840,0.2103,0.6588
main-arch,959,47,118,-7.4300,4.0364,2.3693,0.1840,0.2156,0.6588
main-arch,960,47,121,-7.4300,4.1345,2.3693,0.1840,0.2209,0.6588
main-arch,961,47,124,-7.4300,4.2326,2.3693,0.1840,0.2263,0.6588
main-arch,962,47,127,-7.4300,4.3307,2.3693,0.1840,0.2316,0.6588
main-arch,963,47,130,-7.4300,4.4288,2.3693,0.1840,0.2369,0.6588
main-arch,964,47,133,-7.4300,4.5269,2.3693,0.1840,0.2422,0.6588
main-arch,965,47,136,-7.4300,4.6251,2.3692,0.1840,0.2475,0.6588
main-arch,966,47,139,-7.4300,4.7232,2.3692,0.1840,0.2528,0.6588
main-arch,967,47,142,-7.4300,4.8213,2.3692,0.1840,0.2582,0.6588
main-arch,968,47,145,-7.4300,4.9194,2.3692,0.1840,0.2635,0.6588
main-arch,969,47,148,-7.4300,5.0175,2.3692,0.1840,0.2688,0.6588
main-arch,970,47,151,-7.4300,5.1156,2.3692,0.1840,0.2741,0.6588
main-arch,971,47,154,-7.4300,5.2137,2.3692,0.1840,0.2794,0.6588
main-arch,972,47,157,-7.4300,5.3118,2.3692,0.1840,0.2847,0.6588
main-arch,973,47,160,-7.4300,5.4099,2.3692,0.1840,0.2901,0.6588
main-arch,974,47,163,-7.4300,5.5080,2.3692,0.1840,0.2954,0.6588
main-arch,975,47,166,-7.4300,5.6061,2.3692,0.1840,0.3007,0.6588
main-arch,976,47,169,-7.4300,5.7043,2.3692,0.1840,0.3060,0.6588
main-arch,977,47,172,-7.4300,5.8024,2.3692,0.1840,0.3113,0.6588
main-arch,978,47,175,-7.4300,5.9005,2.3692,0.1840,0.3166,0.6588
main-arch,979,47,178,-7.4300,5.9986,2.3692,0.1840,0.3220,0.6588
main-arch,980,47,181,-7.4300,6.0963,2.3639,0.1840,0.3273,0.6585
main-arch,981,47,184,-7.4300,6.1935,2.3502,0.1840,0.3325,0.6577
main-arch,982,47,187,-7.4300,6.2906,2.3364,0.1840,0.3378,0.6569
main-arch,983,47,190,-7.4300,6.3874,2.3209,0.1840,0.3430,0.6560
main-arch,984,47,193,-7.4300,6.4838,2.3022,0.1840,0.3483,0.6549
main-arch,985,47,196,-7.4300,6.5797,2.2820,0.1840,0.3535,0.6538
main-arch,986,47,199,-7.4300,6.6747,2.2572,0.1840,0.3586,0.6523
main-arch,987,47,202,-7.4300,6.7683,2.2282,0.1840,0.3637,0.6506
main-arch,988,47,205,-7.4300,6.8623,2.1999,0.1840,0.3688,0.6490
main-arch,989,47,208,-7.4300,6.9565,2.1727,0.1840,0.3739,0.6474
main-arch,990,47,211,-7.4300,7.0457,2.1322,0.1840,0.3787,0.6450
main-arch,991,47,214,-7.4300,7.1369,2.0959,0.1840,0.3837,0.6429
main-arch,992,47,217,-7.4300,7.2259,2.0547,0.1840,0.3885,0.6405
main-arch,993,47,220,-7.4300,7.3146,2.0128,0.1840,0.3933,0.6381
main-arch,994,47,223,-7.4300,7.4026,1.9695,0.1840,0.3981,0.6356
main-arch,995,47,226,-7.4300,7.4893,1.9237,0.1840,0.4028,0.6329
main-arch,996,47,229,-7.4300,7.5744,1.8747,0.1840,0.4074,0.6301
main-arch,997,47,232,-7.4300,7.6587,1.8246,0.1840,0.4119,0.6272
main-arch,998,47,235,-7.4300,7.7417,1.7723,0.1840,0.4164,0.6241
main-arch,999,47,238,-7.4300,7.8252,1.7210,0.1840,0.4210,0.6211
main-arch,1000,47,241,-7.4300,7.8991,1.6575,0.1840,0.4250,0.6174
main-arch,1001,47,244,-7.4300,7.9809,1.6033,0.1840,0.4294,0.6143
main-arch,1002,47,247,-7.4300,8.0622,1.5485,0.1840,0.4338,0.6111
main-arch,1003,47,250,-7.4300,8.1319,1.4918,0.1840,0.4376,0.6078
main-arch,1004,47,253,-7.4300,8.2001,1.4321,0.1840,0.4413,0.6043
main-arch,1005,47,256,-7.4300,8.2578,1.3737,0.1840,0.4444,0.6009
main-arch,1006,47,259,-7.4300,8.3361,1.3146,0.1840,0.4487,0.5975
main-arch,1007,47,262,-7.4300,8.3916,1.2542,0.1840,0.4517,0.5940
main-arch,1008,47,265,-7.4300,8.4693,1.1942,0.1840,0.4559,0.5905
main-arch,1009,47,268,-7.4300,8.5222,1.1294,0.1840,0.4587,0.5867
main-arch,1010,47,271,-7.4300,8.5915,1.0599,0.1840,0.4625,0.5827
main-arch,1011,47,274,-7.4300,8.6648,0.9949,0.1840,0.4665,0.5789
main-arch,1012,47,277,-7.4300,8.7155,0.9298,0.1840,0.4692,0.5751
main-arch,1013,47,280,-7.4300,8.7650,0.8641,0.1840,0.4719,0.5713
main-arch,1014,47,283,-7.4300,8.8310,0.7918,0.1840,0.4755,0.5671
main-arch,1015,47,286,-7.4300,8.8966,0.7189,0.1840,0.4790,0.5628
main-arch,1016,47,289,-7.4300,8.9575,0.6469,0.1840,0.4823,0.5587
main-arch,1017,47,292,-7.4300,9.0035,0.5733,0.1840,0.4848,0.5544
main-arch,1018,47,295,-7.4300,9.0505,0.4999,0.1840,0.4874,0.5501
main-arch,1019,47,298,-7.4300,9.1066,0.4251,0.1840,0.4904,0.5458
main-arch,1020,47,301,-7.4300,9.1511,0.3520,0.1840,0.4928,0.5415
main-arch,1021,47,304,-7.4300,9.2097,0.2761,0.1840,0.4960,0.5371
main-arch,1022,47,307,-7.4300,9.2502,0.2032,0.1840,0.4982,0.5329
main-arch,1023,47,310,-7.4300,9.3091,0.1260,0.1840,0.5014,0.5284
main-arch,1024,47,313,-7.4300,9.3469,0.0527,0.1840,0.5034,0.5241
main-arch,1025,47,316,-7.4300,9.4055,-0.0254,0.1840,0.5066,0.5196
main-arch,1026,47,319,-7.4300,9.4444,-0.0994,0.1840,0.5087,0.5153
main-arch,1027,47,322,-7.4300,9.4963,-0.1826,0.1840,0.5115,0.5104
main-arch,1028,47,325,-7.4300,9.5258,-0.2602,0.1840,0.5131,0.5059
main-arch,1029,47,328,-7.4300,9.5762,-0.3444,0.1840,0.5159,0.5010
main-arch,1030,47,331,-7.4300,9.5766,-0.4297,0.1840,0.5159,0.4960
main-arch,1031,47,334,-7.4300,9.5257,-0.5135,0.1840,0.5131,0.4912
main-arch,1032,47,337,-7.4300,9.4961,-0.5910,0.1840,0.5115,0.4867
main-arch,1033,47,340,-7.4300,9.4441,-0.6742,0.1840,0.5087,0.4818
main-arch,1034,47,343,-7.4300,9.4053,-0.7483,0.1840,0.5066,0.4775
main-arch,1035,47,346,-7.4300,9.3472,-0.8262,0.1840,0.5035,0.4730
main-arch,1036,47,349,-7.4300,9.3088,-0.8996,0.1840,0.5014,0.4687
main-arch,1037,47,352,-7.4300,9.2506,-0.9767,0.1840,0.4982,0.4642
main-arch,1038,47,355,-7.4300,9.2094,-1.0498,0.1840,0.4960,0.4600
main-arch,1039,47,358,-7.4300,9.1515,-1.1256,0.1840,0.4928,0.4556
main-arch,1040,47,361,-7.4300,9.1063,-1.1987,0.1840,0.4904,0.4513
main-arch,1041,47,364,-7.4300,9.0508,-1.2735,0.1840,0.4874,0.4470
main-arch,1042,47,367,-7.4300,9.0032,-1.3470,0.1840,0.4848,0.4427
main-arch,1043,47,370,-7.4300,8.9579,-1.4205,0.1840,0.4824,0.4384
main-arch,1044,47,373,-7.4300,8.8963,-1.4925,0.1840,0.4790,0.4342
main-arch,1045,47,376,-7.4300,8.8307,-1.5655,0.1840,0.4755,0.4300
main-arch,1046,47,379,-7.4300,8.7646,-1.6377,0.1840,0.4719,0.4258
main-arch,1047,47,382,-7.4300,8.7151,-1.7034,0.1840,0.4692,0.4220
main-arch,1048,47,385,-7.4300,8.6645,-1.7684,0.1840,0.4665,0.4182
main-arch,1049,47,388,-7.4300,8.5910,-1.8334,0.1840,0.4625,0.4144
main-arch,1050,47,391,-7.4300,8.5214,-1.9025,0.1840,0.4587,0.4104
main-arch,1051,47,394,-7.4300,8.4691,-1.9673,0.1840,0.4559,0.4066
main-arch,1052,47,397,-7.4300,8.3916,-2.0274,0.1840,0.4517,0.4031
main-arch,1053,47,400,-7.4300,8.3361,-2.0879,0.1840,0.4487,0.3996
main-arch,1054,47,403,-7.4300,8.2578,-2.1470,0.1840,0.4444,0.3962
main-arch,1055,47,406,-7.4300,8.2001,-2.2053,0.1840,0.4413,0.3928
main-arch,1056,47,409,-7.4300,8.1318,-2.2650,0.1840,0.4376,0.3893
main-arch,1057,47,412,-7.4300,8.0622,-2.3218,0.1840,0.4338,0.3860
main-arch,1058,47,415,-7.4300,7.9808,-2.3765,0.1840,0.4294,0.3828
main-arch,1059,47,418,-7.4300,7.8991,-2.4308,0.1840,0.4250,0.3797
main-arch,1060,47,421,-7.4300,7.8252,-2.4943,0.1840,0.4210,0.3760
main-arch,1061,47,424,-7.4300,7.7417,-2.5455,0.1840,0.4164,0.3730
main-arch,1062,47,427,-7.4300,7.6587,-2.5979,0.1840,0.4119,0.3699
main-arch,1063,47,430,-7.4300,7.5743,-2.6480,0.1840,0.4074,0.3670
main-arch,1064,47,433,-7.4300,7.4893,-2.6969,0.1840,0.4028,0.3642
main-arch,1065,47,436,-7.4300,7.4026,-2.7428,0.1840,0.3981,0.3615
main-arch,1066,47,439,-7.4300,7.3146,-2.7861,0.1840,0.3933,0.3590
main-arch,1067,47,442,-7.4300,7.2259,-2.8280,0.1840,0.3885,0.3566
main-arch,1068,47,445,-7.4300,7.1369,-2.8692,0.1840,0.3837,0.3542
main-arch,1069,47,448,-7.4300,7.0457,-2.9055,0.1840,0.3787,0.3520
main-arch,1070,47,451,-7.4300,6.9565,-2.9459,0.1840,0.3739,0.3497
main-arch,1071,47,454,-7.4300,6.8623,-2.9732,0.1840,0.3688,0.3481
main-arch,1072,47,457,-7.4300,6.7683,-3.0014,0.1840,0.3637,0.3465
main-arch,1073,47,460,-7.4300,6.6746,-3.0305,0.1840,0.3586,0.3448
main-arch,1074,47,463,-7.4300,6.5797,-3.0553,0.1840,0.3535,0.3433
main-arch,1075,47,466,-7.4300,6.4837,-3.0755,0.1840,0.3483,0.3422
main-arch,1076,47,469,-7.4300,6.3874,-3.0941,0.1840,0.3430,0.3411
main-arch,1077,47,472,-7.4300,6.2906,-3.1097,0.1840,0.3378,0.3402
main-arch,1078,47,475,-7.4300,6.1935,-3.1235,0.1840,0.3325,0.3394
main-arch,1079,47,478,-7.4300,6.0963,-3.1372,0.1840,0.3273,0.3386
main-arch,1080,47,481,-7.4300,5.9986,-3.1426,0.1840,0.3220,0.3383
main-arch,1081,47,484,-7.4300,5.9005,-3.1426,0.1840,0.3166,0.3383
main-arch,1082,47,487,-7.4300,5.8024,-3.1426,0.1840,0.3113,0.3383
main-arch,1083,47,490,-7.4300,5.7043,-3.1426,0.1840,0.3060,0.3383
main-arch,1084,47,493,-7.4300,5.6061,-3.1426,0.1840,0.3007,0.3383
main-arch,1085,47,496,-7.4300,5.5080,-3.1426,0.1840,0.2954,0.3383
main-arch,1086,47,499,-7.4300,5.4099,-3.1426,0.1840,0.2901,0.3383
main-arch,1087,47,502,-7.4300,5.3118,-3.1426,0.1840,0.2847,0.3383
main-arch,1088,47,505,-7.4300,5.2137,-3.1426,0.1840,0.2794,0.3383
main-arch,1089,47,508,-7.4300,5.1156,-3.1426,0.1840,0.2741,0.3383
main-arch,1090,48,1,-7.4300,5.0175,-3.1426,0.1840,0.2688,0.3383
main-arch,1091,48,4,-7.4300,4.9194,-3.1426,0.1840,0.2635,0.3383
main-arch,1092,48,7,-7.4300,4.8213,-3.1426,0.1840,0.2582,0.3383
main-arch,1093,48,10,-7.4300,4.7232,-3.1426,0.1840,0.2528,0.3383
main-arch,1094,48,13,-7.4300,4.6251,-3.1426,0.1840,0.2475,0.3383
main-arch,1095,48,16,-7.4300,4.5269,-3.1426,0.1840,0.2422,0.3383
main-arch,1096,48,19,-7.4300,4.4288,-3.1426,0.1840,0.2369,0.3383
main-arch,1097,48,22,-7.4300,4.3307,-3.1426,0.1840,0.2316,0.3383
main-arch,1098,48,25,-7.4300,4.2326,-3.1426,0.1840,0.2263,0.3383
main-arch,1099,48,28,-7.4300,4.1345,-3.1426,0.1840,0.2209,0.3383
main-arch,1100,48,31,-7.4300,4.0364,-3.1426,0.1840,0.2156,0.3383
main-arch,1101,48,34,-7.4300,3.9383,-3.1426,0.1840,0.2103,0.3383
main-arch,1102,48,37,-7.4300,3.8402,-3.1426,0.1840,0.2050,0.3383
main-arch,1103,48,40,-7.4300,3.7421,-3.1426,0.1840,0.1997,0.3383
main-arch,1104,48,43,-7.4300,3.6440,-3.1426,0.1840,0.1943,0.3383
main-arch,1105,48,46,-7.4300,3.5459,-3.1426,0.1840,0.1890,0.3383
main-arch,1106,48,49,-7.4300,3.4477,-3.1426,0.1840,0.1837,0.3383
main-arch,1107,48,52,-7.4300,3.3496,-3.1426,0.1840,0.1784,0.3383
main-arch,1108,48,55,-7.4300,3.2515,-3.1426,0.1840,0.1731,0.3383
main-arch,1109,48,58,-7.4300,3.1534,-3.1426,0.1840,0.1678,0.3383
main-arch,1110,48,61,-7.4300,3.0553,-3.1426,0.1840,0.1624,0.3383
main-arch,1111,48,64,-7.4300,2.9572,-3.1426,0.1840,0.1571,0.3383
main-arch,1112,48,67,-7.4300,2.8591,-3.1426,0.1840,0.1518,0.3383
main-arch,1113,48,70,-7.4300,2.7610,-3.1426,0.1840,0.1465,0.3383
main-arch,1114,48,73,-7.4300,2.6629,-3.1426,0.1840,0.1412,0.3383
main-arch,1115,48,76,-7.4300,2.5648,-3.1426,0.1840,0.1359,0.3383
main-arch,1116,48,79,-7.4300,2.4667,-3.1426,0.1840,0.1305,0.3383
main-arch,1117,48,82,-7.4300,2.3685,-3.1426,0.1840,0.1252,0.3383
main-arch,1118,48,85,-7.4300,2.2704,-3.1426,0.1840,0.1199,0.3383
main-arch,1119,48,88,-7.4300,2.1723,-3.1426,0.1840,0.1146,0.3383
main-arch,1120,48,91,-7.4300,2.0742,-3.1426,0.1840,0.1093,0.3383
main-arch,1121,48,94,-7.4300,1.9761,-3.1426,0.1840,0.1040,0.3383
main-arch,1122,48,97,-7.4300,1.8780,-3.1426,0.1840,0.0986,0.3383
main-arch,1123,48,100,-7.4300,1.7799,-3.1426,0.1840,0.0933,0.3383
main-arch,1124,48,103,-7.4300,1.6818,-3.1426,0.1840,0.0880,0.3383
main-arch,1125,48,106,-7.4300,1.5837,-3.1426,0.1840,0.0827,0.3383
main-arch,1126,48,109,-7.4300,1.4856,-3.1426,0.1840,0.0774,0.3383
main-arch,1127,48,112,-7.4300,1.3875,-3.1426,0.1840,0.0721,0.3383
main-arch,1128,48,115,-7.4300,1.2893,-3.1427,0.1840,0.0667,0.3383
main-arch,1129,48,118,-7.4300,1.1912,-3.1427,0.1840,0.0614,0.3383
main-arch,1130,48,121,-7.4300,1.0931,-3.1427,0.1840,0.0561,0.3383
main-arch,1131,48,124,-7.4300,0.9950,-3.1427,0.1840,0.0508,0.3383
main-arch,1132,48,127,-7.4300,0.8969,-3.1427,0.1840,0.0455,0.3383
main-arch,1133,48,130,-7.4300,0.7988,-3.1427,0.1840,0.0401,0.3383
main-arch,1134,48,133,-7.4300,0.7007,-3.1427,0.1840,0.0348,0.3383
main-arch,1135,48,136,-7.4300,0.6026,-3.1427,0.1840,0.0295,0.3383
main-arch,1136,48,139,-7.4300,0.5045,-3.1427,0.1840,0.0242,0.3383
main-arch,1137,48,142,-7.4300,0.4064,-3.1427,0.1840,0.0189,0.3383
main-arch,1138,48,145,-7.4300,0.3083,-3.1427,0.1840,0.0136,0.3383
main-arch,1139,48,148,-7.4300,0.2101,-3.1427,0.1840,0.0082,0.3383
mini-arch-left,1140,7,1,-11.0690,0.0581,-4.6075,0.0468,0.0000,0.2531
mini-arch-left,1141,7,4,-11.0690,0.1743,-4.6059,0.0468,0.0063,0.2532
mini-arch-left,1142,7,7,-11.0690,0.2905,-4.6044,0.0468,0.0126,0.2532
mini-arch-left,1143,7,10,-11.0690,0.4067,-4.6028,0.0468,0.0189,0.2533
mini-arch-left,1144,7,13,-11.0690,0.5229,-4.6012,0.0468,0.0252,0.2534
mini-arch-left,1145,7,16,-11.0690,0.6392,-4.5996,0.0468,0.0315,0.2535
mini-arch-left,1146,7,19,-11.0690,0.7554,-4.5980,0.0468,0.0378,0.2536
mini-arch-left,1147,7,22,-11.0690,0.8716,-4.5964,0.0468,0.0441,0.2537
mini-arch-left,1148,7,25,-11.0690,0.9878,-4.5948,0.0468,0.0504,0.2538
mini-arch-left,1149,7,28,-11.0690,1.1040,-4.5933,0.0468,0.0567,0.2539
mini-arch-left,1150,7,31,-11.0690,1.2202,-4.5917,0.0468,0.0630,0.2540
mini-arch-left,1151,7,34,-11.0690,1.3364,-4.5901,0.0468,0.0693,0.2541
mini-arch-left,1152,7,37,-11.0690,1.4526,-4.5885,0.0468,0.0756,0.2542
mini-arch-left,1153,7,40,-11.0690,1.5688,-4.5869,0.0468,0.0819,0.2543
mini-arch-left,1154,7,43,-11.0690,1.6850,-4.5853,0.0468,0.0882,0.2544
mini-arch-left,1155,7,46,-11.0690,1.8012,-4.5838,0.0468,0.0945,0.2544
mini-arch-left,1156,7,49,-11.0690,1.9175,-4.5822,0.0468,0.1008,0.2545
mini-arch-left,1157,7,52,-11.0690,2.0337,-4.5806,0.0468,0.1071,0.2546
mini-arch-left,1158,7,55,-11.0690,2.1499,-4.5790,0.0468,0.1134,0.2547
mini-arch-left,1159,7,58,-11.0690,2.2661,-4.5774,0.0468,0.1197,0.2548
mini-arch-left,1160,7,61,-11.0690,2.3823,-4.5758,0.0468,0.1260,0.2549
mini-arch-left,1161,7,64,-11.0690,2.4985,-4.5742,0.0468,0.1323,0.2550
mini-arch-left,1162,7,67,-11.0690,2.6122,-4.5843,0.0468,0.1384,0.2544
mini-arch-left,1163,7,70,-11.0690,2.7232,-4.6160,0.0468,0.1444,0.2526
mini-arch-left,1164,7,73,-11.0690,2.8302,-4.6257,0.0468,0.1502,0.2520
mini-arch-left,1165,7,76,-11.0690,2.9458,-4.6375,0.0468,0.1565,0.2513
mini-arch-left,1166,7,79,-11.0690,3.0614,-4.6516,0.0468,0.1628,0.2505
mini-arch-left,1167,7,82,-11.0690,3.1764,-4.6702,0.0468,0.1690,0.2494
mini-arch-left,1168,7,85,-11.0690,3.2907,-4.6963,0.0468,0.1752,0.2479
mini-arch-left,1169,7,88,-11.0690,3.4023,-4.7251,0.0468,0.1812,0.2462
mini-arch-left,1170,7,91,-11.0690,3.5154,-4.7537,0.0468,0.1874,0.2446
mini-arch-left,1171,7,94,-11.0690,3.6272,-4.7851,0.0468,0.1934,0.2427
mini-arch-left,1172,7,97,-11.0690,3.7391,-4.8257,0.0468,0.1995,0.2404
mini-arch-left,1173,7,100,-11.0690,3.8418,-4.8591,0.0468,0.2051,0.2384
mini-arch-left,1174,7,103,-11.0690,3.9568,-4.8857,0.0468,0.2113,0.2369
mini-arch-left,1175,7,106,-11.0690,3.9887,-4.9187,0.0468,0.2130,0.2350
mini-arch-left,1176,7,109,-11.0690,4.0749,-4.9493,0.0468,0.2177,0.2332
mini-arch-left,1177,7,112,-11.0690,4.1653,-4.9855,0.0468,0.2226,0.2311
mini-arch-left,1178,7,115,-11.0690,4.2266,-5.0261,0.0468,0.2259,0.2287
mini-arch-left,1179,7,118,-11.0690,4.2939,-5.0635,0.0468,0.2296,0.2265
mini-arch-left,1180,7,121,-11.0690,4.4016,-5.1099,0.0468,0.2354,0.2238
mini-arch-left,1181,7,124,-11.0690,4.4964,-5.1645,0.0468,0.2405,0.2207
mini-arch-left,1182,7,127,-11.0690,4.6003,-5.2241,0.0468,0.2462,0.2172
mini-arch-left,1183,7,130,-11.0690,4.6926,-5.2783,0.0468,0.2512,0.2140
mini-arch-left,1184,7,133,-11.0690,4.7996,-5.3290,0.0468,0.2570,0.2111
mini-arch-left,1185,7,136,-11.0690,4.8602,-5.3875,0.0468,0.2603,0.2077
mini-arch-left,1186,7,139,-11.0690,4.9219,-5.4447,0.0468,0.2636,0.2044
mini-arch-left,1187,7,142,-11.0690,4.9849,-5.4948,0.0468,0.2670,0.2015
mini-arch-left,1188,7,145,-11.0690,5.0837,-5.5443,0.0468,0.2724,0.1986
mini-arch-left,1189,7,148,-11.0690,5.1373,-5.6051,0.0468,0.2753,0.1950
mini-arch-left,1190,7,151,-11.0690,5.1871,-5.6553,0.0468,0.2780,0.1921
mini-arch-left,1191,7,154,-11.0690,5.2960,-5.7039,0.0468,0.2839,0.1893
mini-arch-left,1192,7,157,-11.0690,5.2960,-5.7473,0.0468,0.2839,0.1868
mini-arch-left,1193,7,160,-11.0690,5.3975,-5.7892,0.0468,0.2894,0.1843
mini-arch-left,1194,7,163,-11.0690,5.4029,-5.8354,0.0468,0.2897,0.1816
mini-arch-left,1195,7,166,-11.0690,5.4796,-5.8812,0.0468,0.2938,0.1790
mini-arch-left,1196,7,169,-11.0690,5.4884,-5.9292,0.0468,0.2943,0.1762
mini-arch-left,1197,7,172,-11.0690,5.5571,-5.9732,0.0468,0.2980,0.1736
mini-arch-left,1198,7,175,-11.0690,5.5958,-6.0214,0.0468,0.3001,0.1708
mini-arch-left,1199,7,178,-11.0690,5.6336,-6.0692,0.0468,0.3022,0.1680
mini-arch-left,1200,7,181,-11.0690,5.6764,-6.1175,0.0468,0.3045,0.1652
mini-arch-left,1201,7,184,-11.0690,5.7090,-6.1664,0.0468,0.3063,0.1624
mini-arch-left,1202,7,187,-11.0690,5.7723,-6.2203,0.0468,0.3097,0.1593
mini-arch-left,1203,7,190,-11.0690,5.7703,-6.2728,0.0468,0.3096,0.1562
mini-arch-left,1204,7,193,-11.0690,5.8646,-6.3259,0.0468,0.3147,0.1531
mini-arch-left,1205,7,196,-11.0690,5.8471,-6.3739,0.0468,0.3138,0.1503
mini-arch-left,1206,7,199,-11.0690,5.9576,-6.4248,0.0468,0.3197,0.1474
mini-arch-left,1207,7,202,-11.0690,5.9575,-6.4756,0.0468,0.3197,0.1444
mini-arch-left,1208,7,205,-11.0690,5.8470,-6.5236,0.0468,0.3137,0.1416
mini-arch-left,1209,7,208,-11.0690,5.8644,-6.5767,0.0468,0.3147,0.1385
mini-arch-left,1210,7,211,-11.0690,5.7705,-6.6292,0.0468,0.3096,0.1355
mini-arch-left,1211,7,214,-11.0690,5.7722,-6.6831,0.0468,0.3097,0.1323
mini-arch-left,1212,7,217,-11.0690,5.7091,-6.7320,0.0468,0.3063,0.1295
mini-arch-left,1213,7,220,-11.0690,5.6762,-6.7803,0.0468,0.3045,0.1267
mini-arch-left,1214,7,223,-11.0690,5.6337,-6.8281,0.0468,0.3022,0.1239
mini-arch-left,1215,7,226,-11.0690,5.5957,-6.8763,0.0468,0.3001,0.1211
mini-arch-left,1216,7,229,-11.0690,5.5572,-6.9203,0.0468,0.2980,0.1185
mini-arch-left,1217,7,232,-11.0690,5.4883,-6.9683,0.0468,0.2943,0.1158
mini-arch-left,1218,7,235,-11.0690,5.4797,-7.0141,0.0468,0.2938,0.1131
mini-arch-left,1219,7,238,-11.0690,5.4028,-7.0603,0.0468,0.2897,0.1104
mini-arch-left,1220,7,241,-11.0690,5.3976,-7.1022,0.0468,0.2894,0.1080
mini-arch-left,1221,7,244,-11.0690,5.2960,-7.1456,0.0468,0.2839,0.1054
mini-arch-left,1222,7,247,-11.0690,5.2959,-7.1942,0.0468,0.2839,0.1026
mini-arch-left,1223,7,250,-11.0690,5.1870,-7.2444,0.0468,0.2780,0.0997
mini-arch-left,1224,7,253,-11.0690,5.1373,-7.3052,0.0468,0.2753,0.0962
mini-arch-left,1225,7,256,-11.0690,5.0837,-7.3547,0.0468,0.2724,0.0933
mini-arch-left,1226,7,259,-11.0690,4.9850,-7.4048,0.0468,0.2670,0.0904
mini-arch-left,1227,7,262,-11.0690,4.9218,-7.4621,0.0468,0.2636,0.0870
mini-arch-left,1228,7,265,-11.0690,4.8601,-7.5205,0.0468,0.2603,0.0836
mini-arch-left,1229,7,268,-11.0690,4.7995,-7.5712,0.0468,0.2570,0.0807
mini-arch-left,1230,7,271,-11.0690,4.6926,-7.6254,0.0468,0.2512,0.0775
mini-arch-left,1231,7,274,-11.0690,4.6002,-7.6850,0.0468,0.2462,0.0741
mini-arch-left,1232,7,277,-11.0690,4.4963,-7.7396,0.0468,0.2405,0.0709
mini-arch-left,1233,7,280,-11.0690,4.4016,-7.7860,0.0468,0.2354,0.0682
mini-arch-left,1234,7,283,-11.0690,4.2938,-7.8234,0.0468,0.2296,0.0660
mini-arch-left,1235,7,286,-11.0690,4.2265,-7.8640,0.0468,0.2259,0.0637
mini-arch-left,1236,7,289,-11.0690,4.1652,-7.9002,0.0468,0.2226,0.0616
mini-arch-left,1237,7,292,-11.0690,4.0750,-7.9308,0.0468,0.2177,0.0598
mini-arch-left,1238,7,295,-11.0690,3.9886,-7.9638,0.0468,0.2130,0.0579
mini-arch-left,1239,7,298,-11.0690,3.9567,-7.9904,0.0468,0.2113,0.0563
mini-arch-left,1240,7,301,-11.0690,3.8417,-8.0238,0.0468,0.2051,0.0544
mini-arch-left,1241,7,304,-11.0690,3.7390,-8.0644,0.0468,0.1995,0.0520
mini-arch-left,1242,7,307,-11.0690,3.6271,-8.0958,0.0468,0.1934,0.0502
mini-arch-left,1243,7,310,-11.0690,3.5153,-8.1244,0.0468,0.1874,0.0485
mini-arch-left,1244,7,313,-11.0690,3.4022,-8.1532,0.0468,0.1812,0.0468
mini-arch-left,1245,7,316,-11.0690,3.2906,-8.1793,0.0468,0.1752,0.0453
mini-arch-left,1246,7,319,-11.0690,3.1763,-8.1979,0.0468,0.1690,0.0442
mini-arch-left,1247,7,322,-11.0690,3.0613,-8.2120,0.0468,0.1628,0.0434
mini-arch-left,1248,7,325,-11.0690,2.9457,-8.2238,0.0468,0.1565,0.0427
mini-arch-left,1249,7,328,-11.0690,2.8301,-8.2626,0.0468,0.1502,0.0405
mini-arch-left,1250,7,331,-11.0690,2.7231,-8.2993,0.0468,0.1444,0.0383
mini-arch-left,1251,7,334,-11.0690,2.6122,-8.3310,0.0468,0.1384,0.0365
mini-arch-left,1252,7,337,-11.0690,2.4985,-8.3413,0.0468,0.1323,0.0359
mini-arch-left,1253,7,340,-11.0690,2.3823,-8.3397,0.0468,0.1260,0.0360
mini-arch-left,1254,7,343,-11.0690,2.2661,-8.3381,0.0468,0.1197,0.0361
mini-arch-left,1255,7,346,-11.0690,2.1499,-8.3365,0.0468,0.1134,0.0362
mini-arch-left,1256,7,349,-11.0690,2.0337,-8.3349,0.0468,0.1071,0.0363
mini-arch-left,1257,7,352,-11.0690,1.9175,-8.3333,0.0468,0.1008,0.0364
mini-arch-left,1258,7,355,-11.0690,1.8012,-8.3317,0.0468,0.0945,0.0365
mini-arch-left,1259,7,358,-11.0690,1.6850,-8.3301,0.0468,0.0882,0.0366
mini-arch-left,1260,7,361,-11.0690,1.5688,-8.3286,0.0468,0.0819,0.0366
mini-arch-left,1261,7,364,-11.0690,1.4526,-8.3270,0.0468,0.0756,0.0367
mini-arch-left,1262,7,367,-11.0690,1.3364,-8.3254,0.0468,0.0693,0.0368
mini-arch-left,1263,7,370,-11.0690,1.2202,-8.3238,0.0468,0.0630,0.0369
mini-arch-left,1264,7,373,-11.0690,1.1040,-8.3222,0.0468,0.0567,0.0370
mini-arch-left,1265,7,376,-11.0690,0.9878,-8.3206,0.0468,0.0504,0.0371
mini-arch-left,1266,7,379,-11.0690,0.8716,-8.3190,0.0468,0.0441,0.0372
mini-arch-left,1267,7,382,-11.0690,0.7554,-8.3174,0.0468,0.0378,0.0373
mini-arch-left,1268,7,385,-11.0690,0.6392,-8.3158,0.0468,0.0315,0.0374
mini-arch-left,1269,7,388,-11.0690,0.5229,-8.3142,0.0468,0.0252,0.0375
mini-arch-left,1270,7,391,-11.0690,0.4067,-8.3126,0.0468,0.0189,0.0376
mini-arch-left,1271,7,394,-11.0690,0.2905,-8.3110,0.0468,0.0126,0.0377
mini-arch-left,1272,7,397,-11.0690,0.1743,-8.3094,0.0468,0.0063,0.0378
mini-arch-left,1273,7,400,-11.0690,0.0581,-8.3078,0.0468,0.0000,0.0379
mini-arch-left,1274,9,1,-9.8490,0.0583,-4.9123,0.0928,0.0000,0.2353
mini-arch-left,1275,9,4,-9.8490,0.1748,-4.9106,0.0928,0.0063,0.2354
mini-arch-left,1276,9,7,-9.8490,0.2913,-4.9090,0.0928,0.0126,0.2355
mini-arch-left,1277,9,10,-9.8490,0.4078,-4.9073,0.0928,0.0190,0.2356
mini-arch-left,1278,9,13,-9.8490,0.5244,-4.9057,0.0928,0.0253,0.2357
mini-arch-left,1279,9,16,-9.8490,0.6409,-4.9040,0.0928,0.0316,0.2358
mini-arch-left,1280,9,19,-9.8490,0.7574,-4.9024,0.0928,0.0379,0.2359
mini-arch-left,1281,9,22,-9.8490,0.8739,-4.9007,0.0928,0.0442,0.2360
mini-arch-left,1282,9,25,-9.8490,0.9905,-4.8991,0.0928,0.0505,0.2361
mini-arch-left,1283,9,28,-9.8490,1.1070,-4.8974,0.0928,0.0568,0.2362
mini-arch-left,1284,9,31,-9.8490,1.2235,-4.8958,0.0928,0.0632,0.2363
mini-arch-left,1285,9,34,-9.8490,1.3400,-4.8941,0.0928,0.0695,0.2364
mini-arch-left,1286,9,37,-9.8490,1.4566,-4.8925,0.0928,0.0758,0.2365
mini-arch-left,1287,9,40,-9.8490,1.5731,-4.8908,0.0928,0.0821,0.2366
mini-arch-left,1288,9,43,-9.8490,1.6896,-4.8892,0.0928,0.0884,0.2367
mini-arch-left,1289,9,46,-9.8490,1.8061,-4.8875,0.0928,0.0947,0.2368
mini-arch-left,1290,9,49,-9.8490,1.9227,-4.8858,0.0928,0.1011,0.2369
mini-arch-left,1291,9,52,-9.8490,2.0392,-4.8842,0.0928,0.1074,0.2370
mini-arch-left,1292,9,55,-9.8490,2.1557,-4.8825,0.0928,0.1137,0.2371
mini-arch-left,1293,9,58,-9.8490,2.2722,-4.8809,0.0928,0.1200,0.2372
mini-arch-left,1294,9,61,-9.8490,2.3888,-4.8792,0.0928,0.1263,0.2373
mini-arch-left,1295,9,64,-9.8490,2.5053,-4.8776,0.0928,0.1326,0.2374
mini-arch-left,1296,9,67,-9.8490,2.6172,-4.8968,0.0928,0.1387,0.2362
mini-arch-left,1297,9,70,-9.8490,2.7302,-4.9237,0.0928,0.1448,0.2347
mini-arch-left,1298,9,73,-9.8490,2.8405,-4.9356,0.0928,0.1508,0.2340
mini-arch-left,1299,9,76,-9.8490,2.9563,-4.9474,0.0928,0.1571,0.2333
mini-arch-left,1300,9,79,-9.8490,3.0723,-4.9641,0.0928,0.1634,0.2323
mini-arch-left,1301,9,82,-9.8490,3.1867,-4.9886,0.0928,0.1696,0.2309
mini-arch-left,1302,9,85,-9.8490,3.2998,-5.0132,0.0928,0.1757,0.2295
mini-arch-left,1303,9,88,-9.8490,3.4141,-5.0440,0.0928,0.1819,0.2277
mini-arch-left,1304,9,91,-9.8490,3.5223,-5.0778,0.0928,0.1878,0.2257
mini-arch-left,1305,9,94,-9.8490,3.6323,-5.1113,0.0928,0.1937,0.2238
mini-arch-left,1306,9,97,-9.8490,3.7393,-5.1481,0.0928,0.1995,0.2216
mini-arch-left,1307,9,100,-9.8490,3.8490,-5.1847,0.0928,0.2055,0.2195
mini-arch-left,1308,9,103,-9.8490,3.9530,-5.2241,0.0928,0.2111,0.2172
mini-arch-left,1309,9,106,-9.8490,4.0386,-5.2656,0.0928,0.2157,0.2148
mini-arch-left,1310,9,109,-9.8490,4.1243,-5.3142,0.0928,0.2204,0.2120
mini-arch-left,1311,9,112,-9.8490,4.2127,-5.3591,0.0928,0.2252,0.2093
mini-arch-left,1312,9,115,-9.8490,4.2683,-5.3944,0.0928,0.2282,0.2073
mini-arch-left,1313,9,118,-9.8490,4.3629,-5.4355,0.0928,0.2333,0.2049
mini-arch-left,1314,9,121,-9.8490,4.4573,-5.4878,0.0928,0.2384,0.2019
mini-arch-left,1315,9,124,-9.8490,4.5340,-5.5486,0.0928,0.2426,0.1983
mini-arch-left,1316,9,127,-9.8490,4.6276,-5.6090,0.0928,0.2477,0.1948
mini-arch-left,1317,9,130,-9.8490,4.6945,-5.6620,0.0928,0.2513,0.1917
mini-arch-left,1318,9,133,-9.8490,4.7822,-5.7102,0.0928,0.2560,0.1889
mini-arch-left,1319,9,136,-9.8490,4.8704,-5.7628,0.0928,0.2608,0.1859
mini-arch-left,1320,9,139,-9.8490,4.9386,-5.8216,0.0928,0.2645,0.1824
mini-arch-left,1321,9,142,-9.8490,4.9714,-5.8675,0.0928,0.2663,0.1798
mini-arch-left,1322,9,145,-9.8490,5.0424,-5.9069,0.0928,0.2701,0.1775
mini-arch-left,1323,9,148,-9.8490,5.1016,-5.9636,0.0928,0.2733,0.1742
mini-arch-left,1324,9,151,-9.8490,5.1581,-6.0250,0.0928,0.2764,0.1706
mini-arch-left,1325,9,154,-9.8490,5.1776,-6.0645,0.0928,0.2775,0.1683
mini-arch-left,1326,9,157,-9.8490,5.2800,-6.1073,0.0928,0.2830,0.1658
mini-arch-left,1327,9,160,-9.8490,5.2587,-6.1488,0.0928,0.2819,0.1634
mini-arch-left,1328,9,163,-9.8490,5.3734,-6.1879,0.0928,0.2881,0.1611
mini-arch-left,1329,9,166,-9.8490,5.3699,-6.2431,0.0928,0.2879,0.1579
mini-arch-left,1330,9,169,-9.8490,5.4143,-6.2884,0.0928,0.2903,0.1553
mini-arch-left,1331,9,172,-9.8490,5.4813,-6.3361,0.0928,0.2939,0.1525
mini-arch-left,1332,9,175,-9.8490,5.4672,-6.3799,0.0928,0.2932,0.1500
mini-arch-left,1333,9,178,-9.8490,5.5686,-6.4264,0.0928,0.2987,0.1473
mini-arch-left,1334,9,181,-9.8490,5.5685,-6.4728,0.0928,0.2987,0.1446
mini-arch-left,1335,9,184,-9.8490,5.4673,-6.5167,0.0928,0.2932,0.1420
mini-arch-left,1336,9,187,-9.8490,5.4812,-6.5644,0.0928,0.2939,0.1392
mini-arch-left,1337,9,190,-9.8490,5.4144,-6.6097,0.0928,0.2903,0.1366
mini-arch-left,1338,9,193,-9.8490,5.3698,-6.6649,0.0928,0.2879,0.1334
mini-arch-left,1339,9,196,-9.8490,5.3733,-6.7040,0.0928,0.2881,0.1311
mini-arch-left,1340,9,199,-9.8490,5.2585,-6.7455,0.0928,0.2819,0.1287
mini-arch-left,1341,9,202,-9.8490,5.2799,-6.7883,0.0928,0.2830,0.1262
mini-arch-left,1342,9,205,-9.8490,5.1777,-6.8278,0.0928,0.2775,0.1239
mini-arch-left,1343,9,208,-9.8490,5.1580,-6.8892,0.0928,0.2764,0.1204
mini-arch-left,1344,9,211,-9.8490,5.1015,-6.9459,0.0928,0.2733,0.1171
mini-arch-left,1345,9,214,-9.8490,5.0425,-6.9853,0.0928,0.2701,0.1148
mini-arch-left,1346,9,217,-9.8490,4.9713,-7.0312,0.0928,0.2663,0.1121
mini-arch-left,1347,9,220,-9.8490,4.9385,-7.0900,0.0928,0.2645,0.1087
mini-arch-left,1348,9,223,-9.8490,4.8702,-7.1426,0.0928,0.2608,0.1056
mini-arch-left,1349,9,226,-9.8490,4.7823,-7.1908,0.0928,0.2560,0.1028
mini-arch-left,1350,9,229,-9.8490,4.6944,-7.2438,0.0928,0.2513,0.0997
mini-arch-left,1351,9,232,-9.8490,4.6275,-7.3042,0.0928,0.2477,0.0962
mini-arch-left,1352,9,235,-9.8490,4.5339,-7.3650,0.0928,0.2426,0.0927
mini-arch-left,1353,9,238,-9.8490,4.4572,-7.4172,0.0928,0.2384,0.0896
mini-arch-left,1354,9,241,-9.8490,4.3629,-7.4584,0.0928,0.2333,0.0873
mini-arch-left,1355,9,244,-9.8490,4.2682,-7.4937,0.0928,0.2282,0.0852
mini-arch-left,1356,9,247,-9.8490,4.2126,-7.5386,0.0928,0.2252,0.0826
mini-arch-left,1357,9,250,-9.8490,4.1241,-7.5872,0.0928,0.2204,0.0798
mini-arch-left,1358,9,253,-9.8490,4.0385,-7.6287,0.0928,0.2157,0.0773
mini-arch-left,1359,9,256,-9.8490,3.9529,-7.6681,0.0928,0.2111,0.0751
mini-arch-left,1360,9,259,-9.8490,3.8490,-7.7047,0.0928,0.2055,0.0729
mini-arch-left,1361,9,262,-9.8490,3.7392,-7.7415,0.0928,0.1995,0.0708
mini-arch-left,1362,9,265,-9.8490,3.6322,-7.7750,0.0928,0.1937,0.0688
mini-arch-left,1363,9,268,-9.8490,3.5222,-7.8088,0.0928,0.1877,0.0669
mini-arch-left,1364,9,271,-9.8490,3.4140,-7.8396,0.0928,0.1819,0.0651
mini-arch-left,1365,9,274,-9.8490,3.2997,-7.8642,0.0928,0.1757,0.0637
mini-arch-left,1366,9,277,-9.8490,3.1866,-7.8887,0.0928,0.1696,0.0622
mini-arch-left,1367,9,280,-9.8490,3.0722,-7.9053,0.0928,0.1634,0.0613
mini-arch-left,1368,9,283,-9.8490,2.9562,-7.9172,0.0928,0.1571,0.0606
mini-arch-left,1369,9,286,-9.8490,2.8404,-7.9546,0.0928,0.1508,0.0584
mini-arch-left,1370,9,289,-9.8490,2.7301,-7.9916,0.0928,0.1448,0.0562
mini-arch-left,1371,9,292,-9.8490,2.6171,-8.0185,0.0928,0.1387,0.0547
mini-arch-left,1372,9,295,-9.8490,2.5053,-8.0380,0.0928,0.1326,0.0535
mini-arch-left,1373,9,298,-9.8490,2.3888,-8.0363,0.0928,0.1263,0.0536
mini-arch-left,1374,9,301,-9.8490,2.2722,-8.0347,0.0928,0.1200,0.0537
mini-arch-left,1375,9,304,-9.8490,2.1557,-8.0330,0.0928,0.1137,0.0538
mini-arch-left,1376,9,307,-9.8490,2.0392,-8.0313,0.0928,0.1074,0.0539
mini-arch-left,1377,9,310,-9.8490,1.9227,-8.0297,0.0928,0.1011,0.0540
mini-arch-left,1378,9,313,-9.8490,1.8061,-8.0280,0.0928,0.0947,0.0541
mini-arch-left,1379,9,316,-9.8490,1.6896,-8.0263,0.0928,0.0884,0.0542
mini-arch-left,1380,9,319,-9.8490,1.5731,-8.0247,0.0928,0.0821,0.0543
mini-arch-left,1381,9,322,-9.8490,1.4566,-8.0230,0.0928,0.0758,0.0544
mini-arch-left,1382,9,325,-9.8490,1.3400,-8.0213,0.0928,0.0695,0.0545
mini-arch-left,1383,9,328,-9.8490,1.2235,-8.0197,0.0928,0.0632,0.0546
mini-arch-left,1384,9,331,-9.8490,1.1070,-8.0180,0.0928,0.0568,0.0547
mini-arch-left,1385,9,334,-9.8490,0.9905,-8.0163,0.0928,0.0505,0.0548
mini-arch-left,1386,9,337,-9.8490,0.8739,-8.0147,0.0928,0.0442,0.0549
mini-arch-left,1387,9,340,-9.8490,0.7574,-8.0130,0.0928,0.0379,0.0550
mini-arch-left,1388,9,343,-9.8490,0.6409,-8.0113,0.0928,0.0316,0.0551
mini-arch-left,1389,9,346,-9.8490,0.5244,-8.0097,0.0928,0.0253,0.0552
mini-arch-left,1390,9,349,-9.8490,0.4078,-8.0080,0.0928,0.0190,0.0553
mini-arch-left,1391,9,352,-9.8490,0.2913,-8.0063,0.0928,0.0126,0.0554
mini-arch-left,1392,9,355,-9.8490,0.1748,-8.0047,0.0928,0.0063,0.0555
mini-arch-left,1393,9,358,-9.8490,0.0583,-8.0030,0.0928,0.0000,0.0556
mini-arch-left,1394,10,1,-8.6300,0.0587,-5.2170,0.1387,0.0000,0.2176
mini-arch-left,1395,10,4,-8.6300,0.1761,-5.2153,0.1387,0.0064,0.2177
mini-arch-left,1396,10,7,-8.6300,0.2935,-5.2135,0.1387,0.0128,0.2178
mini-arch-left,1397,10,10,-8.6300,0.4110,-5.2117,0.1387,0.0191,0.2179
mini-arch-left,1398,10,13,-8.6300,0.5284,-5.2100,0.1387,0.0255,0.2180
mini-arch-left,1399,10,16,-8.6300,0.6458,-5.2082,0.1387,0.0319,0.2181
mini-arch-left,1400,10,19,-8.6300,0.7632,-5.2064,0.1387,0.0382,0.2182
mini-arch-left,1401,10,22,-8.6300,0.8806,-5.2047,0.1387,0.0446,0.2183
mini-arch-left,1402,10,25,-8.6300,0.9981,-5.2029,0.1387,0.0509,0.2184
mini-arch-left,1403,10,28,-8.6300,1.1155,-5.2011,0.1387,0.0573,0.2185
mini-arch-left,1404,10,31,-8.6300,1.2329,-5.1994,0.1387,0.0637,0.2186
mini-arch-left,1405,10,34,-8.6300,1.3503,-5.1976,0.1387,0.0700,0.2187
mini-arch-left,1406,10,37,-8.6300,1.4677,-5.1958,0.1387,0.0764,0.2188
mini-arch-left,1407,10,40,-8.6300,1.5852,-5.1941,0.1387,0.0828,0.2189
mini-arch-left,1408,10,43,-8.6300,1.7026,-5.1923,0.1387,0.0891,0.2190
mini-arch-left,1409,10,46,-8.6300,1.8200,-5.1905,0.1387,0.0955,0.2192
mini-arch-left,1410,10,49,-8.6300,1.9374,-5.1888,0.1387,0.1019,0.2193
mini-arch-left,1411,10,52,-8.6300,2.0548,-5.1870,0.1387,0.1082,0.2194
mini-arch-left,1412,10,55,-8.6300,2.1723,-5.1852,0.1387,0.1146,0.2195
mini-arch-left,1413,10,58,-8.6300,2.2897,-5.1835,0.1387,0.1209,0.2196
mini-arch-left,1414,10,61,-8.6300,2.4071,-5.1817,0.1387,0.1273,0.2197
mini-arch-left,1415,10,64,-8.6300,2.5245,-5.1799,0.1387,0.1337,0.2198
mini-arch-left,1416,10,67,-8.6300,2.6350,-5.2101,0.1387,0.1397,0.2180
mini-arch-left,1417,10,70,-8.6300,2.7499,-5.2334,0.1387,0.1459,0.2167
mini-arch-left,1418,10,73,-8.6300,2.8600,-5.2480,0.1387,0.1519,0.2158
mini-arch-left,1419,10,76,-8.6300,2.9768,-5.2640,0.1387,0.1582,0.2149
mini-arch-left,1420,10,79,-8.6300,3.0923,-5.2817,0.1387,0.1644,0.2138
mini-arch-left,1421,10,82,-8.6300,3.2088,-5.3071,0.1387,0.1708,0.2124
mini-arch-left,1422,10,85,-8.6300,3.3205,-5.3398,0.1387,0.1768,0.2105
mini-arch-left,1423,10,88,-8.6300,3.4339,-5.3744,0.1387,0.1830,0.2085
mini-arch-left,1424,10,91,-8.6300,3.5370,-5.4037,0.1387,0.1886,0.2068
mini-arch-left,1425,10,94,-8.6300,3.6465,-5.4278,0.1387,0.1945,0.2054
mini-arch-left,1426,10,97,-8.6300,3.7098,-5.4608,0.1387,0.1979,0.2034
mini-arch-left,1427,10,100,-8.6300,3.8060,-5.5031,0.1387,0.2031,0.2010
mini-arch-left,1428,10,103,-8.6300,3.9090,-5.5508,0.1387,0.2087,0.1982
mini-arch-left,1429,10,106,-8.6300,4.0080,-5.5955,0.1387,0.2141,0.1956
mini-arch-left,1430,10,109,-8.6300,4.1135,-5.6302,0.1387,0.2198,0.1936
mini-arch-left,1431,10,112,-8.6300,4.1499,-5.6664,0.1387,0.2218,0.1915
mini-arch-left,1432,10,115,-8.6300,4.2115,-5.7044,0.1387,0.2251,0.1893
mini-arch-left,1433,10,118,-8.6300,4.2388,-5.7348,0.1387,0.2266,0.1875
mini-arch-left,1434,10,121,-8.6300,4.3523,-5.7716,0.1387,0.2327,0.1854
mini-arch-left,1435,10,124,-8.6300,4.4082,-5.8156,0.1387,0.2358,0.1828
mini-arch-left,1436,10,127,-8.6300,4.4634,-5.8598,0.1387,0.2388,0.1802
mini-arch-left,1437,10,130,-8.6300,4.5179,-5.9057,0.1387,0.2417,0.1776
mini-arch-left,1438,10,133,-8.6300,4.5869,-5.9592,0.1387,0.2455,0.1744
mini-arch-left,1439,10,136,-8.6300,4.6792,-6.0145,0.1387,0.2505,0.1712
mini-arch-left,1440,10,139,-8.6300,4.7582,-6.0751,0.1387,0.2547,0.1677
mini-arch-left,1441,10,142,-8.6300,4.8266,-6.1359,0.1387,0.2584,0.1642
mini-arch-left,1442,10,145,-8.6300,4.8957,-6.1868,0.1387,0.2622,0.1612
mini-arch-left,1443,10,148,-8.6300,4.9708,-6.2393,0.1387,0.2663,0.1582
mini-arch-left,1444,10,151,-8.6300,4.9993,-6.2949,0.1387,0.2678,0.1549
mini-arch-left,1445,10,154,-8.6300,5.0266,-6.3479,0.1387,0.2693,0.1518
mini-arch-left,1446,10,157,-8.6300,5.0847,-6.3868,0.1387,0.2724,0.1496
mini-arch-left,1447,10,160,-8.6300,5.1635,-6.4292,0.1387,0.2767,0.1471
mini-arch-left,1448,10,163,-8.6300,5.1635,-6.4717,0.1387,0.2767,0.1446
mini-arch-left,1449,10,166,-8.6300,5.0847,-6.5105,0.1387,0.2724,0.1424
mini-arch-left,1450,10,169,-8.6300,5.0266,-6.5636,0.1387,0.2693,0.1393
mini-arch-left,1451,10,172,-8.6300,4.9993,-6.6191,0.1387,0.2678,0.1361
mini-arch-left,1452,10,175,-8.6300,4.9708,-6.6716,0.1387,0.2663,0.1330
mini-arch-left,1453,10,178,-8.6300,4.8957,-6.7226,0.1387,0.2622,0.1300
mini-arch-left,1454,10,181,-8.6300,4.8266,-6.7834,0.1387,0.2584,0.1265
mini-arch-left,1455,10,184,-8.6300,4.7582,-6.8439,0.1387,0.2547,0.1230
mini-arch-left,1456,10,187,-8.6300,4.6792,-6.8993,0.1387,0.2505,0.1198
mini-arch-left,1457,10,190,-8.6300,4.5869,-6.9528,0.1387,0.2455,0.1167
mini-arch-left,1458,10,193,-8.6300,4.5179,-6.9986,0.1387,0.2417,0.1140
mini-arch-left,1459,10,196,-8.6300,4.4634,-7.0428,0.1387,0.2388,0.1114
mini-arch-left,1460,10,199,-8.6300,4.4082,-7.0869,0.1387,0.2358,0.1089
mini-arch-left,1461,10,202,-8.6300,4.3523,-7.1236,0.1387,0.2327,0.1067
mini-arch-left,1462,10,205,-8.6300,4.2388,-7.1541,0.1387,0.2266,0.1050
mini-arch-left,1463,10,208,-8.6300,4.2115,-7.1921,0.1387,0.2251,0.1027
mini-arch-left,1464,10,211,-8.6300,4.1499,-7.2282,0.1387,0.2218,0.1006
mini-arch-left,1465,10,214,-8.6300,4.1134,-7.2630,0.1387,0.2198,0.0986
mini-arch-left,1466,10,217,-8.6300,4.0080,-7.3077,0.1387,0.2141,0.0960
mini-arch-left,1467,10,220,-8.6300,3.9090,-7.3554,0.1387,0.2087,0.0932
mini-arch-left,1468,10,223,-8.6300,3.8060,-7.3976,0.1387,0.2031,0.0908
mini-arch-left,1469,10,226,-8.6300,3.7098,-7.4306,0.1387,0.1979,0.0889
mini-arch-left,1470,10,229,-8.6300,3.6464,-7.4548,0.1387,0.1945,0.0875
mini-arch-left,1471,10,232,-8.6300,3.5370,-7.4840,0.1387,0.1886,0.0858
mini-arch-left,1472,10,235,-8.6300,3.4339,-7.5187,0.1387,0.1830,0.0837
mini-arch-left,1473,10,238,-8.6300,3.3205,-7.5514,0.1387,0.1768,0.0818
mini-arch-left,1474,10,241,-8.6300,3.2088,-7.5768,0.1387,0.1708,0.0804
mini-arch-left,1475,10,244,-8.6300,3.0923,-7.5944,0.1387,0.1644,0.0793
mini-arch-left,1476,10,247,-8.6300,2.9768,-7.6104,0.1387,0.1582,0.0784
mini-arch-left,1477,10,250,-8.6300,2.8600,-7.6448,0.1387,0.1519,0.0764
mini-arch-left,1478,10,253,-8.6300,2.7500,-7.6818,0.1387,0.1459,0.0743
mini-arch-left,1479,10,256,-8.6300,2.6350,-7.7052,0.1387,0.1397,0.0729
mini-arch-left,1480,10,259,-8.6300,2.5245,-7.7353,0.1387,0.1337,0.0711
mini-arch-left,1481,10,262,-8.6300,2.4071,-7.7336,0.1387,0.1273,0.0712
mini-arch-left,1482,10,265,-8.6300,2.2897,-7.7318,0.1387,0.1209,0.0714
mini-arch-left,1483,10,268,-8.6300,2.1723,-7.7300,0.1387,0.1146,0.0715
mini-arch-left,1484,10,271,-8.6300,2.0548,-7.7283,0.1387,0.1082,0.0716
mini-arch-left,1485,10,274,-8.6300,1.9374,-7.7265,0.1387,0.1019,0.0717
mini-arch-left,1486,10,277,-8.6300,1.8200,-7.7247,0.1387,0.0955,0.0718
mini-arch-left,1487,10,280,-8.6300,1.7026,-7.7230,0.1387,0.0891,0.0719
mini-arch-left,1488,10,283,-8.6300,1.5852,-7.7212,0.1387,0.0828,0.0720
mini-arch-left,1489,10,286,-8.6300,1.4677,-7.7194,0.1387,0.0764,0.0721
mini-arch-left,1490,10,289,-8.6300,1.3503,-7.7177,0.1387,0.0700,0.0722
mini-arch-left,1491,10,292,-8.6300,1.2329,-7.7159,0.1387,0.0637,0.0723
mini-arch-left,1492,10,295,-8.6300,1.1155,-7.7141,0.1387,0.0573,0.0724
mini-arch-left,1493,10,298,-8.6300,0.9981,-7.7124,0.1387,0.0509,0.0725
mini-arch-left,1494,10,301,-8.6300,0.8806,-7.7106,0.1387,0.0446,0.0726
mini-arch-left,1495,10,304,-8.6300,0.7632,-7.7088,0.1387,0.0382,0.0727
mini-arch-left,1496,10,307,-8.6300,0.6458,-7.7071,0.1387,0.0319,0.0728
mini-arch-left,1497,10,310,-8.6300,0.5284,-7.7053,0.1387,0.0255,0.0729
mini-arch-left,1498,10,313,-8.6300,0.4110,-7.7035,0.1387,0.0191,0.0730
mini-arch-left,1499,10,316,-8.6300,0.2935,-7.7018,0.1387,0.0128,0.0731
mini-arch-left,1500,10,319,-8.6300,0.1761,-7.7000,0.1387,0.0064,0.0732
mini-arch-left,1501,10,322,-8.6300,0.0587,-7.6982,0.1387,0.0000,0.0733
mini-arch-left,1502,11,1,-7.4110,0.0619,-5.5218,0.1847,0.0002,0.1999
mini-arch-left,1503,11,4,-7.4110,0.1857,-5.5198,0.1847,0.0069,0.2000
mini-arch-left,1504,11,7,-7.4110,0.3095,-5.5179,0.1847,0.0136,0.2001
mini-arch-left,1505,11,10,-7.4110,0.4334,-5.5160,0.1847,0.0203,0.2002
mini-arch-left,1506,11,13,-7.4110,0.5572,-5.5140,0.1847,0.0271,0.2003
mini-arch-left,1507,11,16,-7.4110,0.6810,-5.5121,0.1847,0.0338,0.2004
mini-arch-left,1508,11,19,-7.4110,0.8048,-5.5102,0.1847,0.0405,0.2006
mini-arch-left,1509,11,22,-7.4110,0.9286,-5.5083,0.1847,0.0472,0.2007
mini-arch-left,1510,11,25,-7.4110,1.0524,-5.5063,0.1847,0.0539,0.2008
mini-arch-left,1511,11,28,-7.4110,1.1762,-5.5044,0.1847,0.0606,0.2009
mini-arch-left,1512,11,31,-7.4110,1.3001,-5.5025,0.1847,0.0673,0.2010
mini-arch-left,1513,11,34,-7.4110,1.4239,-5.5005,0.1847,0.0740,0.2011
mini-arch-left,1514,11,37,-7.4110,1.5477,-5.4986,0.1847,0.0807,0.2012
mini-arch-left,1515,11,40,-7.4110,1.6715,-5.4967,0.1847,0.0874,0.2013
mini-arch-left,1516,11,43,-7.4110,1.7953,-5.4947,0.1847,0.0942,0.2015
mini-arch-left,1517,11,46,-7.4110,1.9191,-5.4928,0.1847,0.1009,0.2016
mini-arch-left,1518,11,49,-7.4110,2.0429,-5.4909,0.1847,0.1076,0.2017
mini-arch-left,1519,11,52,-7.4110,2.1668,-5.4890,0.1847,0.1143,0.2018
mini-arch-left,1520,11,55,-7.4110,2.2906,-5.4870,0.1847,0.1210,0.2019
mini-arch-left,1521,11,58,-7.4110,2.4144,-5.4851,0.1847,0.1277,0.2020
mini-arch-left,1522,11,61,-7.4110,2.5382,-5.4832,0.1847,0.1344,0.2021
mini-arch-left,1523,11,64,-7.4110,2.6546,-5.5201,0.1847,0.1407,0.2000
mini-arch-left,1524,11,67,-7.4110,2.7557,-5.5244,0.1847,0.1462,0.1997
mini-arch-left,1525,11,70,-7.4110,2.7980,-5.5384,0.1847,0.1485,0.1989
mini-arch-left,1526,11,73,-7.4110,2.9215,-5.5553,0.1847,0.1552,0.1979
mini-arch-left,1527,11,76,-7.4110,3.0425,-5.5782,0.1847,0.1617,0.1966
mini-arch-left,1528,11,79,-7.4110,3.1644,-5.6030,0.1847,0.1684,0.1952
mini-arch-left,1529,11,82,-7.4110,3.2831,-5.6308,0.1847,0.1748,0.1935
mini-arch-left,1530,11,85,-7.4110,3.3957,-5.6624,0.1847,0.1809,0.1917
mini-arch-left,1531,11,88,-7.4110,3.4717,-5.6954,0.1847,0.1850,0.1898
mini-arch-left,1532,11,91,-7.4110,3.5872,-5.7317,0.1847,0.1913,0.1877
mini-arch-left,1533,11,94,-7.4110,3.6526,-5.7643,0.1847,0.1948,0.1858
mini-arch-left,1534,11,97,-7.4110,3.6956,-5.7860,0.1847,0.1971,0.1845
mini-arch-left,1535,11,100,-7.4110,3.7794,-5.8124,0.1847,0.2017,0.1830
mini-arch-left,1536,11,103,-7.4110,3.8714,-5.8489,0.1847,0.2067,0.1809
mini-arch-left,1537,11,106,-7.4110,3.9323,-5.9009,0.1847,0.2100,0.1778
mini-arch-left,1538,11,109,-7.4110,4.0381,-5.9547,0.1847,0.2157,0.1747
mini-arch-left,1539,11,112,-7.4110,4.1308,-5.9971,0.1847,0.2207,0.1722
mini-arch-left,1540,11,115,-7.4110,4.1954,-6.0352,0.1847,0.2242,0.1700
mini-arch-left,1541,11,118,-7.4110,4.2305,-6.0694,0.1847,0.2261,0.1680
mini-arch-left,1542,11,121,-7.4110,4.2645,-6.0936,0.1847,0.2280,0.1666
mini-arch-left,1543,11,124,-7.4110,4.3594,-6.1211,0.1847,0.2331,0.1650
mini-arch-left,1544,11,127,-7.4110,4.3884,-6.1630,0.1847,0.2347,0.1626
mini-arch-left,1545,11,130,-7.4110,4.4440,-6.2066,0.1847,0.2377,0.1601
mini-arch-left,1546,11,133,-7.4110,4.4841,-6.2437,0.1847,0.2399,0.1579
mini-arch-left,1547,11,136,-7.4110,4.5066,-6.2817,0.1847,0.2411,0.1557
mini-arch-left,1548,11,139,-7.4110,4.5806,-6.3259,0.1847,0.2451,0.1531
mini-arch-left,1549,11,142,-7.4110,4.6362,-6.3677,0.1847,0.2481,0.1507
mini-arch-left,1550,11,145,-7.4110,4.7190,-6.4223,0.1847,0.2526,0.1475
mini-arch-left,1551,11,148,-7.4110,4.7189,-6.4769,0.1847,0.2526,0.1443
mini-arch-left,1552,11,151,-7.4110,4.6363,-6.5187,0.1847,0.2481,0.1419
mini-arch-left,1553,11,154,-7.4110,4.5807,-6.5629,0.1847,0.2451,0.1393
mini-arch-left,1554,11,157,-7.4110,4.5065,-6.6008,0.1847,0.2411,0.1371
mini-arch-left,1555,11,160,-7.4110,4.4840,-6.6380,0.1847,0.2399,0.1350
mini-arch-left,1556,11,163,-7.4110,4.4440,-6.6816,0.1847,0.2377,0.1324
mini-arch-left,1557,11,166,-7.4110,4.3883,-6.7234,0.1847,0.2347,0.1300
mini-arch-left,1558,11,169,-7.4110,4.3593,-6.7510,0.1847,0.2331,0.1284
mini-arch-left,1559,11,172,-7.4110,4.2646,-6.7752,0.1847,0.2280,0.1270
mini-arch-left,1560,11,175,-7.4110,4.2304,-6.8094,0.1847,0.2261,0.1250
mini-arch-left,1561,11,178,-7.4110,4.1953,-6.8475,0.1847,0.2242,0.1228
mini-arch-left,1562,11,181,-7.4110,4.1307,-6.8899,0.1847,0.2207,0.1203
mini-arch-left,1563,11,184,-7.4110,4.0381,-6.9437,0.1847,0.2157,0.1172
mini-arch-left,1564,11,187,-7.4110,3.9322,-6.9956,0.1847,0.2100,0.1142
mini-arch-left,1565,11,190,-7.4110,3.8713,-7.0322,0.1847,0.2067,0.1120
mini-arch-left,1566,11,193,-7.4110,3.7795,-7.0586,0.1847,0.2017,0.1105
mini-arch-left,1567,11,196,-7.4110,3.6956,-7.0803,0.1847,0.1971,0.1092
mini-arch-left,1568,11,199,-7.4110,3.6525,-7.1129,0.1847,0.1948,0.1073
mini-arch-left,1569,11,202,-7.4110,3.5871,-7.1492,0.1847,0.1913,0.1052
mini-arch-left,1570,11,205,-7.4110,3.4717,-7.1822,0.1847,0.1850,0.1033
mini-arch-left,1571,11,208,-7.4110,3.3956,-7.2138,0.1847,0.1809,0.1015
mini-arch-left,1572,11,211,-7.4110,3.2831,-7.2416,0.1847,0.1748,0.0999
mini-arch-left,1573,11,214,-7.4110,3.1643,-7.2664,0.1847,0.1684,0.0984
mini-arch-left,1574,11,217,-7.4110,3.0424,-7.2893,0.1847,0.1617,0.0971
mini-arch-left,1575,11,220,-7.4110,2.9214,-7.3061,0.1847,0.1552,0.0961
mini-arch-left,1576,11,223,-7.4110,2.7980,-7.3202,0.1847,0.1485,0.0953
mini-arch-left,1577,11,226,-7.4110,2.7558,-7.3649,0.1847,0.1462,0.0927
mini-arch-left,1578,11,229,-7.4110,2.6545,-7.3952,0.1847,0.1407,0.0909
mini-arch-left,1579,11,232,-7.4110,2.5382,-7.4323,0.1847,0.1344,0.0888
mini-arch-left,1580,11,235,-7.4110,2.4144,-7.4304,0.1847,0.1277,0.0889
mini-arch-left,1581,11,238,-7.4110,2.2906,-7.4285,0.1847,0.1210,0.0890
mini-arch-left,1582,11,241,-7.4110,2.1668,-7.4265,0.1847,0.1143,0.0891
mini-arch-left,1583,11,244,-7.4110,2.0429,-7.4246,0.1847,0.1076,0.0892
mini-arch-left,1584,11,247,-7.4110,1.9191,-7.4226,0.1847,0.1009,0.0893
mini-arch-left,1585,11,250,-7.4110,1.7953,-7.4207,0.1847,0.0942,0.0894
mini-arch-left,1586,11,253,-7.4110,1.6715,-7.4188,0.1847,0.0874,0.0896
mini-arch-left,1587,11,256,-7.4110,1.5477,-7.4168,0.1847,0.0807,0.0897
mini-arch-left,1588,11,259,-7.4110,1.4239,-7.4149,0.1847,0.0740,0.0898
mini-arch-left,1589,11,262,-7.4110,1.3001,-7.4129,0.1847,0.0673,0.0899
mini-arch-left,1590,11,265,-7.4110,1.1762,-7.4110,0.1847,0.0606,0.0900
mini-arch-left,1591,11,268,-7.4110,1.0524,-7.4091,0.1847,0.0539,0.0901
mini-arch-left,1592,11,271,-7.4110,0.9286,-7.4071,0.1847,0.0472,0.0902
mini-arch-left,1593,11,274,-7.4110,0.8048,-7.4052,0.1847,0.0405,0.0903
mini-arch-left,1594,11,277,-7.4110,0.6810,-7.4032,0.1847,0.0338,0.0905
mini-arch-left,1595,11,280,-7.4110,0.5572,-7.4013,0.1847,0.0271,0.0906
mini-arch-left,1596,11,283,-7.4110,0.4334,-7.3994,0.1847,0.0203,0.0907
mini-arch-left,1597,11,286,-7.4110,0.3095,-7.3974,0.1847,0.0136,0.0908
mini-arch-left,1598,11,289,-7.4110,0.1857,-7.3955,0.1847,0.0069,0.0909
mini-arch-left,1599,11,292,-7.4110,0.0619,-7.3935,0.1847,0.0002,0.0910
mini-arch-left,1600,7,403,-6.1920,0.0626,-5.8265,0.2307,0.0002,0.1822
mini-arch-left,1601,7,406,-6.1920,0.1877,-5.8245,0.2307,0.0070,0.1823
mini-arch-left,1602,7,409,-6.1920,0.3128,-5.8224,0.2307,0.0138,0.1824
mini-arch-left,1603,7,412,-6.1920,0.4379,-5.8204,0.2307,0.0206,0.1825
mini-arch-left,1604,7,415,-6.1920,0.5630,-5.8184,0.2307,0.0274,0.1826
mini-arch-left,1605,7,418,-6.1920,0.6881,-5.8163,0.2307,0.0341,0.1828
mini-arch-left,1606,7,421,-6.1920,0.8132,-5.8143,0.2307,0.0409,0.1829
mini-arch-left,1607,7,424,-6.1920,0.9383,-5.8123,0.2307,0.0477,0.1830
mini-arch-left,1608,7,427,-6.1920,1.0634,-5.8103,0.2307,0.0545,0.1831
mini-arch-left,1609,7,430,-6.1920,1.1885,-5.8082,0.2307,0.0613,0.1832
mini-arch-left,1610,7,433,-6.1920,1.3136,-5.8062,0.2307,0.0680,0.1833
mini-arch-left,1611,7,436,-6.1920,1.4387,-5.8042,0.2307,0.0748,0.1835
mini-arch-left,1612,7,439,-6.1920,1.5638,-5.8021,0.2307,0.0816,0.1836
mini-arch-left,1613,7,442,-6.1920,1.6889,-5.8001,0.2307,0.0884,0.1837
mini-arch-left,1614,7,445,-6.1920,1.8140,-5.7981,0.2307,0.0952,0.1838
mini-arch-left,1615,7,448,-6.1920,1.9391,-5.7960,0.2307,0.1019,0.1839
mini-arch-left,1616,7,451,-6.1920,2.0643,-5.7940,0.2307,0.1087,0.1841
mini-arch-left,1617,7,454,-6.1920,2.1894,-5.7920,0.2307,0.1155,0.1842
mini-arch-left,1618,7,457,-6.1920,2.3145,-5.7899,0.2307,0.1223,0.1843
mini-arch-left,1619,7,460,-6.1920,2.4396,-5.7879,0.2307,0.1291,0.1844
mini-arch-left,1620,7,463,-6.1920,2.5627,-5.7959,0.2307,0.1357,0.1839
mini-arch-left,1621,7,466,-6.1920,2.6814,-5.8281,0.2307,0.1422,0.1821
mini-arch-left,1622,7,469,-6.1920,2.7387,-5.8261,0.2307,0.1453,0.1822
mini-arch-left,1623,7,472,-6.1920,2.6884,-5.8403,0.2307,0.1426,0.1814
mini-arch-left,1624,7,475,-6.1920,2.8134,-5.8516,0.2307,0.1493,0.1807
mini-arch-left,1625,7,478,-6.1920,2.9373,-5.8721,0.2307,0.1560,0.1795
mini-arch-left,1626,7,481,-6.1920,3.0587,-5.8955,0.2307,0.1626,0.1782
mini-arch-left,1627,7,484,-6.1920,3.1741,-5.9199,0.2307,0.1689,0.1767
mini-arch-left,1628,7,487,-6.1920,3.2726,-5.9524,0.2307,0.1742,0.1748
mini-arch-left,1629,7,490,-6.1920,3.3843,-5.9867,0.2307,0.1803,0.1728
mini-arch-left,1630,7,493,-6.1920,3.4625,-6.0076,0.2307,0.1845,0.1716
mini-arch-left,1631,7,496,-6.1920,3.5232,-6.0200,0.2307,0.1878,0.1709
mini-arch-left,1632,7,499,-6.1920,3.5052,-6.0417,0.2307,0.1868,0.1696
mini-arch-left,1633,7,502,-6.1920,3.5986,-6.0711,0.2307,0.1919,0.1679
mini-arch-left,1634,7,505,-6.1920,3.6831,-6.1033,0.2307,0.1965,0.1661
mini-arch-left,1635,7,508,-6.1920,3.7539,-6.1439,0.2307,0.2003,0.1637
mini-arch-left,1636,8,1,-6.1920,3.8373,-6.1789,0.2307,0.2048,0.1617
mini-arch-left,1637,8,4,-6.1920,3.8610,-6.2031,0.2307,0.2061,0.1603
mini-arch-left,1638,8,7,-6.1920,3.8807,-6.2283,0.2307,0.2072,0.1588
mini-arch-left,1639,8,10,-6.1920,3.9442,-6.2593,0.2307,0.2106,0.1570
mini-arch-left,1640,8,13,-6.1920,4.0071,-6.2953,0.2307,0.2140,0.1549
mini-arch-left,1641,8,16,-6.1920,4.0776,-6.3247,0.2307,0.2178,0.1532
mini-arch-left,1642,8,19,-6.1920,4.1185,-6.3534,0.2307,0.2201,0.1515
mini-arch-left,1643,8,22,-6.1920,4.1639,-6.3820,0.2307,0.2225,0.1499
mini-arch-left,1644,8,25,-6.1920,4.2465,-6.4253,0.2307,0.2270,0.1473
mini-arch-left,1645,8,28,-6.1920,4.2464,-6.4687,0.2307,0.2270,0.1448
mini-arch-left,1646,8,31,-6.1920,4.1639,-6.4973,0.2307,0.2225,0.1431
mini-arch-left,1647,8,34,-6.1920,4.1184,-6.5260,0.2307,0.2201,0.1415
mini-arch-left,1648,8,37,-6.1920,4.0775,-6.5554,0.2307,0.2178,0.1398
mini-arch-left,1649,8,40,-6.1920,4.0070,-6.5914,0.2307,0.2140,0.1377
mini-arch-left,1650,8,43,-6.1920,3.9442,-6.6224,0.2307,0.2106,0.1359
mini-arch-left,1651,8,46,-6.1920,3.8807,-6.6476,0.2307,0.2072,0.1344
mini-arch-left,1652,8,49,-6.1920,3.8609,-6.6717,0.2307,0.2061,0.1330
mini-arch-left,1653,8,52,-6.1920,3.8373,-6.7068,0.2307,0.2048,0.1310
mini-arch-left,1654,8,55,-6.1920,3.7538,-6.7474,0.2307,0.2003,0.1286
mini-arch-left,1655,8,58,-6.1920,3.6831,-6.7795,0.2307,0.1965,0.1267
mini-arch-left,1656,8,61,-6.1920,3.5985,-6.8090,0.2307,0.1919,0.1250
mini-arch-left,1657,8,64,-6.1920,3.5051,-6.8306,0.2307,0.1868,0.1238
mini-arch-left,1658,8,67,-6.1920,3.5232,-6.8431,0.2307,0.1878,0.1230
mini-arch-left,1659,8,70,-6.1920,3.4626,-6.8640,0.2307,0.1845,0.1218
mini-arch-left,1660,8,73,-6.1920,3.3843,-6.8983,0.2307,0.1803,0.1198
mini-arch-left,1661,8,76,-6.1920,3.2726,-6.9308,0.2307,0.1742,0.1179
mini-arch-left,1662,8,79,-6.1920,3.1740,-6.9552,0.2307,0.1689,0.1165
mini-arch-left,1663,8,82,-6.1920,3.0586,-6.9786,0.2307,0.1626,0.1152
mini-arch-left,1664,8,85,-6.1920,2.9372,-6.9991,0.2307,0.1560,0.1140
mini-arch-left,1665,8,88,-6.1920,2.8133,-7.0104,0.2307,0.1493,0.1133
mini-arch-left,1666,8,91,-6.1920,2.6884,-7.0246,0.2307,0.1426,0.1125
mini-arch-left,1667,8,94,-6.1920,2.7386,-7.0679,0.2307,0.1453,0.1100
mini-arch-left,1668,8,97,-6.1920,2.6813,-7.0871,0.2307,0.1422,0.1088
mini-arch-left,1669,8,100,-6.1920,2.5627,-7.1194,0.2307,0.1357,0.1070
mini-arch-left,1670,8,103,-6.1920,2.4396,-7.1276,0.2307,0.1291,0.1065
mini-arch-left,1671,8,106,-6.1920,2.3145,-7.1255,0.2307,0.1223,0.1066
mini-arch-left,1672,8,109,-6.1920,2.1894,-7.1235,0.2307,0.1155,0.1067
mini-arch-left,1673,8,112,-6.1920,2.0643,-7.1214,0.2307,0.1087,0.1069
mini-arch-left,1674,8,115,-6.1920,1.9391,-7.1194,0.2307,0.1019,0.1070
mini-arch-left,1675,8,118,-6.1920,1.8140,-7.1173,0.2307,0.0952,0.1071
mini-arch-left,1676,8,121,-6.1920,1.6889,-7.1153,0.2307,0.0884,0.1072
mini-arch-left,1677,8,124,-6.1920,1.5638,-7.1133,0.2307,0.0816,0.1073
mini-arch-left,1678,8,127,-6.1920,1.4387,-7.1112,0.2307,0.0748,0.1074
mini-arch-left,1679,8,130,-6.1920,1.3136,-7.1092,0.2307,0.0680,0.1076
mini-arch-left,1680,8,133,-6.1920,1.1885,-7.1071,0.2307,0.0613,0.1077
mini-arch-left,1681,8,136,-6.1920,1.0634,-7.1051,0.2307,0.0545,0.1078
mini-arch-left,1682,8,139,-6.1920,0.9383,-7.1031,0.2307,0.0477,0.1079
mini-arch-left,1683,8,142,-6.1920,0.8132,-7.1010,0.2307,0.0409,0.1080
mini-arch-left,1684,8,145,-6.1920,0.6881,-7.0990,0.2307,0.0341,0.1082
mini-arch-left,1685,8,148,-6.1920,0.5630,-7.0969,0.2307,0.0274,0.1083
mini-arch-left,1686,8,151,-6.1920,0.4379,-7.0949,0.2307,0.0206,0.1084
mini-arch-left,1687,8,154,-6.1920,0.3128,-7.0929,0.2307,0.0138,0.1085
mini-arch-left,1688,8,157,-6.1920,0.1877,-7.0908,0.2307,0.0070,0.1086
mini-arch-left,1689,8,160,-6.1920,0.0626,-7.0888,0.2307,0.0002,0.1087
mini-arch-right,1690,12,1,-11.0690,0.0581,7.5845,0.0468,0.0000,0.9621
mini-arch-right,1691,12,4,-11.0690,0.1743,7.5861,0.0468,0.0063,0.9622
mini-arch-right,1692,12,7,-11.0690,0.2905,7.5876,0.0468,0.0126,0.9623
mini-arch-right,1693,12,10,-11.0690,0.4067,7.5892,0.0468,0.0189,0.9624
mini-arch-right,1694,12,13,-11.0690,0.5229,7.5908,0.0468,0.0252,0.9625
mini-arch-right,1695,12,16,-11.0690,0.6392,7.5924,0.0468,0.0315,0.9626
mini-arch-right,1696,12,19,-11.0690,0.7554,7.5940,0.0468,0.0378,0.9627
mini-arch-right,1697,12,22,-11.0690,0.8716,7.5956,0.0468,0.0441,0.9628
mini-arch-right,1698,12,25,-11.0690,0.9878,7.5972,0.0468,0.0504,0.9629
mini-arch-right,1699,12,28,-11.0690,1.1040,7.5987,0.0468,0.0567,0.9630
mini-arch-right,1700,12,31,-11.0690,1.2202,7.6003,0.0468,0.0630,0.9631
mini-arch-right,1701,12,34,-11.0690,1.3364,7.6019,0.0468,0.0693,0.9632
mini-arch-right,1702,12,37,-11.0690,1.4526,7.6035,0.0468,0.0756,0.9633
mini-arch-right,1703,12,40,-11.0690,1.5688,7.6051,0.0468,0.0819,0.9633
mini-arch-right,1704,12,43,-11.0690,1.6850,7.6067,0.0468,0.0882,0.9634
mini-arch-right,1705,12,46,-11.0690,1.8012,7.6082,0.0468,0.0945,0.9635
mini-arch-right,1706,12,49,-11.0690,1.9175,7.6098,0.0468,0.1008,0.9636
mini-arch-right,1707,12,52,-11.0690,2.0337,7.6114,0.0468,0.1071,0.9637
mini-arch-right,1708,12,55,-11.0690,2.1499,7.6130,0.0468,0.1134,0.9638
mini-arch-right,1709,12,58,-11.0690,2.2661,7.6146,0.0468,0.1197,0.9639
mini-arch-right,1710,12,61,-11.0690,2.3823,7.6162,0.0468,0.1260,0.9640
mini-arch-right,1711,12,64,-11.0690,2.4985,7.6178,0.0468,0.1323,0.9641
mini-arch-right,1712,12,67,-11.0690,2.6122,7.6077,0.0468,0.1384,0.9635
mini-arch-right,1713,12,70,-11.0690,2.7232,7.5760,0.0468,0.1444,0.9617
mini-arch-right,1714,12,73,-11.0690,2.8302,7.5663,0.0468,0.1502,0.9611
mini-arch-right,1715,12,76,-11.0690,2.9458,7.5545,0.0468,0.1565,0.9604
mini-arch-right,1716,12,79,-11.0690,3.0614,7.5404,0.0468,0.1628,0.9596
mini-arch-right,1717,12,82,-11.0690,3.1764,7.5218,0.0468,0.1690,0.9585
mini-arch-right,1718,12,85,-11.0690,3.2907,7.4957,0.0468,0.1752,0.9570
mini-arch-right,1719,12,88,-11.0690,3.4023,7.4669,0.0468,0.1812,0.9553
mini-arch-right,1720,12,91,-11.0690,3.5154,7.4383,0.0468,0.1874,0.9536
mini-arch-right,1721,12,94,-11.0690,3.6272,7.4069,0.0468,0.1934,0.9518
mini-arch-right,1722,12,97,-11.0690,3.7391,7.3663,0.0468,0.1995,0.9495
mini-arch-right,1723,12,100,-11.0690,3.8418,7.3329,0.0468,0.2051,0.9475
mini-arch-right,1724,12,103,-11.0690,3.9568,7.3063,0.0468,0.2113,0.9460
mini-arch-right,1725,12,106,-11.0690,3.9887,7.2733,0.0468,0.2130,0.9440
mini-arch-right,1726,12,109,-11.0690,4.0749,7.2427,0.0468,0.2177,0.9423
mini-arch-right,1727,12,112,-11.0690,4.1653,7.2065,0.0468,0.2226,0.9402
mini-arch-right,1728,12,115,-11.0690,4.2266,7.1659,0.0468,0.2259,0.9378
mini-arch-right,1729,12,118,-11.0690,4.2939,7.1285,0.0468,0.2296,0.9356
mini-arch-right,1730,12,121,-11.0690,4.4016,7.0821,0.0468,0.2354,0.9329
mini-arch-right,1731,12,124,-11.0690,4.4964,7.0275,0.0468,0.2405,0.9298
mini-arch-right,1732,12,127,-11.0690,4.6003,6.9679,0.0468,0.2462,0.9263
mini-arch-right,1733,12,130,-11.0690,4.6926,6.9137,0.0468,0.2512,0.9231
mini-arch-right,1734,12,133,-11.0690,4.7996,6.8630,0.0468,0.2570,0.9202
mini-arch-right,1735,12,136,-11.0690,4.8602,6.8045,0.0468,0.2603,0.9168
mini-arch-right,1736,12,139,-11.0690,4.9219,6.7473,0.0468,0.2636,0.9135
mini-arch-right,1737,12,142,-11.0690,4.9849,6.6972,0.0468,0.2670,0.9105
mini-arch-right,1738,12,145,-11.0690,5.0837,6.6477,0.0468,0.2724,0.9077
mini-arch-right,1739,12,148,-11.0690,5.1373,6.5869,0.0468,0.2753,0.9041
mini-arch-right,1740,12,151,-11.0690,5.1871,6.5367,0.0468,0.2780,0.9012
mini-arch-right,1741,12,154,-11.0690,5.2960,6.4881,0.0468,0.2839,0.8984
mini-arch-right,1742,12,157,-11.0690,5.2960,6.4447,0.0468,0.2839,0.8959
mini-arch-right,1743,12,160,-11.0690,5.3975,6.4028,0.0468,0.2894,0.8934
mini-arch-right,1744,12,163,-11.0690,5.4029,6.3566,0.0468,0.2897,0.8907
mini-arch-right,1745,12,166,-11.0690,5.4796,6.3108,0.0468,0.2938,0.8881
mini-arch-right,1746,12,169,-11.0690,5.4884,6.2628,0.0468,0.2943,0.8853
mini-arch-right,1747,12,172,-11.0690,5.5571,6.2188,0.0468,0.2980,0.8827
mini-arch-right,1748,12,175,-11.0690,5.5958,6.1706,0.0468,0.3001,0.8799
mini-arch-right,1749,12,178,-11.0690,5.6336,6.1228,0.0468,0.3022,0.8771
mini-arch-right,1750,12,181,-11.0690,5.6764,6.0745,0.0468,0.3045,0.8743
mini-arch-right,1751,12,184,-11.0690,5.7090,6.0256,0.0468,0.3063,0.8715
mini-arch-right,1752,12,187,-11.0690,5.7723,5.9717,0.0468,0.3097,0.8683
mini-arch-right,1753,12,190,-11.0690,5.7703,5.9192,0.0468,0.3096,0.8653
mini-arch-right,1754,12,193,-11.0690,5.8646,5.8661,0.0468,0.3147,0.8622
mini-arch-right,1755,12,196,-11.0690,5.8471,5.8181,0.0468,0.3138,0.8594
mini-arch-right,1756,12,199,-11.0690,5.9576,5.7672,0.0468,0.3197,0.8565
mini-arch-right,1757,12,202,-11.0690,5.9575,5.7164,0.0468,0.3197,0.8535
mini-arch-right,1758,12,205,-11.0690,5.8470,5.6684,0.0468,0.3137,0.8507
mini-arch-right,1759,12,208,-11.0690,5.8644,5.6153,0.0468,0.3147,0.8476
mini-arch-right,1760,12,211,-11.0690,5.7705,5.5628,0.0468,0.3096,0.8446
mini-arch-right,1761,12,214,-11.0690,5.7722,5.5089,0.0468,0.3097,0.8414
mini-arch-right,1762,12,217,-11.0690,5.7091,5.4600,0.0468,0.3063,0.8386
mini-arch-right,1763,12,220,-11.0690,5.6762,5.4117,0.0468,0.3045,0.8358
mini-arch-right,1764,12,223,-11.0690,5.6337,5.3639,0.0468,0.3022,0.8330
mini-arch-right,1765,12,226,-11.0690,5.5957,5.3157,0.0468,0.3001,0.8302
mini-arch-right,1766,12,229,-11.0690,5.5572,5.2717,0.0468,0.2980,0.8276
mini-arch-right,1767,12,232,-11.0690,5.4883,5.2237,0.0468,0.2943,0.8248
mini-arch-right,1768,12,235,-11.0690,5.4797,5.1779,0.0468,0.2938,0.8222
mini-arch-right,1769,12,238,-11.0690,5.4028,5.1317,0.0468,0.2897,0.8195
mini-arch-right,1770,12,241,-11.0690,5.3976,5.0898,0.0468,0.2894,0.8171
mini-arch-right,1771,12,244,-11.0690,5.2960,5.0464,0.0468,0.2839,0.8145
mini-arch-right,1772,12,247,-11.0690,5.2959,4.9978,0.0468,0.2839,0.8117
mini-arch-right,1773,12,250,-11.0690,5.1870,4.9476,0.0468,0.2780,0.8088
mini-arch-right,1774,12,253,-11.0690,5.1373,4.8868,0.0468,0.2753,0.8053
mini-arch-right,1775,12,256,-11.0690,5.0837,4.8373,0.0468,0.2724,0.8024
mini-arch-right,1776,12,259,-11.0690,4.9850,4.7872,0.0468,0.2670,0.7995
mini-arch-right,1777,12,262,-11.0690,4.9218,4.7300,0.0468,0.2636,0.7961
mini-arch-right,1778,12,265,-11.0690,4.8601,4.6715,0.0468,0.2603,0.7927
mini-arch-right,1779,12,268,-11.0690,4.7995,4.6208,0.0468,0.2570,0.7898
mini-arch-right,1780,12,271,-11.0690,4.6926,4.5666,0.0468,0.2512,0.7866
mini-arch-right,1781,12,274,-11.0690,4.6002,4.5070,0.0468,0.2462,0.7832
mini-arch-right,1782,12,277,-11.0690,4.4963,4.4524,0.0468,0.2405,0.7800
mini-arch-right,1783,12,280,-11.0690,4.4016,4.4060,0.0468,0.2354,0.7773
mini-arch-right,1784,12,283,-11.0690,4.2938,4.3686,0.0468,0.2296,0.7751
mini-arch-right,1785,12,286,-11.0690,4.2265,4.3280,0.0468,0.2259,0.7728
mini-arch-right,1786,12,289,-11.0690,4.1652,4.2918,0.0468,0.2226,0.7706
mini-arch-right,1787,12,292,-11.0690,4.0750,4.2612,0.0468,0.2177,0.7689
mini-arch-right,1788,12,295,-11.0690,3.9886,4.2282,0.0468,0.2130,0.7669
mini-arch-right,1789,12,298,-11.0690,3.9567,4.2016,0.0468,0.2113,0.7654
mini-arch-right,1790,12,301,-11.0690,3.8417,4.1682,0.0468,0.2051,0.7635
mini-arch-right,1791,12,304,-11.0690,3.7390,4.1276,0.0468,0.1995,0.7611
mini-arch-right,1792,12,307,-11.0690,3.6271,4.0962,0.0468,0.1934,0.7593
mini-arch-right,1793,12,310,-11.0690,3.5153,4.0676,0.0468,0.1874,0.7576
mini-arch-right,1794,12,313,-11.0690,3.4022,4.0388,0.0468,0.1812,0.7559
mini-arch-right,1795,12,316,-11.0690,3.2906,4.0127,0.0468,0.1752,0.7544
mini-arch-right,1796,12,319,-11.0690,3.1763,3.9941,0.0468,0.1690,0.7533
mini-arch-right,1797,12,322,-11.0690,3.0613,3.9800,0.0468,0.1628,0.7525
mini-arch-right,1798,12,325,-11.0690,2.9457,3.9682,0.0468,0.1565,0.7518
mini-arch-right,1799,12,328,-11.0690,2.8301,3.9294,0.0468,0.1502,0.7496
mini-arch-right,1800,12,331,-11.0690,2.7231,3.8927,0.0468,0.1444,0.7474
mini-arch-right,1801,12,334,-11.0690,2.6122,3.8610,0.0468,0.1384,0.7456
mini-arch-right,1802,12,337,-11.0690,2.4985,3.8507,0.0468,0.1323,0.7450
mini-arch-right,1803,12,340,-11.0690,2.3823,3.8523,0.0468,0.1260,0.7451
mini-arch-right,1804,12,343,-11.0690,2.2661,3.8539,0.0468,0.1197,0.7452
mini-arch-right,1805,12,346,-11.0690,2.1499,3.8555,0.0468,0.1134,0.7453
mini-arch-right,1806,12,349,-11.0690,2.0337,3.8571,0.0468,0.1071,0.7454
mini-arch-right,1807,12,352,-11.0690,1.9175,3.8587,0.0468,0.1008,0.7455
mini-arch-right,1808,12,355,-11.0690,1.8012,3.8603,0.0468,0.0945,0.7455
mini-arch-right,1809,12,358,-11.0690,1.6850,3.8619,0.0468,0.0882,0.7456
mini-arch-right,1810,12,361,-11.0690,1.5688,3.8634,0.0468,0.0819,0.7457
mini-arch-right,1811,12,364,-11.0690,1.4526,3.8650,0.0468,0.0756,0.7458
mini-arch-right,1812,12,367,-11.0690,1.3364,3.8666,0.0468,0.0693,0.7459
mini-arch-right,1813,12,370,-11.0690,1.2202,3.8682,0.0468,0.0630,0.7460
mini-arch-right,1814,12,373,-11.0690,1.1040,3.8698,0.0468,0.0567,0.7461
mini-arch-right,1815,12,376,-11.0690,0.9878,3.8714,0.0468,0.0504,0.7462
mini-arch-right,1816,12,379,-11.0690,0.8716,3.8730,0.0468,0.0441,0.7463
mini-arch-right,1817,12,382,-11.0690,0.7554,3.8746,0.0468,0.0378,0.7464
mini-arch-right,1818,12,385,-11.0690,0.6392,3.8762,0.0468,0.0315,0.7465
mini-arch-right,1819,12,388,-11.0690,0.5229,3.8778,0.0468,0.0252,0.7466
mini-arch-right,1820,12,391,-11.0690,0.4067,3.8794,0.0468,0.0189,0.7467
mini-arch-right,1821,12,394,-11.0690,0.2905,3.8810,0.0468,0.0126,0.7468
mini-arch-right,1822,12,397,-11.0690,0.1743,3.8826,0.0468,0.0063,0.7468
mini-arch-right,1823,12,400,-11.0690,0.0581,3.8842,0.0468,0.0000,0.7469
mini-arch-right,1824,14,1,-9.8490,0.0583,7.2797,0.0928,0.0000,0.9444
mini-arch-right,1825,14,4,-9.8490,0.1748,7.2814,0.0928,0.0063,0.9445
mini-arch-right,1826,14,7,-9.8490,0.2913,7.2830,0.0928,0.0126,0.9446
mini-arch-right,1827,14,10,-9.8490,0.4078,7.2847,0.0928,0.0190,0.9447
mini-arch-right,1828,14,13,-9.8490,0.5244,7.2863,0.0928,0.0253,0.9448
mini-arch-right,1829,14,16,-9.8490,0.6409,7.2880,0.0928,0.0316,0.9449
mini-arch-right,1830,14,19,-9.8490,0.7574,7.2896,0.0928,0.0379,0.9450
mini-arch-right,1831,14,22,-9.8490,0.8739,7.2913,0.0928,0.0442,0.9451
mini-arch-right,1832,14,25,-9.8490,0.9905,7.2929,0.0928,0.0505,0.9452
mini-arch-right,1833,14,28,-9.8490,1.1070,7.2946,0.0928,0.0568,0.9453
mini-arch-right,1834,14,31,-9.8490,1.2235,7.2962,0.0928,0.0632,0.9454
mini-arch-right,1835,14,34,-9.8490,1.3400,7.2979,0.0928,0.0695,0.9455
mini-arch-right,1836,14,37,-9.8490,1.4566,7.2995,0.0928,0.0758,0.9456
mini-arch-right,1837,14,40,-9.8490,1.5731,7.3012,0.0928,0.0821,0.9457
mini-arch-right,1838,14,43,-9.8490,1.6896,7.3028,0.0928,0.0884,0.9458
mini-arch-right,1839,14,46,-9.8490,1.8061,7.3045,0.0928,0.0947,0.9459
mini-arch-right,1840,14,49,-9.8490,1.9227,7.3061,0.0928,0.1011,0.9460
mini-arch-right,1841,14,52,-9.8490,2.0392,7.3078,0.0928,0.1074,0.9461
mini-arch-right,1842,14,55,-9.8490,2.1557,7.3095,0.0928,0.1137,0.9462
mini-arch-right,1843,14,58,-9.8490,2.2722,7.3111,0.0928,0.1200,0.9462
mini-arch-right,1844,14,61,-9.8490,2.3888,7.3128,0.0928,0.1263,0.9463
mini-arch-right,1845,14,64,-9.8490,2.5053,7.3144,0.0928,0.1326,0.9464
mini-arch-right,1846,14,67,-9.8490,2.6172,7.2952,0.0928,0.1387,0.9453
mini-arch-right,1847,14,70,-9.8490,2.7302,7.2683,0.0928,0.1448,0.9438
mini-arch-right,1848,14,73,-9.8490,2.8405,7.2564,0.0928,0.1508,0.9431
mini-arch-right,1849,14,76,-9.8490,2.9563,7.2446,0.0928,0.1571,0.9424
mini-arch-right,1850,14,79,-9.8490,3.0723,7.2279,0.0928,0.1634,0.9414
mini-arch-right,1851,14,82,-9.8490,3.1867,7.2034,0.0928,0.1696,0.9400
mini-arch-right,1852,14,85,-9.8490,3.2998,7.1788,0.0928,0.1757,0.9386
mini-arch-right,1853,14,88,-9.8490,3.4141,7.1480,0.0928,0.1819,0.9368
mini-arch-right,1854,14,91,-9.8490,3.5223,7.1142,0.0928,0.1878,0.9348
mini-arch-right,1855,14,94,-9.8490,3.6323,7.0807,0.0928,0.1937,0.9328
mini-arch-right,1856,14,97,-9.8490,3.7393,7.0439,0.0928,0.1995,0.9307
mini-arch-right,1857,14,100,-9.8490,3.8490,7.0073,0.0928,0.2055,0.9286
mini-arch-right,1858,14,103,-9.8490,3.9530,6.9679,0.0928,0.2111,0.9263
mini-arch-right,1859,14,106,-9.8490,4.0386,6.9264,0.0928,0.2157,0.9239
mini-arch-right,1860,14,109,-9.8490,4.1242,6.8778,0.0928,0.2204,0.9210
mini-arch-right,1861,14,112,-9.8490,4.2127,6.8329,0.0928,0.2252,0.9184
mini-arch-right,1862,14,115,-9.8490,4.2683,6.7976,0.0928,0.2282,0.9164
mini-arch-right,1863,14,118,-9.8490,4.3628,6.7565,0.0928,0.2333,0.9140
mini-arch-right,1864,14,121,-9.8490,4.4573,6.7042,0.0928,0.2384,0.9110
mini-arch-right,1865,14,124,-9.8490,4.5340,6.6434,0.0928,0.2426,0.9074
mini-arch-right,1866,14,127,-9.8490,4.6276,6.5830,0.0928,0.2477,0.9039
mini-arch-right,1867,14,130,-9.8490,4.6945,6.5300,0.0928,0.2513,0.9008
mini-arch-right,1868,14,133,-9.8490,4.7822,6.4818,0.0928,0.2560,0.8980
mini-arch-right,1869,14,136,-9.8490,4.8703,6.4292,0.0928,0.2608,0.8950
mini-arch-right,1870,14,139,-9.8490,4.9386,6.3704,0.0928,0.2645,0.8915
mini-arch-right,1871,14,142,-9.8490,4.9714,6.3245,0.0928,0.2663,0.8889
mini-arch-right,1872,14,145,-9.8490,5.0424,6.2851,0.0928,0.2701,0.8866
mini-arch-right,1873,14,148,-9.8490,5.1015,6.2284,0.0928,0.2733,0.8833
mini-arch-right,1874,14,151,-9.8490,5.1581,6.1670,0.0928,0.2764,0.8797
mini-arch-right,1875,14,154,-9.8490,5.1776,6.1275,0.0928,0.2775,0.8774
mini-arch-right,1876,14,157,-9.8490,5.2800,6.0847,0.0928,0.2830,0.8749
mini-arch-right,1877,14,160,-9.8490,5.2586,6.0432,0.0928,0.2819,0.8725
mini-arch-right,1878,14,163,-9.8490,5.3734,6.0041,0.0928,0.2881,0.8702
mini-arch-right,1879,14,166,-9.8490,5.3699,5.9489,0.0928,0.2879,0.8670
mini-arch-right,1880,14,169,-9.8490,5.4143,5.9036,0.0928,0.2903,0.8644
mini-arch-right,1881,14,172,-9.8490,5.4813,5.8559,0.0928,0.2939,0.8616
mini-arch-right,1882,14,175,-9.8490,5.4672,5.8121,0.0928,0.2932,0.8591
mini-arch-right,1883,14,178,-9.8490,5.5686,5.7656,0.0928,0.2987,0.8564
mini-arch-right,1884,14,181,-9.8490,5.5685,5.7192,0.0928,0.2987,0.8537
mini-arch-right,1885,14,184,-9.8490,5.4672,5.6753,0.0928,0.2932,0.8511
mini-arch-right,1886,14,187,-9.8490,5.4812,5.6276,0.0928,0.2939,0.8483
mini-arch-right,1887,14,190,-9.8490,5.4144,5.5823,0.0928,0.2903,0.8457
mini-arch-right,1888,14,193,-9.8490,5.3698,5.5271,0.0928,0.2879,0.8425
mini-arch-right,1889,14,196,-9.8490,5.3733,5.4880,0.0928,0.2881,0.8402
mini-arch-right,1890,14,199,-9.8490,5.2586,5.4465,0.0928,0.2819,0.8378
mini-arch-right,1891,14,202,-9.8490,5.2799,5.4037,0.0928,0.2830,0.8353
mini-arch-right,1892,14,205,-9.8490,5.1777,5.3642,0.0928,0.2775,0.8330
mini-arch-right,1893,14,208,-9.8490,5.1580,5.3028,0.0928,0.2764,0.8294
mini-arch-right,1894,14,211,-9.8490,5.1015,5.2461,0.0928,0.2733,0.8261
mini-arch-right,1895,14,214,-9.8490,5.0425,5.2067,0.0928,0.2701,0.8239
mini-arch-right,1896,14,217,-9.8490,4.9713,5.1608,0.0928,0.2663,0.8212
mini-arch-right,1897,14,220,-9.8490,4.9385,5.1020,0.0928,0.2645,0.8178
mini-arch-right,1898,14,223,-9.8490,4.8703,5.0494,0.0928,0.2608,0.8147
mini-arch-right,1899,14,226,-9.8490,4.7823,5.0012,0.0928,0.2560,0.8119
mini-arch-right,1900,14,229,-9.8490,4.6944,4.9482,0.0928,0.2513,0.8088
mini-arch-right,1901,14,232,-9.8490,4.6275,4.8878,0.0928,0.2477,0.8053
mini-arch-right,1902,14,235,-9.8490,4.5339,4.8270,0.0928,0.2426,0.8018
mini-arch-right,1903,14,238,-9.8490,4.4572,4.7748,0.0928,0.2384,0.7987
mini-arch-right,1904,14,241,-9.8490,4.3629,4.7336,0.0928,0.2333,0.7963
mini-arch-right,1905,14,244,-9.8490,4.2682,4.6983,0.0928,0.2282,0.7943
mini-arch-right,1906,14,247,-9.8490,4.2126,4.6534,0.0928,0.2252,0.7917
mini-arch-right,1907,14,250,-9.8490,4.1242,4.6048,0.0928,0.2204,0.7888
mini-arch-right,1908,14,253,-9.8490,4.0385,4.5633,0.0928,0.2157,0.7864
mini-arch-right,1909,14,256,-9.8490,3.9529,4.5239,0.0928,0.2111,0.7841
mini-arch-right,1910,14,259,-9.8490,3.8490,4.4873,0.0928,0.2055,0.7820
mini-arch-right,1911,14,262,-9.8490,3.7392,4.4505,0.0928,0.1995,0.7799
mini-arch-right,1912,14,265,-9.8490,3.6322,4.4170,0.0928,0.1937,0.7779
mini-arch-right,1913,14,268,-9.8490,3.5222,4.3832,0.0928,0.1877,0.7760
mini-arch-right,1914,14,271,-9.8490,3.4140,4.3524,0.0928,0.1819,0.7742
mini-arch-right,1915,14,274,-9.8490,3.2997,4.3278,0.0928,0.1757,0.7727
mini-arch-right,1916,14,277,-9.8490,3.1866,4.3033,0.0928,0.1696,0.7713
mini-arch-right,1917,14,280,-9.8490,3.0722,4.2867,0.0928,0.1634,0.7703
mini-arch-right,1918,14,283,-9.8490,2.9562,4.2748,0.0928,0.1571,0.7697
mini-arch-right,1919,14,286,-9.8490,2.8404,4.2374,0.0928,0.1508,0.7675
mini-arch-right,1920,14,289,-9.8490,2.7301,4.2004,0.0928,0.1448,0.7653
mini-arch-right,1921,14,292,-9.8490,2.6171,4.1735,0.0928,0.1387,0.7638
mini-arch-right,1922,14,295,-9.8490,2.5053,4.1540,0.0928,0.1326,0.7626
mini-arch-right,1923,14,298,-9.8490,2.3888,4.1557,0.0928,0.1263,0.7627
mini-arch-right,1924,14,301,-9.8490,2.2722,4.1573,0.0928,0.1200,0.7628
mini-arch-right,1925,14,304,-9.8490,2.1557,4.1590,0.0928,0.1137,0.7629
mini-arch-right,1926,14,307,-9.8490,2.0392,4.1607,0.0928,0.1074,0.7630
mini-arch-right,1927,14,310,-9.8490,1.9227,4.1623,0.0928,0.1011,0.7631
mini-arch-right,1928,14,313,-9.8490,1.8061,4.1640,0.0928,0.0947,0.7632
mini-arch-right,1929,14,316,-9.8490,1.6896,4.1657,0.0928,0.0884,0.7633
mini-arch-right,1930,14,319,-9.8490,1.5731,4.1673,0.0928,0.0821,0.7634
mini-arch-right,1931,14,322,-9.8490,1.4566,4.1690,0.0928,0.0758,0.7635
mini-arch-right,1932,14,325,-9.8490,1.3400,4.1707,0.0928,0.0695,0.7636
mini-arch-right,1933,14,328,-9.8490,1.2235,4.1723,0.0928,0.0632,0.7637
mini-arch-right,1934,14,331,-9.8490,1.1070,4.1740,0.0928,0.0568,0.7638
mini-arch-right,1935,14,334,-9.8490,0.9905,4.1757,0.0928,0.0505,0.7639
mini-arch-right,1936,14,337,-9.8490,0.8739,4.1773,0.0928,0.0442,0.7640
mini-arch-right,1937,14,340,-9.8490,0.7574,4.1790,0.0928,0.0379,0.7641
mini-arch-right,1938,14,343,-9.8490,0.6409,4.1807,0.0928,0.0316,0.7642
mini-arch-right,1939,14,346,-9.8490,0.5244,4.1823,0.0928,0.0253,0.7643
mini-arch-right,1940,14,349,-9.8490,0.4078,4.1840,0.0928,0.0190,0.7644
mini-arch-right,1941,14,352,-9.8490,0.2913,4.1857,0.0928,0.0126,0.7645
mini-arch-right,1942,14,355,-9.8490,0.1748,4.1873,0.0928,0.0063,0.7646
mini-arch-right,1943,14,358,-9.8490,0.0583,4.1890,0.0928,0.0000,0.7647
mini-arch-right,1944,15,1,-8.6300,0.0587,6.9750,0.1387,0.0000,0.9267
mini-arch-right,1945,15,4,-8.6300,0.1761,6.9767,0.1387,0.0064,0.9268
mini-arch-right,1946,15,7,-8.6300,0.2935,6.9785,0.1387,0.0128,0.9269
mini-arch-right,1947,15,10,-8.6300,0.4110,6.9803,0.1387,0.0191,0.9270
mini-arch-right,1948,15,13,-8.6300,0.5284,6.9820,0.1387,0.0255,0.9271
mini-arch-right,1949,15,16,-8.6300,0.6458,6.9838,0.1387,0.0319,0.9272
mini-arch-right,1950,15,19,-8.6300,0.7632,6.9856,0.1387,0.0382,0.9273
mini-arch-right,1951,15,22,-8.6300,0.8806,6.9873,0.1387,0.0446,0.9274
mini-arch-right,1952,15,25,-8.6300,0.9981,6.9891,0.1387,0.0509,0.9275
mini-arch-right,1953,15,28,-8.6300,1.1155,6.9909,0.1387,0.0573,0.9276
mini-arch-right,1954,15,31,-8.6300,1.2329,6.9926,0.1387,0.0637,0.9277
mini-arch-right,1955,15,34,-8.6300,1.3503,6.9944,0.1387,0.0700,0.9278
mini-arch-right,1956,15,37,-8.6300,1.4677,6.9962,0.1387,0.0764,0.9279
mini-arch-right,1957,15,40,-8.6300,1.5852,6.9979,0.1387,0.0828,0.9280
mini-arch-right,1958,15,43,-8.6300,1.7026,6.9997,0.1387,0.0891,0.9281
mini-arch-right,1959,15,46,-8.6300,1.8200,7.0015,0.1387,0.0955,0.9282
mini-arch-right,1960,15,49,-8.6300,1.9374,7.0032,0.1387,0.1019,0.9283
mini-arch-right,1961,15,52,-8.6300,2.0548,7.0050,0.1387,0.1082,0.9284
mini-arch-right,1962,15,55,-8.6300,2.1723,7.0068,0.1387,0.1146,0.9286
mini-arch-right,1963,15,58,-8.6300,2.2897,7.0085,0.1387,0.1209,0.9286
mini-arch-right,1964,15,61,-8.6300,2.4071,7.0103,0.1387,0.1273,0.9288
mini-arch-right,1965,15,64,-8.6300,2.5245,7.0121,0.1387,0.1337,0.9289
mini-arch-right,1966,15,67,-8.6300,2.6350,6.9819,0.1387,0.1397,0.9271
mini-arch-right,1967,15,70,-8.6300,2.7500,6.9586,0.1387,0.1459,0.9257
mini-arch-right,1968,15,73,-8.6300,2.8600,6.9215,0.1387,0.1519,0.9236
mini-arch-right,1969,15,76,-8.6300,2.9768,6.8871,0.1387,0.1582,0.9216
mini-arch-right,1970,15,79,-8.6300,3.0923,6.8711,0.1387,0.1644,0.9207
mini-arch-right,1971,15,82,-8.6300,3.2088,6.8535,0.1387,0.1708,0.9196
mini-arch-right,1972,15,85,-8.6300,3.3205,6.8281,0.1387,0.1768,0.9182
mini-arch-right,1973,15,88,-8.6300,3.4339,6.7954,0.1387,0.1830,0.9163
mini-arch-right,1974,15,91,-8.6300,3.5370,6.7607,0.1387,0.1886,0.9142
mini-arch-right,1975,15,94,-8.6300,3.6464,6.7315,0.1387,0.1945,0.9125
mini-arch-right,1976,15,97,-8.6300,3.7098,6.7073,0.1387,0.1979,0.9111
mini-arch-right,1977,15,100,-8.6300,3.8060,6.6744,0.1387,0.2031,0.9092
mini-arch-right,1978,15,103,-8.6300,3.9090,6.6321,0.1387,0.2087,0.9068
mini-arch-right,1979,15,106,-8.6300,4.0080,6.5844,0.1387,0.2141,0.9040
mini-arch-right,1980,15,109,-8.6300,4.1134,6.5397,0.1387,0.2198,0.9014
mini-arch-right,1981,15,112,-8.6300,4.1499,6.5049,0.1387,0.2218,0.8994
mini-arch-right,1982,15,115,-8.6300,4.2115,6.4688,0.1387,0.2251,0.8973
mini-arch-right,1983,15,118,-8.6300,4.2388,6.4308,0.1387,0.2266,0.8950
mini-arch-right,1984,15,121,-8.6300,4.3523,6.4004,0.1387,0.2327,0.8933
mini-arch-right,1985,15,124,-8.6300,4.4082,6.3636,0.1387,0.2358,0.8911
mini-arch-right,1986,15,127,-8.6300,4.4634,6.3195,0.1387,0.2388,0.8886
mini-arch-right,1987,15,130,-8.6300,4.5179,6.2754,0.1387,0.2417,0.8860
mini-arch-right,1988,15,133,-8.6300,4.5869,6.2295,0.1387,0.2455,0.8833
mini-arch-right,1989,15,136,-8.6300,4.6792,6.1760,0.1387,0.2505,0.8802
mini-arch-right,1990,15,139,-8.6300,4.7582,6.1206,0.1387,0.2547,0.8770
mini-arch-right,1991,15,142,-8.6300,4.8266,6.0601,0.1387,0.2584,0.8735
mini-arch-right,1992,15,145,-8.6300,4.8957,5.9993,0.1387,0.2622,0.8700
mini-arch-right,1993,15,148,-8.6300,4.9708,5.9484,0.1387,0.2663,0.8670
mini-arch-right,1994,15,151,-8.6300,4.9993,5.8958,0.1387,0.2678,0.8639
mini-arch-right,1995,15,154,-8.6300,5.0266,5.8403,0.1387,0.2693,0.8607
mini-arch-right,1996,15,157,-8.6300,5.0847,5.7873,0.1387,0.2724,0.8576
mini-arch-right,1997,15,160,-8.6300,5.1635,5.7484,0.1387,0.2767,0.8554
mini-arch-right,1998,15,163,-8.6300,5.1635,5.7059,0.1387,0.2767,0.8529
mini-arch-right,1999,15,166,-8.6300,5.0847,5.6635,0.1387,0.2724,0.8504
mini-arch-right,2000,15,169,-8.6300,5.0266,5.6246,0.1387,0.2693,0.8482
mini-arch-right,2001,15,172,-8.6300,4.9993,5.5716,0.1387,0.2678,0.8451
mini-arch-right,2002,15,175,-8.6300,4.9708,5.5160,0.1387,0.2663,0.8418
mini-arch-right,2003,15,178,-8.6300,4.8957,5.4635,0.1387,0.2622,0.8388
mini-arch-right,2004,15,181,-8.6300,4.8266,5.4126,0.1387,0.2584,0.8358
mini-arch-right,2005,15,184,-8.6300,4.7582,5.3518,0.1387,0.2547,0.8323
mini-arch-right,2006,15,187,-8.6300,4.6792,5.2913,0.1387,0.2505,0.8288
mini-arch-right,2007,15,190,-8.6300,4.5869,5.2359,0.1387,0.2455,0.8256
mini-arch-right,2008,15,193,-8.6300,4.5179,5.1824,0.1387,0.2417,0.8224
mini-arch-right,2009,15,196,-8.6300,4.4634,5.1365,0.1387,0.2388,0.8198
mini-arch-right,2010,15,199,-8.6300,4.4082,5.0923,0.1387,0.2358,0.8172
mini-arch-right,2011,15,202,-8.6300,4.3523,5.0483,0.1387,0.2327,0.8146
mini-arch-right,2012,15,205,-8.6300,4.2388,5.0115,0.1387,0.2266,0.8125
mini-arch-right,2013,15,208,-8.6300,4.2115,4.9811,0.1387,0.2251,0.8107
mini-arch-right,2014,15,211,-8.6300,4.1499,4.9431,0.1387,0.2218,0.8085
mini-arch-right,2015,15,214,-8.6300,4.1135,4.9070,0.1387,0.2198,0.8064
mini-arch-right,2016,15,217,-8.6300,4.0080,4.8722,0.1387,0.2141,0.8044
mini-arch-right,2017,15,220,-8.6300,3.9090,4.8275,0.1387,0.2087,0.8018
mini-arch-right,2018,15,223,-8.6300,3.8060,4.7798,0.1387,0.2031,0.7990
mini-arch-right,2019,15,226,-8.6300,3.7098,4.7375,0.1387,0.1979,0.7966
mini-arch-right,2020,15,229,-8.6300,3.6465,4.7045,0.1387,0.1945,0.7946
mini-arch-right,2021,15,232,-8.6300,3.5370,4.6804,0.1387,0.1886,0.7932
mini-arch-right,2022,15,235,-8.6300,3.4339,4.6511,0.1387,0.1830,0.7915
mini-arch-right,2023,15,238,-8.6300,3.3205,4.6165,0.1387,0.1768,0.7895
mini-arch-right,2024,15,241,-8.6300,3.2088,4.5838,0.1387,0.1708,0.7876
mini-arch-right,2025,15,244,-8.6300,3.0923,4.5584,0.1387,0.1644,0.7862
mini-arch-right,2026,15,247,-8.6300,2.9768,4.5408,0.1387,0.1582,0.7851
mini-arch-right,2027,15,250,-8.6300,2.8600,4.5248,0.1387,0.1519,0.7842
mini-arch-right,2028,15,253,-8.6300,2.7499,4.5102,0.1387,0.1459,0.7833
mini-arch-right,2029,15,256,-8.6300,2.6350,4.4868,0.1387,0.1397,0.7820
mini-arch-right,2030,15,259,-8.6300,2.5245,4.4567,0.1387,0.1337,0.7802
mini-arch-right,2031,15,262,-8.6300,2.4071,4.4584,0.1387,0.1273,0.7803
mini-arch-right,2032,15,265,-8.6300,2.2897,4.4602,0.1387,0.1209,0.7804
mini-arch-right,2033,15,268,-8.6300,2.1723,4.4620,0.1387,0.1146,0.7805
mini-arch-right,2034,15,271,-8.6300,2.0548,4.4637,0.1387,0.1082,0.7806
mini-arch-right,2035,15,274,-8.6300,1.9374,4.4655,0.1387,0.1019,0.7807
mini-arch-right,2036,15,277,-8.6300,1.8200,4.4673,0.1387,0.0955,0.7809
mini-arch-right,2037,15,280,-8.6300,1.7026,4.4690,0.1387,0.0891,0.7810
mini-arch-right,2038,15,283,-8.6300,1.5852,4.4708,0.1387,0.0828,0.7811
mini-arch-right,2039,15,286,-8.6300,1.4677,4.4726,0.1387,0.0764,0.7812
mini-arch-right,2040,15,289,-8.6300,1.3503,4.4743,0.1387,0.0700,0.7813
mini-arch-right,2041,15,292,-8.6300,1.2329,4.4761,0.1387,0.0637,0.7814
mini-arch-right,2042,15,295,-8.6300,1.1155,4.4779,0.1387,0.0573,0.7815
mini-arch-right,2043,15,298,-8.6300,0.9981,4.4796,0.1387,0.0509,0.7816
mini-arch-right,2044,15,301,-8.6300,0.8806,4.4814,0.1387,0.0446,0.7817
mini-arch-right,2045,15,304,-8.6300,0.7632,4.4832,0.1387,0.0382,0.7818
mini-arch-right,2046,15,307,-8.6300,0.6458,4.4849,0.1387,0.0319,0.7819
mini-arch-right,2047,15,310,-8.6300,0.5284,4.4867,0.1387,0.0255,0.7820
mini-arch-right,2048,15,313,-8.6300,0.4110,4.4885,0.1387,0.0191,0.7821
mini-arch-right,2049,15,316,-8.6300,0.2935,4.4902,0.1387,0.0128,0.7822
mini-arch-right,2050,15,319,-8.6300,0.1761,4.4920,0.1387,0.0064,0.7823
mini-arch-right,2051,15,322,-8.6300,0.0587,4.4938,0.1387,0.0000,0.7824
mini-arch-right,2052,16,1,-7.4110,0.0619,6.6702,0.1847,0.0002,0.9090
mini-arch-right,2053,16,4,-7.4110,0.1857,6.6722,0.1847,0.0069,0.9091
mini-arch-right,2054,16,7,-7.4110,0.3095,6.6741,0.1847,0.0136,0.9092
mini-arch-right,2055,16,10,-7.4110,0.4334,6.6760,0.1847,0.0203,0.9093
mini-arch-right,2056,16,13,-7.4110,0.5572,6.6780,0.1847,0.0271,0.9094
mini-arch-right,2057,16,16,-7.4110,0.6810,6.6799,0.1847,0.0338,0.9095
mini-arch-right,2058,16,19,-7.4110,0.8048,6.6818,0.1847,0.0405,0.9096
mini-arch-right,2059,16,22,-7.4110,0.9286,6.6837,0.1847,0.0472,0.9098
mini-arch-right,2060,16,25,-7.4110,1.0524,6.6857,0.1847,0.0539,0.9099
mini-arch-right,2061,16,28,-7.4110,1.1762,6.6876,0.1847,0.0606,0.9100
mini-arch-right,2062,16,31,-7.4110,1.3001,6.6895,0.1847,0.0673,0.9101
mini-arch-right,2063,16,34,-7.4110,1.4239,6.6915,0.1847,0.0740,0.9102
mini-arch-right,2064,16,37,-7.4110,1.5477,6.6934,0.1847,0.0807,0.9103
mini-arch-right,2065,16,40,-7.4110,1.6715,6.6953,0.1847,0.0874,0.9104
mini-arch-right,2066,16,43,-7.4110,1.7953,6.6973,0.1847,0.0942,0.9105
mini-arch-right,2067,16,46,-7.4110,1.9191,6.6992,0.1847,0.1009,0.9107
mini-arch-right,2068,16,49,-7.4110,2.0429,6.7011,0.1847,0.1076,0.9108
mini-arch-right,2069,16,52,-7.4110,2.1668,6.7030,0.1847,0.1143,0.9109
mini-arch-right,2070,16,55,-7.4110,2.2906,6.7050,0.1847,0.1210,0.9110
mini-arch-right,2071,16,58,-7.4110,2.4144,6.7069,0.1847,0.1277,0.9111
mini-arch-right,2072,16,61,-7.4110,2.5382,6.7088,0.1847,0.1344,0.9112
mini-arch-right,2073,16,64,-7.4110,2.6546,6.6719,0.1847,0.1407,0.9091
mini-arch-right,2074,16,67,-7.4110,2.7557,6.6676,0.1847,0.1462,0.9088
mini-arch-right,2075,16,70,-7.4110,2.7981,6.6536,0.1847,0.1485,0.9080
mini-arch-right,2076,16,73,-7.4110,2.9215,6.6367,0.1847,0.1552,0.9070
mini-arch-right,2077,16,76,-7.4110,3.0425,6.6138,0.1847,0.1617,0.9057
mini-arch-right,2078,16,79,-7.4110,3.1644,6.5890,0.1847,0.1684,0.9043
mini-arch-right,2079,16,82,-7.4110,3.2831,6.5612,0.1847,0.1748,0.9026
mini-arch-right,2080,16,85,-7.4110,3.3957,6.5296,0.1847,0.1809,0.9008
mini-arch-right,2081,16,88,-7.4110,3.4717,6.4966,0.1847,0.1850,0.8989
mini-arch-right,2082,16,91,-7.4110,3.5872,6.4603,0.1847,0.1913,0.8968
mini-arch-right,2083,16,94,-7.4110,3.6526,6.4277,0.1847,0.1948,0.8949
mini-arch-right,2084,16,97,-7.4110,3.6956,6.4060,0.1847,0.1971,0.8936
mini-arch-right,2085,16,100,-7.4110,3.7794,6.3796,0.1847,0.2017,0.8921
mini-arch-right,2086,16,103,-7.4110,3.8714,6.3431,0.1847,0.2067,0.8899
mini-arch-right,2087,16,106,-7.4110,3.9323,6.2911,0.1847,0.2100,0.8869
mini-arch-right,2088,16,109,-7.4110,4.0381,6.2373,0.1847,0.2157,0.8838
mini-arch-right,2089,16,112,-7.4110,4.1308,6.1949,0.1847,0.2207,0.8813
mini-arch-right,2090,16,115,-7.4110,4.1954,6.1568,0.1847,0.2242,0.8791
mini-arch-right,2091,16,118,-7.4110,4.2304,6.1226,0.1847,0.2261,0.8771
mini-arch-right,2092,16,121,-7.4110,4.2645,6.0984,0.1847,0.2280,0.8757
mini-arch-right,2093,16,124,-7.4110,4.3594,6.0708,0.1847,0.2331,0.8741
mini-arch-right,2094,16,127,-7.4110,4.3884,6.0290,0.1847,0.2347,0.8717
mini-arch-right,2095,16,130,-7.4110,4.4440,5.9854,0.1847,0.2377,0.8691
mini-arch-right,2096,16,133,-7.4110,4.4841,5.9483,0.1847,0.2399,0.8670
mini-arch-right,2097,16,136,-7.4110,4.5065,5.9103,0.1847,0.2411,0.8648
mini-arch-right,2098,16,139,-7.4110,4.5806,5.8661,0.1847,0.2451,0.8622
mini-arch-right,2099,16,142,-7.4110,4.6362,5.8243,0.1847,0.2481,0.8598
mini-arch-right,2100,16,145,-7.4110,4.7190,5.7697,0.1847,0.2526,0.8566
mini-arch-right,2101,16,148,-7.4110,4.7189,5.7151,0.1847,0.2526,0.8534
mini-arch-right,2102,16,151,-7.4110,4.6363,5.6733,0.1847,0.2481,0.8510
mini-arch-right,2103,16,154,-7.4110,4.5807,5.6291,0.1847,0.2451,0.8484
mini-arch-right,2104,16,157,-7.4110,4.5065,5.5912,0.1847,0.2411,0.8462
mini-arch-right,2105,16,160,-7.4110,4.4840,5.5540,0.1847,0.2399,0.8441
mini-arch-right,2106,16,163,-7.4110,4.4440,5.5104,0.1847,0.2377,0.8415
mini-arch-right,2107,16,166,-7.4110,4.3883,5.4686,0.1847,0.2347,0.8391
mini-arch-right,2108,16,169,-7.4110,4.3594,5.4410,0.1847,0.2331,0.8375
mini-arch-right,2109,16,172,-7.4110,4.2646,5.4168,0.1847,0.2280,0.8361
mini-arch-right,2110,16,175,-7.4110,4.2304,5.3826,0.1847,0.2261,0.8341
mini-arch-right,2111,16,178,-7.4110,4.1953,5.3445,0.1847,0.2242,0.8319
mini-arch-right,2112,16,181,-7.4110,4.1307,5.3021,0.1847,0.2207,0.8294
mini-arch-right,2113,16,184,-7.4110,4.0381,5.2483,0.1847,0.2157,0.8263
mini-arch-right,2114,16,187,-7.4110,3.9322,5.1964,0.1847,0.2100,0.8233
mini-arch-right,2115,16,190,-7.4110,3.8713,5.1598,0.1847,0.2067,0.8211
mini-arch-right,2116,16,193,-7.4110,3.7795,5.1335,0.1847,0.2017,0.8196
mini-arch-right,2117,16,196,-7.4110,3.6957,5.1117,0.1847,0.1972,0.8183
mini-arch-right,2118,16,199,-7.4110,3.6525,5.0791,0.1847,0.1948,0.8164
mini-arch-right,2119,16,202,-7.4110,3.5872,5.0428,0.1847,0.1913,0.8143
mini-arch-right,2120,16,205,-7.4110,3.4717,5.0098,0.1847,0.1850,0.8124
mini-arch-right,2121,16,208,-7.4110,3.3956,4.9782,0.1847,0.1809,0.8106
mini-arch-right,2122,16,211,-7.4110,3.2831,4.9504,0.1847,0.1748,0.8089
mini-arch-right,2123,16,214,-7.4110,3.1643,4.9256,0.1847,0.1684,0.8075
mini-arch-right,2124,16,217,-7.4110,3.0424,4.9027,0.1847,0.1617,0.8062
mini-arch-right,2125,16,220,-7.4110,2.9214,4.8859,0.1847,0.1552,0.8052
mini-arch-right,2126,16,223,-7.4110,2.7980,4.8718,0.1847,0.1485,0.8044
mini-arch-right,2127,16,226,-7.4110,2.7558,4.8271,0.1847,0.1462,0.8018
mini-arch-right,2128,16,229,-7.4110,2.6545,4.7968,0.1847,0.1407,0.8000
mini-arch-right,2129,16,232,-7.4110,2.5382,4.7597,0.1847,0.1344,0.7979
mini-arch-right,2130,16,235,-7.4110,2.4144,4.7616,0.1847,0.1277,0.7980
mini-arch-right,2131,16,238,-7.4110,2.2906,4.7635,0.1847,0.1210,0.7981
mini-arch-right,2132,16,241,-7.4110,2.1668,4.7655,0.1847,0.1143,0.7982
mini-arch-right,2133,16,244,-7.4110,2.0429,4.7674,0.1847,0.1076,0.7983
mini-arch-right,2134,16,247,-7.4110,1.9191,4.7694,0.1847,0.1009,0.7984
mini-arch-right,2135,16,250,-7.4110,1.7953,4.7713,0.1847,0.0942,0.7985
mini-arch-right,2136,16,253,-7.4110,1.6715,4.7732,0.1847,0.0874,0.7986
mini-arch-right,2137,16,256,-7.4110,1.5477,4.7752,0.1847,0.0807,0.7988
mini-arch-right,2138,16,259,-7.4110,1.4239,4.7771,0.1847,0.0740,0.7989
mini-arch-right,2139,16,262,-7.4110,1.3001,4.7791,0.1847,0.0673,0.7990
mini-arch-right,2140,16,265,-7.4110,1.1762,4.7810,0.1847,0.0606,0.7991
mini-arch-right,2141,16,268,-7.4110,1.0524,4.7829,0.1847,0.0539,0.7992
mini-arch-right,2142,16,271,-7.4110,0.9286,4.7849,0.1847,0.0472,0.7993
mini-arch-right,2143,16,274,-7.4110,0.8048,4.7868,0.1847,0.0405,0.7994
mini-arch-right,2144,16,277,-7.4110,0.6810,4.7888,0.1847,0.0338,0.7996
mini-arch-right,2145,16,280,-7.4110,0.5572,4.7907,0.1847,0.0271,0.7997
mini-arch-right,2146,16,283,-7.4110,0.4334,4.7926,0.1847,0.0203,0.7998
mini-arch-right,2147,16,286,-7.4110,0.3095,4.7946,0.1847,0.0136,0.7999
mini-arch-right,2148,16,289,-7.4110,0.1857,4.7965,0.1847,0.0069,0.8000
mini-arch-right,2149,16,292,-7.4110,0.0619,4.7985,0.1847,0.0002,0.8001
mini-arch-right,2150,12,403,-6.1920,0.0626,6.3655,0.2307,0.0002,0.8913
mini-arch-right,2151,12,406,-6.1920,0.1877,6.3675,0.2307,0.0070,0.8914
mini-arch-right,2152,12,409,-6.1920,0.3128,6.3696,0.2307,0.0138,0.8915
mini-arch-right,2153,12,412,-6.1920,0.4379,6.3716,0.2307,0.0206,0.8916
mini-arch-right,2154,12,415,-6.1920,0.5630,6.3736,0.2307,0.0274,0.8917
mini-arch-right,2155,12,418,-6.1920,0.6881,6.3756,0.2307,0.0341,0.8918
mini-arch-right,2156,12,421,-6.1920,0.8132,6.3777,0.2307,0.0409,0.8920
mini-arch-right,2157,12,424,-6.1920,0.9383,6.3797,0.2307,0.0477,0.8921
mini-arch-right,2158,12,427,-6.1920,1.0634,6.3817,0.2307,0.0545,0.8922
mini-arch-right,2159,12,430,-6.1920,1.1885,6.3838,0.2307,0.0613,0.8923
mini-arch-right,2160,12,433,-6.1920,1.3136,6.3858,0.2307,0.0680,0.8924
mini-arch-right,2161,12,436,-6.1920,1.4387,6.3878,0.2307,0.0748,0.8925
mini-arch-right,2162,12,439,-6.1920,1.5638,6.3899,0.2307,0.0816,0.8927
mini-arch-right,2163,12,442,-6.1920,1.6889,6.3919,0.2307,0.0884,0.8928
mini-arch-right,2164,12,445,-6.1920,1.8140,6.3939,0.2307,0.0952,0.8929
mini-arch-right,2165,12,448,-6.1920,1.9391,6.3960,0.2307,0.1019,0.8930
mini-arch-right,2166,12,451,-6.1920,2.0643,6.3980,0.2307,0.1087,0.8931
mini-arch-right,2167,12,454,-6.1920,2.1894,6.4000,0.2307,0.1155,0.8933
mini-arch-right,2168,12,457,-6.1920,2.3145,6.4021,0.2307,0.1223,0.8934
mini-arch-right,2169,12,460,-6.1920,2.4396,6.4041,0.2307,0.1291,0.8935
mini-arch-right,2170,12,463,-6.1920,2.5627,6.3961,0.2307,0.1357,0.8930
mini-arch-right,2171,12,466,-6.1920,2.6814,6.3639,0.2307,0.1422,0.8912
mini-arch-right,2172,12,469,-6.1920,2.7387,6.3659,0.2307,0.1453,0.8913
mini-arch-right,2173,12,472,-6.1920,2.6884,6.3517,0.2307,0.1426,0.8904
mini-arch-right,2174,12,475,-6.1920,2.8134,6.3404,0.2307,0.1493,0.8898
mini-arch-right,2175,12,478,-6.1920,2.9373,6.3199,0.2307,0.1560,0.8886
mini-arch-right,2176,12,481,-6.1920,3.0587,6.2965,0.2307,0.1626,0.8872
mini-arch-right,2177,12,484,-6.1920,3.1741,6.2721,0.2307,0.1689,0.8858
mini-arch-right,2178,12,487,-6.1920,3.2726,6.2396,0.2307,0.1742,0.8839
mini-arch-right,2179,12,490,-6.1920,3.3843,6.2053,0.2307,0.1803,0.8819
mini-arch-right,2180,12,493,-6.1920,3.4625,6.1844,0.2307,0.1845,0.8807
mini-arch-right,2181,12,496,-6.1920,3.5232,6.1719,0.2307,0.1878,0.8800
mini-arch-right,2182,12,499,-6.1920,3.5052,6.1503,0.2307,0.1868,0.8787
mini-arch-right,2183,12,502,-6.1920,3.5986,6.1209,0.2307,0.1919,0.8770
mini-arch-right,2184,12,505,-6.1920,3.6831,6.0887,0.2307,0.1965,0.8752
mini-arch-right,2185,12,508,-6.1920,3.7539,6.0481,0.2307,0.2003,0.8728
mini-arch-right,2186,13,1,-6.1920,3.8373,6.0130,0.2307,0.2048,0.8708
mini-arch-right,2187,13,4,-6.1920,3.8610,5.9889,0.2307,0.2061,0.8693
mini-arch-right,2188,13,7,-6.1920,3.8807,5.9637,0.2307,0.2072,0.8679
mini-arch-right,2189,13,10,-6.1920,3.9442,5.9327,0.2307,0.2106,0.8661
mini-arch-right,2190,13,13,-6.1920,4.0071,5.8967,0.2307,0.2140,0.8640
mini-arch-right,2191,13,16,-6.1920,4.0776,5.8673,0.2307,0.2178,0.8623
mini-arch-right,2192,13,19,-6.1920,4.1185,5.8386,0.2307,0.2201,0.8606
mini-arch-right,2193,13,22,-6.1920,4.1639,5.8100,0.2307,0.2225,0.8589
mini-arch-right,2194,13,25,-6.1920,4.2465,5.7667,0.2307,0.2270,0.8564
mini-arch-right,2195,13,28,-6.1920,4.2464,5.7233,0.2307,0.2270,0.8539
mini-arch-right,2196,13,31,-6.1920,4.1639,5.6947,0.2307,0.2225,0.8522
mini-arch-right,2197,13,34,-6.1920,4.1184,5.6660,0.2307,0.2201,0.8506
mini-arch-right,2198,13,37,-6.1920,4.0775,5.6366,0.2307,0.2178,0.8489
mini-arch-right,2199,13,40,-6.1920,4.0070,5.6006,0.2307,0.2140,0.8468
mini-arch-right,2200,13,43,-6.1920,3.9442,5.5696,0.2307,0.2106,0.8450
mini-arch-right,2201,13,46,-6.1920,3.8807,5.5444,0.2307,0.2072,0.8435
mini-arch-right,2202,13,49,-6.1920,3.8609,5.5203,0.2307,0.2061,0.8421
mini-arch-right,2203,13,52,-6.1920,3.8373,5.4852,0.2307,0.2048,0.8401
mini-arch-right,2204,13,55,-6.1920,3.7538,5.4446,0.2307,0.2003,0.8377
mini-arch-right,2205,13,58,-6.1920,3.6830,5.4124,0.2307,0.1965,0.8358
mini-arch-right,2206,13,61,-6.1920,3.5985,5.3830,0.2307,0.1919,0.8341
mini-arch-right,2207,13,64,-6.1920,3.5051,5.3614,0.2307,0.1868,0.8329
mini-arch-right,2208,13,67,-6.1920,3.5232,5.3489,0.2307,0.1878,0.8321
mini-arch-right,2209,13,70,-6.1920,3.4626,5.3280,0.2307,0.1845,0.8309
mini-arch-right,2210,13,73,-6.1920,3.3843,5.2937,0.2307,0.1803,0.8289
mini-arch-right,2211,13,76,-6.1920,3.2726,5.2612,0.2307,0.1742,0.8270
mini-arch-right,2212,13,79,-6.1920,3.1740,5.2368,0.2307,0.1689,0.8256
mini-arch-right,2213,13,82,-6.1920,3.0586,5.2134,0.2307,0.1626,0.8242
mini-arch-right,2214,13,85,-6.1920,2.9372,5.1929,0.2307,0.1560,0.8231
mini-arch-right,2215,13,88,-6.1920,2.8133,5.1816,0.2307,0.1493,0.8224
mini-arch-right,2216,13,91,-6.1920,2.6884,5.1674,0.2307,0.1426,0.8216
mini-arch-right,2217,13,94,-6.1920,2.7386,5.1241,0.2307,0.1453,0.8191
mini-arch-right,2218,13,97,-6.1920,2.6813,5.1049,0.2307,0.1422,0.8179
mini-arch-right,2219,13,100,-6.1920,2.5627,5.0726,0.2307,0.1357,0.8161
mini-arch-right,2220,13,103,-6.1920,2.4396,5.0644,0.2307,0.1291,0.8156
mini-arch-right,2221,13,106,-6.1920,2.3145,5.0665,0.2307,0.1223,0.8157
mini-arch-right,2222,13,109,-6.1920,2.1894,5.0685,0.2307,0.1155,0.8158
mini-arch-right,2223,13,112,-6.1920,2.0643,5.0706,0.2307,0.1087,0.8159
mini-arch-right,2224,13,115,-6.1920,1.9391,5.0726,0.2307,0.1019,0.8161
mini-arch-right,2225,13,118,-6.1920,1.8140,5.0746,0.2307,0.0952,0.8162
mini-arch-right,2226,13,121,-6.1920,1.6889,5.0767,0.2307,0.0884,0.8163
mini-arch-right,2227,13,124,-6.1920,1.5638,5.0787,0.2307,0.0816,0.8164
mini-arch-right,2228,13,127,-6.1920,1.4387,5.0808,0.2307,0.0748,0.8165
mini-arch-right,2229,13,130,-6.1920,1.3136,5.0828,0.2307,0.0680,0.8167
mini-arch-right,2230,13,133,-6.1920,1.1885,5.0849,0.2307,0.0613,0.8168
mini-arch-right,2231,13,136,-6.1920,1.0634,5.0869,0.2307,0.0545,0.8169
mini-arch-right,2232,13,139,-6.1920,0.9383,5.0889,0.2307,0.0477,0.8170
mini-arch-right,2233,13,142,-6.1920,0.8132,5.0910,0.2307,0.0409,0.8171
mini-arch-right,2234,13,145,-6.1920,0.6881,5.0930,0.2307,0.0341,0.8172
mini-arch-right,2235,13,148,-6.1920,0.5630,5.0951,0.2307,0.0274,0.8174
mini-arch-right,2236,13,151,-6.1920,0.4379,5.0971,0.2307,0.0206,0.8175
mini-arch-right,2237,13,154,-6.1920,0.3128,5.0991,0.2307,0.0138,0.8176
mini-arch-right,2238,13,157,-6.1920,0.1877,5.1012,0.2307,0.0070,0.8177
mini-arch-right,2239,13,160,-6.1920,0.0626,5.1032,0.2307,0.0002,0.8178
quad-arch-back-bottom-left,2240,62,157,11.7747,0.0627,-6.7873,0.9081,0.0002,0.1263
quad-arch-back-bottom-left,2241,62,160,11.7747,0.1882,-6.7850,0.9081,0.0071,0.1264
quad-arch-back-bottom-left,2242,62,163,11.7747,0.3137,-6.7827,0.9081,0.0139,0.1266
quad-arch-back-bottom-left,2243,62,166,11.7747,0.4391,-6.7804,0.9081,0.0206,0.1267
quad-arch-back-bottom-left,2244,62,169,11.7747,0.5646,-6.7781,0.9081,0.0275,0.1268
quad-arch-back-bottom-left,2245,62,172,11.7747,0.6901,-6.7758,0.9081,0.0343,0.1270
quad-arch-back-bottom-left,2246,62,175,11.7747,0.8155,-6.7735,0.9081,0.0410,0.1271
quad-arch-back-bottom-left,2247,62,178,11.7747,0.9410,-6.7712,0.9081,0.0479,0.1272
quad-arch-back-bottom-left,2248,62,181,11.7747,1.0665,-6.7689,0.9081,0.0547,0.1274
quad-arch-back-bottom-left,2249,62,184,11.7747,1.1919,-6.7666,0.9081,0.0614,0.1275
quad-arch-back-bottom-left,2250,62,187,11.7747,1.3174,-6.7643,0.9081,0.0683,0.1276
quad-arch-back-bottom-left,2251,62,190,11.7747,1.4429,-6.7620,0.9081,0.0751,0.1278
quad-arch-back-bottom-left,2252,62,193,11.7747,1.5684,-6.7597,0.9081,0.0819,0.1279
quad-arch-back-bottom-left,2253,62,196,11.7747,1.6938,-6.7574,0.9081,0.0887,0.1280
quad-arch-back-bottom-left,2254,62,199,11.7747,1.8193,-6.7551,0.9081,0.0955,0.1282
quad-arch-back-bottom-left,2255,62,202,11.7747,1.9448,-6.7528,0.9081,0.1023,0.1283
quad-arch-back-bottom-left,2256,62,205,11.7747,2.0702,-6.7505,0.9081,0.1091,0.1284
quad-arch-back-bottom-left,2257,62,208,11.7747,2.1957,-6.7482,0.9081,0.1159,0.1286
quad-arch-back-bottom-left,2258,62,211,11.7747,2.3212,-6.7459,0.9081,0.1227,0.1287
quad-arch-back-bottom-left,2259,62,214,11.7747,2.4383,-6.7823,0.9081,0.1290,0.1266
quad-arch-back-bottom-left,2260,62,217,11.7747,2.5261,-6.7987,0.9081,0.1338,0.1256
quad-arch-back-bottom-left,2261,62,220,11.7747,2.6233,-6.8203,0.9081,0.1390,0.1244
quad-arch-back-bottom-left,2262,62,223,11.7747,2.7469,-6.8466,0.9081,0.1457,0.1228
quad-arch-back-bottom-left,2263,62,226,11.7747,2.8662,-6.8810,0.9081,0.1522,0.1208
quad-arch-back-bottom-left,2264,62,229,11.7747,2.9810,-6.9218,0.9081,0.1584,0.1185
quad-arch-back-bottom-left,2265,62,232,11.7747,3.0904,-6.9682,0.9081,0.1643,0.1158
quad-arch-back-bottom-left,2266,62,235,11.7747,3.2066,-7.0128,0.9081,0.1706,0.1132
quad-arch-back-bottom-left,2267,62,238,11.7747,3.2745,-7.0485,0.9081,0.1743,0.1111
quad-arch-back-bottom-left,2268,62,241,11.7747,3.3161,-7.0887,0.9081,0.1766,0.1088
quad-arch-back-bottom-left,2269,62,244,11.7747,3.4070,-7.1489,0.9081,0.1815,0.1053
quad-arch-back-bottom-left,2270,62,247,11.7747,3.5031,-7.2011,0.9081,0.1867,0.1022
quad-arch-back-bottom-left,2271,62,250,11.7747,3.5419,-7.2361,0.9081,0.1888,0.1002
quad-arch-back-bottom-left,2272,62,253,11.7747,3.5642,-7.2700,0.9081,0.1900,0.0982
quad-arch-back-bottom-left,2273,62,256,11.7747,3.6059,-7.3020,0.9081,0.1923,0.0963
quad-arch-back-bottom-left,2274,62,259,11.7747,3.6657,-7.3389,0.9081,0.1955,0.0942
quad-arch-back-bottom-left,2275,62,262,11.7747,3.7031,-7.3822,0.9081,0.1976,0.0917
quad-arch-back-bottom-left,2276,62,265,11.7747,3.7373,-7.4302,0.9081,0.1994,0.0889
quad-arch-back-bottom-left,2277,62,268,11.7747,3.7909,-7.4820,0.9081,0.2023,0.0859
quad-arch-back-bottom-left,2278,62,271,11.7747,3.8519,-7.5375,0.9081,0.2056,0.0827
quad-arch-back-bottom-left,2279,62,274,11.7747,3.8843,-7.5911,0.9081,0.2074,0.0795
quad-arch-back-bottom-left,2280,62,277,11.7747,3.9608,-7.6456,0.9081,0.2115,0.0764
quad-arch-back-bottom-left,2281,62,280,11.7747,3.9607,-7.7001,0.9081,0.2115,0.0732
quad-arch-back-bottom-left,2282,62,283,11.7747,3.8842,-7.7537,0.9081,0.2074,0.0701
quad-arch-back-bottom-left,2283,62,286,11.7747,3.8519,-7.8091,0.9081,0.2056,0.0669
quad-arch-back-bottom-left,2284,62,289,11.7747,3.7909,-7.8609,0.9081,0.2023,0.0638
quad-arch-back-bottom-left,2285,62,292,11.7747,3.7374,-7.9090,0.9081,0.1994,0.0610
quad-arch-back-bottom-left,2286,62,295,11.7747,3.7032,-7.9522,0.9081,0.1976,0.0585
quad-arch-back-bottom-left,2287,62,298,11.7747,3.6658,-7.9892,0.9081,0.1955,0.0564
quad-arch-back-bottom-left,2288,62,301,11.7747,3.6060,-8.0212,0.9081,0.1923,0.0545
quad-arch-back-bottom-left,2289,62,304,11.7747,3.5642,-8.0551,0.9081,0.1900,0.0525
quad-arch-back-bottom-left,2290,62,307,11.7747,3.5419,-8.0901,0.9081,0.1888,0.0505
quad-arch-back-bottom-left,2291,62,310,11.7747,3.5031,-8.1423,0.9081,0.1867,0.0475
quad-arch-back-bottom-left,2292,62,313,11.7747,3.4069,-8.2024,0.9081,0.1815,0.0440
quad-arch-back-bottom-left,2293,62,316,11.7747,3.3161,-8.2426,0.9081,0.1766,0.0416
quad-arch-back-bottom-left,2294,62,319,11.7747,3.2745,-8.2783,0.9081,0.1743,0.0396
quad-arch-back-bottom-left,2295,62,322,11.7747,3.2065,-8.3230,0.9081,0.1706,0.0370
quad-arch-back-bottom-left,2296,62,325,11.7747,3.0903,-8.3693,0.9081,0.1643,0.0343
quad-arch-back-bottom-left,2297,62,328,11.7747,2.9809,-8.4102,0.9081,0.1584,0.0319
quad-arch-back-bottom-left,2298,62,331,11.7747,2.8661,-8.4446,0.9081,0.1522,0.0299
quad-arch-back-bottom-left,2299,62,334,11.7747,2.7468,-8.4708,0.9081,0.1457,0.0284
quad-arch-back-bottom-left,2300,62,337,11.7747,2.6232,-8.4924,0.9081,0.1390,0.0271
quad-arch-back-bottom-left,2301,62,340,11.7747,2.5261,-8.5357,0.9081,0.1338,0.0246
quad-arch-back-bottom-left,2302,62,343,11.7747,2.4382,-8.5714,0.9081,0.1290,0.0225
quad-arch-back-bottom-left,2303,62,346,11.7747,2.3212,-8.6080,0.9081,0.1227,0.0204
quad-arch-back-bottom-left,2304,62,349,11.7747,2.1957,-8.6057,0.9081,0.1159,0.0205
quad-arch-back-bottom-left,2305,62,352,11.7747,2.0702,-8.6034,0.9081,0.1091,0.0207
quad-arch-back-bottom-left,2306,62,355,11.7747,1.9448,-8.6011,0.9081,0.1023,0.0208
quad-arch-back-bottom-left,2307,62,358,11.7747,1.8193,-8.5987,0.9081,0.0955,0.0209
quad-arch-back-bottom-left,2308,62,361,11.7747,1.6938,-8.5964,0.9081,0.0887,0.0211
quad-arch-back-bottom-left,2309,62,364,11.7747,1.5683,-8.5941,0.9081,0.0819,0.0212
quad-arch-back-bottom-left,2310,62,367,11.7747,1.4429,-8.5918,0.9081,0.0751,0.0213
quad-arch-back-bottom-left,2311,62,370,11.7747,1.3174,-8.5895,0.9081,0.0683,0.0215
quad-arch-back-bottom-left,2312,62,373,11.7747,1.1919,-8.5872,0.9081,0.0614,0.0216
quad-arch-back-bottom-left,2313,62,376,11.7747,1.0665,-8.5849,0.9081,0.0547,0.0217
quad-arch-back-bottom-left,2314,62,379,11.7747,0.9410,-8.5826,0.9081,0.0479,0.0219
quad-arch-back-bottom-left,2315,62,382,11.7747,0.8155,-8.5803,0.9081,0.0410,0.0220
quad-arch-back-bottom-left,2316,62,385,11.7747,0.6901,-8.5780,0.9081,0.0343,0.0221
quad-arch-back-bottom-left,2317,62,388,11.7747,0.5646,-8.5757,0.9081,0.0275,0.0223
quad-arch-back-bottom-left,2318,62,391,11.7747,0.4391,-8.5734,0.9081,0.0206,0.0224
quad-arch-back-bottom-left,2319,62,394,11.7747,0.3137,-8.5710,0.9081,0.0139,0.0225
quad-arch-back-bottom-left,2320,62,397,11.7747,0.1882,-8.5687,0.9081,0.0071,0.0227
quad-arch-back-bottom-left,2321,62,400,11.7747,0.0627,-8.5664,0.9081,0.0002,0.0228
quad-arch-back-bottom-left,2322,62,403,12.1043,0.0611,-8.8960,0.9205,0.0002,0.0036
quad-arch-back-bottom-left,2323,62,406,12.1020,0.1833,-8.8960,0.9204,0.0068,0.0036
quad-arch-back-bottom-left,2324,62,409,12.0998,0.3056,-8.8960,0.9203,0.0134,0.0036
quad-arch-back-bottom-left,2325,62,412,12.0975,0.4278,-8.8960,0.9202,0.0200,0.0036
quad-arch-back-bottom-left,2326,62,415,12.0953,0.5500,-8.8960,0.9202,0.0267,0.0036
quad-arch-back-bottom-left,2327,62,418,12.0930,0.6723,-8.8960,0.9201,0.0333,0.0036
quad-arch-back-bottom-left,2328,62,421,12.0908,0.7945,-8.8960,0.9200,0.0399,0.0036
quad-arch-back-bottom-left,2329,62,424,12.0885,0.9167,-8.8960,0.9199,0.0465,0.0036
quad-arch-back-bottom-left,2330,62,427,12.0863,1.0390,-8.8960,0.9198,0.0532,0.0036
quad-arch-back-bottom-left,2331,62,430,12.0841,1.1612,-8.8960,0.9197,0.0598,0.0036
quad-arch-back-bottom-left,2332,62,433,12.0818,1.2834,-8.8960,0.9196,0.0664,0.0036
quad-arch-back-bottom-left,2333,62,436,12.0796,1.4056,-8.8960,0.9196,0.0730,0.0036
quad-arch-back-bottom-left,2334,62,439,12.0773,1.5279,-8.8960,0.9195,0.0797,0.0036
quad-arch-back-bottom-left,2335,62,442,12.0751,1.6501,-8.8960,0.9194,0.0863,0.0036
quad-arch-back-bottom-left,2336,62,445,12.0728,1.7723,-8.8960,0.9193,0.0929,0.0036
quad-arch-back-bottom-left,2337,62,448,12.0706,1.8946,-8.8960,0.9192,0.0995,0.0036
quad-arch-back-bottom-left,2338,62,451,12.0683,2.0168,-8.8960,0.9191,0.1062,0.0036
quad-arch-back-bottom-left,2339,62,454,12.0661,2.1390,-8.8960,0.9191,0.1128,0.0036
quad-arch-back-bottom-left,2340,62,457,12.0638,2.2613,-8.8960,0.9190,0.1194,0.0036
quad-arch-back-bottom-left,2341,62,460,12.0815,2.3777,-8.8960,0.9196,0.1257,0.0036
quad-arch-back-bottom-left,2342,62,463,12.1131,2.4957,-8.8960,0.9208,0.1321,0.0036
quad-arch-back-bottom-left,2343,62,466,12.1536,2.5538,-8.8960,0.9224,0.1353,0.0036
quad-arch-back-bottom-left,2344,62,469,12.1920,2.6757,-8.8960,0.9238,0.1419,0.0036
quad-arch-back-bottom-left,2345,62,472,12.2115,2.7935,-8.8960,0.9245,0.1483,0.0036
quad-arch-back-bottom-left,2346,62,475,12.2408,2.9110,-8.8960,0.9256,0.1546,0.0036
quad-arch-back-bottom-left,2347,62,478,12.2772,3.0139,-8.8960,0.9270,0.1602,0.0036
quad-arch-back-bottom-left,2348,62,481,12.3200,3.1273,-8.8960,0.9286,0.1663,0.0036
quad-arch-back-bottom-left,2349,62,484,12.3659,3.2247,-8.8960,0.9304,0.1716,0.0036
quad-arch-back-bottom-left,2350,62,487,12.4061,3.3072,-8.8960,0.9319,0.1761,0.0036
quad-arch-back-bottom-left,2351,62,490,12.4377,3.3446,-8.8960,0.9331,0.1781,0.0036
quad-arch-back-bottom-left,2352,62,493,12.4817,3.4303,-8.8960,0.9347,0.1828,0.0036
quad-arch-back-bottom-left,2353,62,496,12.5391,3.5262,-8.8960,0.9369,0.1880,0.0036
quad-arch-back-bottom-left,2354,62,499,12.5861,3.5619,-8.8960,0.9387,0.1899,0.0036
quad-arch-back-bottom-left,2355,62,502,12.6205,3.5810,-8.8960,0.9400,0.1909,0.0036
quad-arch-back-bottom-left,2356,62,505,12.6550,3.6045,-8.8960,0.9413,0.1922,0.0036
quad-arch-back-bottom-left,2357,62,508,12.6880,3.6562,-8.8960,0.9425,0.1950,0.0036
quad-arch-back-bottom-left,2358,63,1,12.7252,3.6973,-8.8960,0.9439,0.1972,0.0036
quad-arch-back-bottom-left,2359,63,4,12.7669,3.7403,-8.8960,0.9455,0.1996,0.0036
quad-arch-back-bottom-left,2360,63,7,12.8129,3.7916,-8.8960,0.9472,0.2023,0.0036
quad-arch-back-bottom-left,2361,63,10,12.8633,3.8538,-8.8960,0.9491,0.2057,0.0036
quad-arch-back-bottom-left,2362,63,13,12.9177,3.8789,-8.8960,0.9512,0.2071,0.0036
quad-arch-back-bottom-left,2363,63,16,12.9709,3.9522,-8.8960,0.9532,0.2111,0.0036
quad-arch-back-bottom-left,2364,63,19,13.0275,3.9522,-8.8960,0.9553,0.2111,0.0036
quad-arch-back-bottom-left,2365,63,22,13.0841,3.8789,-8.8960,0.9574,0.2071,0.0036
quad-arch-back-bottom-left,2366,63,25,13.1373,3.8537,-8.8960,0.9594,0.2057,0.0036
quad-arch-back-bottom-left,2367,63,28,13.1917,3.7917,-8.8960,0.9615,0.2024,0.0036
quad-arch-back-bottom-left,2368,63,31,13.2421,3.7403,-8.8960,0.9634,0.1996,0.0036
quad-arch-back-bottom-left,2369,63,34,13.2882,3.6972,-8.8960,0.9651,0.1972,0.0036
quad-arch-back-bottom-left,2370,63,37,13.3298,3.6562,-8.8960,0.9667,0.1950,0.0036
quad-arch-back-bottom-left,2371,63,40,13.3670,3.6046,-8.8960,0.9681,0.1922,0.0036
quad-arch-back-bottom-left,2372,63,43,13.4000,3.5810,-8.8960,0.9693,0.1909,0.0036
quad-arch-back-bottom-left,2373,63,46,13.4345,3.5620,-8.8960,0.9706,0.1899,0.0036
quad-arch-back-bottom-left,2374,63,49,13.4689,3.5263,-8.8960,0.9719,0.1880,0.0036
quad-arch-back-bottom-left,2375,63,52,13.5159,3.4304,-8.8960,0.9737,0.1828,0.0036
quad-arch-back-bottom-left,2376,63,55,13.5733,3.3447,-8.8960,0.9759,0.1781,0.0036
quad-arch-back-bottom-left,2377,63,58,13.6173,3.3073,-8.8960,0.9775,0.1761,0.0036
quad-arch-back-bottom-left,2378,63,61,13.6489,3.2248,-8.8960,0.9787,0.1716,0.0036
quad-arch-back-bottom-left,2379,63,64,13.6891,3.1274,-8.8960,0.9802,0.1664,0.0036
quad-arch-back-bottom-left,2380,63,67,13.7350,3.0140,-8.8960,0.9820,0.1602,0.0036
quad-arch-back-bottom-left,2381,63,70,13.7779,2.9110,-8.8960,0.9836,0.1546,0.0036
quad-arch-back-bottom-left,2382,63,73,13.8142,2.7936,-8.8960,0.9850,0.1483,0.0036
quad-arch-back-bottom-left,2383,63,76,13.8435,2.6758,-8.8960,0.9861,0.1419,0.0036
quad-arch-back-bottom-left,2384,63,79,13.8630,2.5539,-8.8960,0.9868,0.1353,0.0036
quad-arch-back-bottom-left,2385,63,82,13.8746,2.4957,-8.8960,0.9872,0.1321,0.0036
quad-arch-back-bottom-left,2386,63,85,13.9061,2.3778,-8.8960,0.9884,0.1257,0.0036
quad-arch-back-bottom-left,2387,63,88,13.9237,2.2613,-8.8960,0.9891,0.1194,0.0036
quad-arch-back-bottom-left,2388,63,91,13.9214,2.1390,-8.8960,0.9890,0.1128,0.0036
quad-arch-back-bottom-left,2389,63,94,13.9192,2.0168,-8.8960,0.9889,0.1062,0.0036
quad-arch-back-bottom-left,2390,63,97,13.9170,1.8946,-8.8960,0.9888,0.0995,0.0036
quad-arch-back-bottom-left,2391,63,100,13.9147,1.7723,-8.8960,0.9887,0.0929,0.0036
quad-arch-back-bottom-left,2392,63,103,13.9125,1.6501,-8.8960,0.9887,0.0863,0.0036
quad-arch-back-bottom-left,2393,63,106,13.9103,1.5279,-8.8960,0.9886,0.0797,0.0036
quad-arch-back-bottom-left,2394,63,109,13.9080,1.4057,-8.8960,0.9885,0.0730,0.0036
quad-arch-back-bottom-left,2395,63,112,13.9058,1.2834,-8.8960,0.9884,0.0664,0.0036
quad-arch-back-bottom-left,2396,63,115,13.9035,1.1612,-8.8960,0.9883,0.0598,0.0036
quad-arch-back-bottom-left,2397,63,118,13.9013,1.0390,-8.8960,0.9882,0.0532,0.0036
quad-arch-back-bottom-left,2398,63,121,13.8991,0.9167,-8.8960,0.9882,0.0465,0.0036
quad-arch-back-bottom-left,2399,63,124,13.8968,0.7945,-8.8960,0.9881,0.0399,0.0036
quad-arch-back-bottom-left,2400,63,127,13.8946,0.6723,-8.8960,0.9880,0.0333,0.0036
quad-arch-back-bottom-left,2401,63,130,13.8924,0.5500,-8.8960,0.9879,0.0267,0.0036
quad-arch-back-bottom-left,2402,63,133,13.8901,0.4278,-8.8960,0.9878,0.0200,0.0036
quad-arch-back-bottom-left,2403,63,136,13.8879,0.3056,-8.8960,0.9877,0.0134,0.0036
quad-arch-back-bottom-left,2404,63,139,13.8856,0.1833,-8.8960,0.9877,0.0068,0.0036
quad-arch-back-bottom-left,2405,63,142,13.8834,0.0611,-8.8960,0.9876,0.0002,0.0036
quad-arch-back-bottom-left,2406,63,145,14.2131,0.0627,-8.5664,1.0000,0.0002,0.0228
quad-arch-back-bottom-left,2407,63,148,14.2131,0.1882,-8.5687,1.0000,0.0071,0.0227
quad-arch-back-bottom-left,2408,63,151,14.2131,0.3137,-8.5710,1.0000,0.0139,0.0225
quad-arch-back-bottom-left,2409,63,154,14.2131,0.4391,-8.5734,1.0000,0.0206,0.0224
quad-arch-back-bottom-left,2410,63,157,14.2131,0.5646,-8.5757,1.0000,0.0275,0.0223
quad-arch-back-bottom-left,2411,63,160,14.2131,0.6901,-8.5780,1.0000,0.0343,0.0221
quad-arch-back-bottom-left,2412,63,163,14.2131,0.8155,-8.5803,1.0000,0.0410,0.0220
quad-arch-back-bottom-left,2413,63,166,14.2131,0.9410,-8.5826,1.0000,0.0479,0.0219
quad-arch-back-bottom-left,2414,63,169,14.2131,1.0665,-8.5849,1.0000,0.0547,0.0217
quad-arch-back-bottom-left,2415,63,172,14.2131,1.1919,-8.5872,1.0000,0.0614,0.0216
quad-arch-back-bottom-left,2416,63,175,14.2131,1.3174,-8.5895,1.0000,0.0683,0.0215
quad-arch-back-bottom-left,2417,63,178,14.2131,1.4429,-8.5918,1.0000,0.0751,0.0213
quad-arch-back-bottom-left,2418,63,181,14.2131,1.5683,-8.5941,1.0000,0.0819,0.0212
quad-arch-back-bottom-left,2419,63,184,14.2131,1.6938,-8.5964,1.0000,0.0887,0.0211
quad-arch-back-bottom-left,2420,63,187,14.2131,1.8193,-8.5987,1.0000,0.0955,0.0209
quad-arch-back-bottom-left,2421,63,190,14.2131,1.9448,-8.6011,1.0000,0.1023,0.0208
quad-arch-back-bottom-left,2422,63,193,14.2131,2.0702,-8.6034,1.0000,0.1091,0.0207
quad-arch-back-bottom-left,2423,63,196,14.2131,2.1957,-8.6057,1.0000,0.1159,0.0205
quad-arch-back-bottom-left,2424,63,199,14.2131,2.3212,-8.6080,1.0000,0.1227,0.0204
quad-arch-back-bottom-left,2425,63,202,14.2131,2.4382,-8.5714,1.0000,0.1290,0.0225
quad-arch-back-bottom-left,2426,63,205,14.2131,2.5261,-8.5357,1.0000,0.1338,0.0246
quad-arch-back-bottom-left,2427,63,208,14.2131,2.6232,-8.4924,1.0000,0.1390,0.0271
quad-arch-back-bottom-left,2428,63,211,14.2131,2.7468,-8.4708,1.0000,0.1457,0.0284
quad-arch-back-bottom-left,2429,63,214,14.2131,2.8661,-8.4446,1.0000,0.1522,0.0299
quad-arch-back-bottom-left,2430,63,217,14.2131,2.9809,-8.4102,1.0000,0.1584,0.0319
quad-arch-back-bottom-left,2431,63,220,14.2131,3.0903,-8.3693,1.0000,0.1643,0.0343
quad-arch-back-bottom-left,2432,63,223,14.2131,3.2065,-8.3230,1.0000,0.1706,0.0370
quad-arch-back-bottom-left,2433,63,226,14.2131,3.2745,-8.2783,1.0000,0.1743,0.0396
quad-arch-back-bottom-left,2434,63,229,14.2131,3.3161,-8.2426,1.0000,0.1766,0.0416
quad-arch-back-bottom-left,2435,63,232,14.2131,3.4069,-8.2024,1.0000,0.1815,0.0440
quad-arch-back-bottom-left,2436,63,235,14.2131,3.5031,-8.1423,1.0000,0.1867,0.0475
quad-arch-back-bottom-left,2437,63,238,14.2131,3.5419,-8.0901,1.0000,0.1888,0.0505
quad-arch-back-bottom-left,2438,63,241,14.2131,3.5642,-8.0551,1.0000,0.1900,0.0525
quad-arch-back-bottom-left,2439,63,244,14.2131,3.6060,-8.0212,1.0000,0.1923,0.0545
quad-arch-back-bottom-left,2440,63,247,14.2131,3.6658,-7.9892,1.0000,0.1955,0.0564
quad-arch-back-bottom-left,2441,63,250,14.2131,3.7032,-7.9522,1.0000,0.1976,0.0585
quad-arch-back-bottom-left,2442,63,253,14.2131,3.7374,-7.9090,1.0000,0.1994,0.0610
quad-arch-back-bottom-left,2443,63,256,14.2131,3.7909,-7.8609,1.0000,0.2023,0.0638
quad-arch-back-bottom-left,2444,63,259,14.2131,3.8519,-7.8091,1.0000,0.2056,0.0669
quad-arch-back-bottom-left,2445,63,262,14.2131,3.8842,-7.7537,1.0000,0.2074,0.0701
quad-arch-back-bottom-left,2446,63,265,14.2131,3.9607,-7.7001,1.0000,0.2115,0.0732
quad-arch-back-bottom-left,2447,63,268,14.2131,3.9608,-7.6456,1.0000,0.2115,0.0764
quad-arch-back-bottom-left,2448,63,271,14.2131,3.8843,-7.5911,1.0000,0.2074,0.0795
quad-arch-back-bottom-left,2449,63,274,14.2131,3.8519,-7.5375,1.0000,0.2056,0.0827
quad-arch-back-bottom-left,2450,63,277,14.2131,3.7909,-7.4820,1.0000,0.2023,0.0859
quad-arch-back-bottom-left,2451,63,280,14.2131,3.7373,-7.4302,1.0000,0.1994,0.0889
quad-arch-back-bottom-left,2452,63,283,14.2131,3.7031,-7.3822,1.0000,0.1976,0.0917
quad-arch-back-bottom-left,2453,63,286,14.2131,3.6657,-7.3389,1.0000,0.1955,0.0942
quad-arch-back-bottom-left,2454,63,289,14.2131,3.6059,-7.3020,1.0000,0.1923,0.0963
quad-arch-back-bottom-left,2455,63,292,14.2131,3.5642,-7.2700,1.0000,0.1900,0.0982
quad-arch-back-bottom-left,2456,63,295,14.2131,3.5419,-7.2361,1.0000,0.1888,0.1002
quad-arch-back-bottom-left,2457,63,298,14.2131,3.5031,-7.2011,1.0000,0.1867,0.1022
quad-arch-back-bottom-left,2458,63,301,14.2131,3.4070,-7.1489,1.0000,0.1815,0.1053
quad-arch-back-bottom-left,2459,63,304,14.2131,3.3161,-7.0887,1.0000,0.1766,0.1088
quad-arch-back-bottom-left,2460,63,307,14.2131,3.2745,-7.0485,1.0000,0.1743,0.1111
quad-arch-back-bottom-left,2461,63,310,14.2131,3.2066,-7.0128,1.0000,0.1706,0.1132
quad-arch-back-bottom-left,2462,63,313,14.2131,3.0904,-6.9682,1.0000,0.1643,0.1158
quad-arch-back-bottom-left,2463,63,316,14.2131,2.9810,-6.9218,1.0000,0.1584,0.1185
quad-arch-back-bottom-left,2464,63,319,14.2131,2.8662,-6.8810,1.0000,0.1522,0.1208
quad-arch-back-bottom-left,2465,63,322,14.2131,2.7469,-6.8466,1.0000,0.1457,0.1228
quad-arch-back-bottom-left,2466,63,325,14.2131,2.6233,-6.8203,1.0000,0.1390,0.1244
quad-arch-back-bottom-left,2467,63,328,14.2131,2.5261,-6.7987,1.0000,0.1338,0.1256
quad-arch-back-bottom-left,2468,63,331,14.2131,2.4383,-6.7823,1.0000,0.1290,0.1266
quad-arch-back-bottom-left,2469,63,334,14.2131,2.3212,-6.7459,1.0000,0.1227,0.1287
quad-arch-back-bottom-left,2470,63,337,14.2131,2.1957,-6.7482,1.0000,0.1159,0.1286
quad-arch-back-bottom-left,2471,63,340,14.2131,2.0702,-6.7505,1.0000,0.1091,0.1284
quad-arch-back-bottom-left,2472,63,343,14.2131,1.9448,-6.7528,1.0000,0.1023,0.1283
quad-arch-back-bottom-left,2473,63,346,14.2131,1.8193,-6.7551,1.0000,0.0955,0.1282
quad-arch-back-bottom-left,2474,63,349,14.2131,1.6938,-6.7574,1.0000,0.0887,0.1280
quad-arch-back-bottom-left,2475,63,352,14.2131,1.5684,-6.7597,1.0000,0.0819,0.1279
quad-arch-back-bottom-left,2476,63,355,14.2131,1.4429,-6.7620,1.0000,0.0751,0.1278
quad-arch-back-bottom-left,2477,63,358,14.2131,1.3174,-6.7643,1.0000,0.0683,0.1276
quad-arch-back-bottom-left,2478,63,361,14.2131,1.1919,-6.7666,1.0000,0.0614,0.1275
quad-arch-back-bottom-left,2479,63,364,14.2131,1.0665,-6.7689,1.0000,0.0547,0.1274
quad-arch-back-bottom-left,2480,63,367,14.2131,0.9410,-6.7712,1.0000,0.0479,0.1272
quad-arch-back-bottom-left,2481,63,370,14.2131,0.8155,-6.7735,1.0000,0.0410,0.1271
quad-arch-back-bottom-left,2482,63,373,14.2131,0.6901,-6.7758,1.0000,0.0343,0.1270
quad-arch-back-bottom-left,2483,63,376,14.2131,0.5646,-6.7781,1.0000,0.0275,0.1268
quad-arch-back-bottom-left,2484,63,379,14.2131,0.4391,-6.7804,1.0000,0.0206,0.1267
quad-arch-back-bottom-left,2485,63,382,14.2131,0.3137,-6.7827,1.0000,0.0139,0.1266
quad-arch-back-bottom-left,2486,63,385,14.2131,0.1882,-6.7850,1.0000,0.0071,0.1264
quad-arch-back-bottom-left,2487,63,388,14.2131,0.0627,-6.7873,1.0000,0.0002,0.1263
quad-arch-back-bottom-left,2488,63,391,13.8834,0.0611,-6.4576,0.9876,0.0002,0.1455
quad-arch-back-bottom-left,2489,63,394,13.8856,0.1833,-6.4576,0.9877,0.0068,0.1455
quad-arch-back-bottom-left,2490,63,397,13.8879,0.3056,-6.4576,0.9877,0.0134,0.1455
quad-arch-back-bottom-left,2491,63,400,13.8901,0.4278,-6.4576,0.9878,0.0200,0.1455
quad-arch-back-bottom-left,2492,63,403,13.8924,0.5500,-6.4576,0.9879,0.0267,0.1455
quad-arch-back-bottom-left,2493,63,406,13.8946,0.6723,-6.4576,0.9880,0.0333,0.1455
quad-arch-back-bottom-left,2494,63,409,13.8968,0.7945,-6.4576,0.9881,0.0399,0.1455
quad-arch-back-bottom-left,2495,63,412,13.8991,0.9167,-6.4576,0.9882,0.0465,0.1455
quad-arch-back-bottom-left,2496,63,415,13.9013,1.0390,-6.4576,0.9882,0.0532,0.1455
quad-arch-back-bottom-left,2497,63,418,13.9035,1.1612,-6.4576,0.9883,0.0598,0.1455
quad-arch-back-bottom-left,2498,63,421,13.9058,1.2834,-6.4576,0.9884,0.0664,0.1455
quad-arch-back-bottom-left,2499,63,424,13.9080,1.4057,-6.4576,0.9885,0.0730,0.1455
quad-arch-back-bottom-left,2500,63,427,13.9103,1.5279,-6.4576,0.9886,0.0797,0.1455
quad-arch-back-bottom-left,2501,63,430,13.9125,1.6501,-6.4576,0.9887,0.0863,0.1455
quad-arch-back-bottom-left,2502,63,433,13.9147,1.7723,-6.4576,0.9887,0.0929,0.1455
quad-arch-back-bottom-left,2503,63,436,13.9170,1.8946,-6.4576,0.9888,0.0995,0.1455
quad-arch-back-bottom-left,2504,63,439,13.9192,2.0168,-6.4576,0.9889,0.1062,0.1455
quad-arch-back-bottom-left,2505,63,442,13.9214,2.1390,-6.4576,0.9890,0.1128,0.1455
quad-arch-back-bottom-left,2506,63,445,13.9237,2.2613,-6.4576,0.9891,0.1194,0.1455
quad-arch-back-bottom-left,2507,63,448,13.9061,2.3778,-6.4576,0.9884,0.1257,0.1455
quad-arch-back-bottom-left,2508,63,451,13.8746,2.4957,-6.4576,0.9872,0.1321,0.1455
quad-arch-back-bottom-left,2509,63,454,13.8630,2.5539,-6.4576,0.9868,0.1353,0.1455
quad-arch-back-bottom-left,2510,63,457,13.8435,2.6758,-6.4576,0.9861,0.1419,0.1455
quad-arch-back-bottom-left,2511,63,460,13.8142,2.7936,-6.4576,0.9850,0.1483,0.1455
quad-arch-back-bottom-left,2512,63,463,13.7779,2.9110,-6.4576,0.9836,0.1546,0.1455
quad-arch-back-bottom-left,2513,63,466,13.7350,3.0140,-6.4576,0.9820,0.1602,0.1455
quad-arch-back-bottom-left,2514,63,469,13.6891,3.1274,-6.4576,0.9802,0.1664,0.1455
quad-arch-back-bottom-left,2515,63,472,13.6489,3.2248,-6.4576,0.9787,0.1716,0.1455
quad-arch-back-bottom-left,2516,63,475,13.6173,3.3073,-6.4576,0.9775,0.1761,0.1455
quad-arch-back-bottom-left,2517,63,478,13.5733,3.3447,-6.4576,0.9759,0.1781,0.1455
quad-arch-back-bottom-left,2518,63,481,13.5159,3.4304,-6.4576,0.9737,0.1828,0.1455
quad-arch-back-bottom-left,2519,63,484,13.4689,3.5263,-6.4576,0.9719,0.1880,0.1455
quad-arch-back-bottom-left,2520,63,487,13.4345,3.5620,-6.4576,0.9706,0.1899,0.1455
quad-arch-back-bottom-left,2521,63,490,13.4000,3.5810,-6.4576,0.9693,0.1909,0.1455
quad-arch-back-bottom-left,2522,63,493,13.3670,3.6046,-6.4576,0.9681,0.1922,0.1455
quad-arch-back-bottom-left,2523,63,496,13.3298,3.6562,-6.4576,0.9667,0.1950,0.1455
quad-arch-back-bottom-left,2524,63,499,13.2882,3.6972,-6.4576,0.9651,0.1972,0.1455
quad-arch-back-bottom-left,2525,63,502,13.2421,3.7403,-6.4576,0.9634,0.1996,0.1455
quad-arch-back-bottom-left,2526,63,505,13.1917,3.7917,-6.4576,0.9615,0.2024,0.1455
quad-arch-back-bottom-left,2527,63,508,13.1373,3.8537,-6.4576,0.9594,0.2057,0.1455
quad-arch-back-bottom-left,2528,64,1,13.0841,3.8789,-6.4576,0.9574,0.2071,0.1455
quad-arch-back-bottom-left,2529,64,4,13.0275,3.9522,-6.4576,0.9553,0.2111,0.1455
quad-arch-back-bottom-left,2530,64,7,12.9709,3.9522,-6.4576,0.9532,0.2111,0.1455
quad-arch-back-bottom-left,2531,64,10,12.9177,3.8789,-6.4576,0.9512,0.2071,0.1455
quad-arch-back-bottom-left,2532,64,13,12.8633,3.8538,-6.4576,0.9491,0.2057,0.1455
quad-arch-back-bottom-left,2533,64,16,12.8129,3.7916,-6.4576,0.9472,0.2023,0.1455
quad-arch-back-bottom-left,2534,64,19,12.7669,3.7403,-6.4576,0.9455,0.1996,0.1455
quad-arch-back-bottom-left,2535,64,22,12.7252,3.6973,-6.4576,0.9439,0.1972,0.1455
quad-arch-back-bottom-left,2536,64,25,12.6880,3.6562,-6.4576,0.9425,0.1950,0.1455
quad-arch-back-bottom-left,2537,64,28,12.6550,3.6045,-6.4576,0.9413,0.1922,0.1455
quad-arch-back-bottom-left,2538,64,31,12.6205,3.5810,-6.4576,0.9400,0.1909,0.1455
quad-arch-back-bottom-left,2539,64,34,12.5861,3.5619,-6.4576,0.9387,0.1899,0.1455
quad-arch-back-bottom-left,2540,64,37,12.5391,3.5262,-6.4576,0.9369,0.1880,0.1455
quad-arch-back-bottom-left,2541,64,40,12.4817,3.4303,-6.4576,0.9347,0.1828,0.1455
quad-arch-back-bottom-left,2542,64,43,12.4377,3.3446,-6.4576,0.9331,0.1781,0.1455
quad-arch-back-bottom-left,2543,64,46,12.4061,3.3072,-6.4576,0.9319,0.1761,0.1455
quad-arch-back-bottom-left,2544,64,49,12.3659,3.2247,-6.4576,0.9304,0.1716,0.1455
quad-arch-back-bottom-left,2545,64,52,12.3200,3.1273,-6.4576,0.9286,0.1663,0.1455
quad-arch-back-bottom-left,2546,64,55,12.2772,3.0139,-6.4576,0.9270,0.1602,0.1455
quad-arch-back-bottom-left,2547,64,58,12.2408,2.9110,-6.4576,0.9256,0.1546,0.1455
quad-arch-back-bottom-left,2548,64,61,12.2115,2.7935,-6.4576,0.9245,0.1483,0.1455
quad-arch-back-bottom-left,2549,64,64,12.1920,2.6757,-6.4576,0.9238,0.1419,0.1455
quad-arch-back-bottom-left,2550,64,67,12.1536,2.5538,-6.4576,0.9224,0.1353,0.1455
quad-arch-back-bottom-left,2551,64,70,12.1131,2.4957,-6.4576,0.9208,0.1321,0.1455
quad-arch-back-bottom-left,2552,64,73,12.0815,2.3777,-6.4576,0.9196,0.1257,0.1455
quad-arch-back-bottom-left,2553,64,76,12.0638,2.2613,-6.4576,0.9190,0.1194,0.1455
quad-arch-back-bottom-left,2554,64,79,12.0661,2.1390,-6.4576,0.9191,0.1128,0.1455
quad-arch-back-bottom-left,2555,64,82,12.0683,2.0168,-6.4576,0.9191,0.1062,0.1455
quad-arch-back-bottom-left,2556,64,85,12.0706,1.8946,-6.4576,0.9192,0.0995,0.1455
quad-arch-back-bottom-left,2557,64,88,12.0728,1.7723,-6.4576,0.9193,0.0929,0.1455
quad-arch-back-bottom-left,2558,64,91,12.0751,1.6501,-6.4576,0.9194,0.0863,0.1455
quad-arch-back-bottom-left,2559,64,94,12.0773,1.5279,-6.4576,0.9195,0.0797,0.1455
quad-arch-back-bottom-left,2560,64,97,12.0796,1.4056,-6.4576,0.9196,0.0730,0.1455
quad-arch-back-bottom-left,2561,64,100,12.0818,1.2834,-6.4576,0.9196,0.0664,0.1455
quad-arch-back-bottom-left,2562,64,103,12.0841,1.1612,-6.4576,0.9197,0.0598,0.1455
quad-arch-back-bottom-left,2563,64,106,12.0863,1.0390,-6.4576,0.9198,0.0532,0.1455
quad-arch-back-bottom-left,2564,64,109,12.0885,0.9167,-6.4576,0.9199,0.0465,0.1455
quad-arch-back-bottom-left,2565,64,112,12.0908,0.7945,-6.4576,0.9200,0.0399,0.1455
quad-arch-back-bottom-left,2566,64,115,12.0930,0.6723,-6.4576,0.9201,0.0333,0.1455
quad-arch-back-bottom-left,2567,64,118,12.0953,0.5500,-6.4576,0.9202,0.0267,0.1455
quad-arch-back-bottom-left,2568,64,121,12.0975,0.4278,-6.4576,0.9202,0.0200,0.1455
quad-arch-back-bottom-left,2569,64,124,12.0998,0.3056,-6.4576,0.9203,0.0134,0.1455
quad-arch-back-bottom-left,2570,64,127,12.1020,0.1833,-6.4576,0.9204,0.0068,0.1455
quad-arch-back-bottom-left,2571,64,130,12.1043,0.0611,-6.4576,0.9205,0.0002,0.1455
quad-arch-back-bottom-right,2572,69,157,11.7747,0.0627,7.8431,0.9081,0.0002,0.9772
quad-arch-back-bottom-right,2573,69,160,11.7747,0.1882,7.8454,0.9081,0.0071,0.9773
quad-arch-back-bottom-right,2574,69,163,11.7747,0.3137,7.8477,0.9081,0.0139,0.9775
quad-arch-back-bottom-right,2575,69,166,11.7747,0.4391,7.8500,0.9081,0.0206,0.9776
quad-arch-back-bottom-right,2576,69,169,11.7747,0.5646,7.8523,0.9081,0.0275,0.9777
quad-arch-back-bottom-right,2577,69,172,11.7747,0.6901,7.8546,0.9081,0.0343,0.9779
quad-arch-back-bottom-right,2578,69,175,11.7747,0.8155,7.8569,0.9081,0.0410,0.9780
quad-arch-back-bottom-right,2579,69,178,11.7747,0.9410,7.8592,0.9081,0.0479,0.9781
quad-arch-back-bottom-right,2580,69,181,11.7747,1.0665,7.8615,0.9081,0.0547,0.9783
quad-arch-back-bottom-right,2581,69,184,11.7747,1.1919,7.8638,0.9081,0.0614,0.9784
quad-arch-back-bottom-right,2582,69,187,11.7747,1.3174,7.8661,0.9081,0.0683,0.9785
quad-arch-back-bottom-right,2583,69,190,11.7747,1.4429,7.8684,0.9081,0.0751,0.9787
quad-arch-back-bottom-right,2584,69,193,11.7747,1.5684,7.8707,0.9081,0.0819,0.9788
quad-arch-back-bottom-right,2585,69,196,11.7747,1.6938,7.8730,0.9081,0.0887,0.9789
quad-arch-back-bottom-right,2586,69,199,11.7747,1.8193,7.8753,0.9081,0.0955,0.9791
quad-arch-back-bottom-right,2587,69,202,11.7747,1.9448,7.8776,0.9081,0.1023,0.9792
quad-arch-back-bottom-right,2588,69,205,11.7747,2.0702,7.8799,0.9081,0.1091,0.9793
quad-arch-back-bottom-right,2589,69,208,11.7747,2.1957,7.8822,0.9081,0.1159,0.9795
quad-arch-back-bottom-right,2590,69,211,11.7747,2.3212,7.8845,0.9081,0.1227,0.9796
quad-arch-back-bottom-right,2591,69,214,11.7747,2.4383,7.8481,0.9081,0.1290,0.9775
quad-arch-back-bottom-right,2592,69,217,11.7747,2.5261,7.8317,0.9081,0.1338,0.9765
quad-arch-back-bottom-right,2593,69,220,11.7747,2.6233,7.8101,0.9081,0.1390,0.9753
quad-arch-back-bottom-right,2594,69,223,11.7747,2.7469,7.7838,0.9081,0.1457,0.9737
quad-arch-back-bottom-right,2595,69,226,11.7747,2.8662,7.7494,0.9081,0.1522,0.9717
quad-arch-back-bottom-right,2596,69,229,11.7747,2.9810,7.7086,0.9081,0.1584,0.9694
quad-arch-back-bottom-right,2597,69,232,11.7747,3.0904,7.6622,0.9081,0.1643,0.9667
quad-arch-back-bottom-right,2598,69,235,11.7747,3.2066,7.6176,0.9081,0.1706,0.9641
quad-arch-back-bottom-right,2599,69,238,11.7747,3.2745,7.5819,0.9081,0.1743,0.9620
quad-arch-back-bottom-right,2600,69,241,11.7747,3.3161,7.5417,0.9081,0.1766,0.9597
quad-arch-back-bottom-right,2601,69,244,11.7747,3.4070,7.4815,0.9081,0.1815,0.9562
quad-arch-back-bottom-right,2602,69,247,11.7747,3.5031,7.4293,0.9081,0.1867,0.9531
quad-arch-back-bottom-right,2603,69,250,11.7747,3.5419,7.3943,0.9081,0.1888,0.9511
quad-arch-back-bottom-right,2604,69,253,11.7747,3.5642,7.3604,0.9081,0.1900,0.9491
quad-arch-back-bottom-right,2605,69,256,11.7747,3.6059,7.3284,0.9081,0.1923,0.9473
quad-arch-back-bottom-right,2606,69,259,11.7747,3.6657,7.2915,0.9081,0.1955,0.9451
quad-arch-back-bottom-right,2607,69,262,11.7747,3.7031,7.2482,0.9081,0.1976,0.9426
quad-arch-back-bottom-right,2608,69,265,11.7747,3.7373,7.2002,0.9081,0.1994,0.9398
quad-arch-back-bottom-right,2609,69,268,11.7747,3.7909,7.1484,0.9081,0.2023,0.9368
quad-arch-back-bottom-right,2610,69,271,11.7747,3.8519,7.0929,0.9081,0.2056,0.9336
quad-arch-back-bottom-right,2611,69,274,11.7747,3.8843,7.0393,0.9081,0.2074,0.9304
quad-arch-back-bottom-right,2612,69,277,11.7747,3.9608,6.9848,0.9081,0.2115,0.9273
quad-arch-back-bottom-right,2613,69,280,11.7747,3.9607,6.9303,0.9081,0.2115,0.9241
quad-arch-back-bottom-right,2614,69,283,11.7747,3.8842,6.8767,0.9081,0.2074,0.9210
quad-arch-back-bottom-right,2615,69,286,11.7747,3.8519,6.8213,0.9081,0.2056,0.9178
quad-arch-back-bottom-right,2616,69,289,11.7747,3.7909,6.7695,0.9081,0.2023,0.9147
quad-arch-back-bottom-right,2617,69,292,11.7747,3.7374,6.7214,0.9081,0.1994,0.9120
quad-arch-back-bottom-right,2618,69,295,11.7747,3.7032,6.6782,0.9081,0.1976,0.9094
quad-arch-back-bottom-right,2619,69,298,11.7747,3.6658,6.6412,0.9081,0.1955,0.9073
quad-arch-back-bottom-right,2620,69,301,11.7747,3.6060,6.6092,0.9081,0.1923,0.9054
quad-arch-back-bottom-right,2621,69,304,11.7747,3.5642,6.5753,0.9081,0.1900,0.9035
quad-arch-back-bottom-right,2622,69,307,11.7747,3.5419,6.5403,0.9081,0.1888,0.9014
quad-arch-back-bottom-right,2623,69,310,11.7747,3.5031,6.4881,0.9081,0.1867,0.8984
quad-arch-back-bottom-right,2624,69,313,11.7747,3.4069,6.4280,0.9081,0.1815,0.8949
quad-arch-back-bottom-right,2625,69,316,11.7747,3.3161,6.3878,0.9081,0.1766,0.8925
quad-arch-back-bottom-right,2626,69,319,11.7747,3.2745,6.3521,0.9081,0.1743,0.8905
quad-arch-back-bottom-right,2627,69,322,11.7747,3.2065,6.3074,0.9081,0.1706,0.8879
quad-arch-back-bottom-right,2628,69,325,11.7747,3.0903,6.2611,0.9081,0.1643,0.8852
quad-arch-back-bottom-right,2629,69,328,11.7747,2.9809,6.2202,0.9081,0.1584,0.8828
quad-arch-back-bottom-right,2630,69,331,11.7747,2.8661,6.1858,0.9081,0.1522,0.8808
quad-arch-back-bottom-right,2631,69,334,11.7747,2.7468,6.1596,0.9081,0.1457,0.8793
quad-arch-back-bottom-right,2632,69,337,11.7747,2.6232,6.1380,0.9081,0.1390,0.8780
quad-arch-back-bottom-right,2633,69,340,11.7747,2.5261,6.0947,0.9081,0.1338,0.8755
quad-arch-back-bottom-right,2634,69,343,11.7747,2.4382,6.0590,0.9081,0.1290,0.8734
quad-arch-back-bottom-right,2635,69,346,11.7747,2.3212,6.0224,0.9081,0.1227,0.8713
quad-arch-back-bottom-right,2636,69,349,11.7747,2.1957,6.0247,0.9081,0.1159,0.8714
quad-arch-back-bottom-right,2637,69,352,11.7747,2.0702,6.0270,0.9081,0.1091,0.8716
quad-arch-back-bottom-right,2638,69,355,11.7747,1.9448,6.0293,0.9081,0.1023,0.8717
quad-arch-back-bottom-right,2639,69,358,11.7747,1.8193,6.0317,0.9081,0.0955,0.8718
quad-arch-back-bottom-right,2640,69,361,11.7747,1.6938,6.0340,0.9081,0.0887,0.8720
quad-arch-back-bottom-right,2641,69,364,11.7747,1.5683,6.0363,0.9081,0.0819,0.8721
quad-arch-back-bottom-right,2642,69,367,11.7747,1.4429,6.0386,0.9081,0.0751,0.8722
quad-arch-back-bottom-right,2643,69,370,11.7747,1.3174,6.0409,0.9081,0.0683,0.8724
quad-arch-back-bottom-right,2644,69,373,11.7747,1.1919,6.0432,0.9081,0.0614,0.8725
quad-arch-back-bottom-right,2645,69,376,11.7747,1.0665,6.0455,0.9081,0.0547,0.8726
quad-arch-back-bottom-right,2646,69,379,11.7747,0.9410,6.0478,0.9081,0.0479,0.8728
quad-arch-back-bottom-right,2647,69,382,11.7747,0.8155,6.0501,0.9081,0.0410,0.8729
quad-arch-back-bottom-right,2648,69,385,11.7747,0.6901,6.0524,0.9081,0.0343,0.8730
quad-arch-back-bottom-right,2649,69,388,11.7747,0.5646,6.0547,0.9081,0.0275,0.8732
quad-arch-back-bottom-right,2650,69,391,11.7747,0.4391,6.0570,0.9081,0.0206,0.8733
quad-arch-back-bottom-right,2651,69,394,11.7747,0.3137,6.0594,0.9081,0.0139,0.8734
quad-arch-back-bottom-right,2652,69,397,11.7747,0.1882,6.0617,0.9081,0.0071,0.8736
quad-arch-back-bottom-right,2653,69,400,11.7747,0.0627,6.0640,0.9081,0.0002,0.8737
quad-arch-back-bottom-right,2654,69,403,12.1043,0.0611,5.7344,0.9205,0.0002,0.8545
quad-arch-back-bottom-right,2655,69,406,12.1020,0.1833,5.7344,0.9204,0.0068,0.8545
quad-arch-back-bottom-right,2656,69,409,12.0998,0.3056,5.7344,0.9203,0.0134,0.8545
quad-arch-back-bottom-right,2657,69,412,12.0975,0.4278,5.7344,0.9202,0.0200,0.8545
quad-arch-back-bottom-right,2658,69,415,12.0953,0.5500,5.7344,0.9202,0.0267,0.8545
quad-arch-back-bottom-right,2659,69,418,12.0930,0.6723,5.7344,0.9201,0.0333,0.8545
quad-arch-back-bottom-right,2660,69,421,12.0908,0.7945,5.7344,0.9200,0.0399,0.8545
quad-arch-back-bottom-right,2661,69,424,12.0885,0.9167,5.7344,0.9199,0.0465,0.8545
quad-arch-back-bottom-right,2662,69,427,12.0863,1.0390,5.7344,0.9198,0.0532,0.8545
quad-arch-back-bottom-right,2663,69,430,12.0841,1.1612,5.7344,0.9197,0.0598,0.8545
quad-arch-back-bottom-right,2664,69,433,12.0818,1.2834,5.7344,0.9196,0.0664,0.8545
quad-arch-back-bottom-right,2665,69,436,12.0796,1.4056,5.7344,0.9196,0.0730,0.8545
quad-arch-back-bottom-right,2666,69,439,12.0773,1.5279,5.7344,0.9195,0.0797,0.8545
quad-arch-back-bottom-right,2667,69,442,12.0751,1.6501,5.7344,0.9194,0.0863,0.8545
quad-arch-back-bottom-right,2668,69,445,12.0728,1.7723,5.7344,0.9193,0.0929,0.8545
quad-arch-back-bottom-right,2669,69,448,12.0706,1.8946,5.7344,0.9192,0.0995,0.8545
quad-arch-back-bottom-right,2670,69,451,12.0683,2.0168,5.7344,0.9191,0.1062,0.8545
quad-arch-back-bottom-right,2671,69,454,12.0661,2.1390,5.7344,0.9191,0.1128,0.8545
quad-arch-back-bottom-right,2672,69,457,12.0638,2.2613,5.7344,0.9190,0.1194,0.8545
quad-arch-back-bottom-right,2673,69,460,12.0815,2.3777,5.7344,0.9196,0.1257,0.8545
quad-arch-back-bottom-right,2674,69,463,12.1131,2.4957,5.7344,0.9208,0.1321,0.8545
quad-arch-back-bottom-right,2675,69,466,12.1536,2.5538,5.7344,0.9224,0.1353,0.8545
quad-arch-back-bottom-right,2676,69,469,12.1920,2.6757,5.7344,0.9238,0.1419,0.8545
quad-arch-back-bottom-right,2677,69,472,12.2115,2.7935,5.7344,0.9245,0.1483,0.8545
quad-arch-back-bottom-right,2678,69,475,12.2408,2.9110,5.7344,0.9256,0.1546,0.8545
quad-arch-back-bottom-right,2679,69,478,12.2772,3.0139,5.7344,0.9270,0.1602,0.8545
quad-arch-back-bottom-right,2680,69,481,12.3200,3.1273,5.7344,0.9286,0.1663,0.8545
quad-arch-back-bottom-right,2681,69,484,12.3659,3.2247,5.7344,0.9304,0.1716,0.8545
quad-arch-back-bottom-right,2682,69,487,12.4061,3.3072,5.7344,0.9319,0.1761,0.8545
quad-arch-back-bottom-right,2683,69,490,12.4377,3.3446,5.7344,0.9331,0.1781,0.8545
quad-arch-back-bottom-right,2684,69,493,12.4817,3.4303,5.7344,0.9347,0.1828,0.8545
quad-arch-back-bottom-right,2685,69,496,12.5391,3.5262,5.7344,0.9369,0.1880,0.8545
quad-arch-back-bottom-right,2686,69,499,12.5861,3.5619,5.7344,0.9387,0.1899,0.8545
quad-arch-back-bottom-right,2687,69,502,12.6205,3.5810,5.7344,0.9400,0.1909,0.8545
quad-arch-back-bottom-right,2688,69,505,12.6550,3.6045,5.7344,0.9413,0.1922,0.8545
quad-arch-back-bottom-right,2689,69,508,12.6880,3.6562,5.7344,0.9425,0.1950,0.8545
quad-arch-back-bottom-right,2690,70,1,12.7252,3.6973,5.7344,0.9439,0.1972,0.8545
quad-arch-back-bottom-right,2691,70,4,12.7669,3.7403,5.7344,0.9455,0.1996,0.8545
quad-arch-back-bottom-right,2692,70,7,12.8129,3.7916,5.7344,0.9472,0.2023,0.8545
quad-arch-back-bottom-right,2693,70,10,12.8633,3.8538,5.7344,0.9491,0.2057,0.8545
quad-arch-back-bottom-right,2694,70,13,12.9177,3.8789,5.7344,0.9512,0.2071,0.8545
quad-arch-back-bottom-right,2695,70,16,12.9709,3.9522,5.7344,0.9532,0.2111,0.8545
quad-arch-back-bottom-right,2696,70,19,13.0275,3.9522,5.7344,0.9553,0.2111,0.8545
quad-arch-back-bottom-right,2697,70,22,13.0841,3.8789,5.7344,0.9574,0.2071,0.8545
quad-arch-back-bottom-right,2698,70,25,13.1373,3.8537,5.7344,0.9594,0.2057,0.8545
quad-arch-back-bottom-right,2699,70,28,13.1917,3.7917,5.7344,0.9615,0.2024,0.8545
quad-arch-back-bottom-right,2700,70,31,13.2421,3.7403,5.7344,0.9634,0.1996,0.8545
quad-arch-back-bottom-right,2701,70,34,13.2882,3.6972,5.7344,0.9651,0.1972,0.8545
quad-arch-back-bottom-right,2702,70,37,13.3298,3.6562,5.7344,0.9667,0.1950,0.8545
quad-arch-back-bottom-right,2703,70,40,13.3670,3.6046,5.7344,0.9681,0.1922,0.8545
quad-arch-back-bottom-right,2704,70,43,13.4000,3.5810,5.7344,0.9693,0.1909,0.8545
quad-arch-back-bottom-right,2705,70,46,13.4345,3.5620,5.7344,0.9706,0.1899,0.8545
quad-arch-back-bottom-right,2706,70,49,13.4689,3.5263,5.7344,0.9719,0.1880,0.8545
quad-arch-back-bottom-right,2707,70,52,13.5159,3.4304,5.7344,0.9737,0.1828,0.8545
quad-arch-back-bottom-right,2708,70,55,13.5733,3.3447,5.7344,0.9759,0.1781,0.8545
quad-arch-back-bottom-right,2709,70,58,13.6173,3.3073,5.7344,0.9775,0.1761,0.8545
quad-arch-back-bottom-right,2710,70,61,13.6489,3.2248,5.7344,0.9787,0.1716,0.8545
quad-arch-back-bottom-right,2711,70,64,13.6891,3.1274,5.7344,0.9802,0.1664,0.8545
quad-arch-back-bottom-right,2712,70,67,13.7350,3.0140,5.7344,0.9820,0.1602,0.8545
quad-arch-back-bottom-right,2713,70,70,13.7779,2.9110,5.7344,0.9836,0.1546,0.8545
quad-arch-back-bottom-right,2714,70,73,13.8142,2.7936,5.7344,0.9850,0.1483,0.8545
quad-arch-back-bottom-right,2715,70,76,13.8435,2.6758,5.7344,0.9861,0.1419,0.8545
quad-arch-back-bottom-right,2716,70,79,13.8630,2.5539,5.7344,0.9868,0.1353,0.8545
quad-arch-back-bottom-right,2717,70,82,13.8746,2.4957,5.7344,0.9872,0.1321,0.8545
quad-arch-back-bottom-right,2718,70,85,13.9061,2.3778,5.7344,0.9884,0.1257,0.8545
quad-arch-back-bottom-right,2719,70,88,13.9237,2.2613,5.7344,0.9891,0.1194,0.8545
quad-arch-back-bottom-right,2720,70,91,13.9214,2.1390,5.7344,0.9890,0.1128,0.8545
quad-arch-back-bottom-right,2721,70,94,13.9192,2.0168,5.7344,0.9889,0.1062,0.8545
quad-arch-back-bottom-right,2722,70,97,13.9170,1.8946,5.7344,0.9888,0.0995,0.8545
quad-arch-back-bottom-right,2723,70,100,13.9147,1.7723,5.7344,0.9887,0.0929,0.8545
quad-arch-back-bottom-right,2724,70,103,13.9125,1.6501,5.7344,0.9887,0.0863,0.8545
quad-arch-back-bottom-right,2725,70,106,13.9103,1.5279,5.7344,0.9886,0.0797,0.8545
quad-arch-back-bottom-right,2726,70,109,13.9080,1.4057,5.7344,0.9885,0.0730,0.8545
quad-arch-back-bottom-right,2727,70,112,13.9058,1.2834,5.7344,0.9884,0.0664,0.8545
quad-arch-back-bottom-right,2728,70,115,13.9035,1.1612,5.7344,0.9883,0.0598,0.8545
quad-arch-back-bottom-right,2729,70,118,13.9013,1.0390,5.7344,0.9882,0.0532,0.8545
quad-arch-back-bottom-right,2730,70,121,13.8991,0.9167,5.7344,0.9882,0.0465,0.8545
quad-arch-back-bottom-right,2731,70,124,13.8968,0.7945,5.7344,0.9881,0.0399,0.8545
quad-arch-back-bottom-right,2732,70,127,13.8946,0.6723,5.7344,0.9880,0.0333,0.8545
quad-arch-back-bottom-right,2733,70,130,13.8924,0.5500,5.7344,0.9879,0.0267,0.8545
quad-arch-back-bottom-right,2734,70,133,13.8901,0.4278,5.7344,0.9878,0.0200,0.8545
quad-arch-back-bottom-right,2735,70,136,13.8879,0.3056,5.7344,0.9877,0.0134,0.8545
quad-arch-back-bottom-right,2736,70,139,13.8856,0.1833,5.7344,0.9877,0.0068,0.8545
quad-arch-back-bottom-right,2737,70,142,13.8834,0.0611,5.7344,0.9876,0.0002,0.8545
quad-arch-back-bottom-right,2738,70,145,14.2131,0.0627,6.0640,1.0000,0.0002,0.8737
quad-arch-back-bottom-right,2739,70,148,14.2131,0.1882,6.0617,1.0000,0.0071,0.8736
quad-arch-back-bottom-right,2740,70,151,14.2131,0.3137,6.0594,1.0000,0.0139,0.8734
quad-arch-back-bottom-right,2741,70,154,14.2131,0.4391,6.0570,1.0000,0.0206,0.8733
quad-arch-back-bottom-right,2742,70,157,14.2131,0.5646,6.0547,1.0000,0.0275,0.8732
quad-arch-back-bottom-right,2743,70,160,14.2131,0.6901,6.0524,1.0000,0.0343,0.8730
quad-arch-back-bottom-right,2744,70,163,14.2131,0.8155,6.0501,1.0000,0.0410,0.8729
quad-arch-back-bottom-right,2745,70,166,14.2131,0.9410,6.0478,1.0000,0.0479,0.8728
quad-arch-back-bottom-right,2746,70,169,14.2131,1.0665,6.0455,1.0000,0.0547,0.8726
quad-arch-back-bottom-right,2747,70,172,14.2131,1.1919,6.0432,1.0000,0.0614,0.8725
quad-arch-back-bottom-right,2748,70,175,14.2131,1.3174,6.0409,1.0000,0.0683,0.8724
quad-arch-back-bottom-right,2749,70,178,14.2131,1.4429,6.0386,1.0000,0.0751,0.8722
quad-arch-back-bottom-right,2750,70,181,14.2131,1.5683,6.0363,1.0000,0.0819,0.8721
quad-arch-back-bottom-right,2751,70,184,14.2131,1.6938,6.0340,1.0000,0.0887,0.8720
quad-arch-back-bottom-right,2752,70,187,14.2131,1.8193,6.0317,1.0000,0.0955,0.8718
quad-arch-back-bottom-right,2753,70,190,14.2131,1.9448,6.0293,1.0000,0.1023,0.8717
quad-arch-back-bottom-right,2754,70,193,14.2131,2.0702,6.0270,1.0000,0.1091,0.8716
quad-arch-back-bottom-right,2755,70,196,14.2131,2.1957,6.0247,1.0000,0.1159,0.8714
quad-arch-back-bottom-right,2756,70,199,14.2131,2.3212,6.0224,1.0000,0.1227,0.8713
quad-arch-back-bottom-right,2757,70,202,14.2131,2.4382,6.0590,1.0000,0.1290,0.8734
quad-arch-back-bottom-right,2758,70,205,14.2131,2.5261,6.0947,1.0000,0.1338,0.8755
quad-arch-back-bottom-right,2759,70,208,14.2131,2.6232,6.1380,1.0000,0.1390,0.8780
quad-arch-back-bottom-right,2760,70,211,14.2131,2.7468,6.1596,1.0000,0.1457,0.8793
quad-arch-back-bottom-right,2761,70,214,14.2131,2.8661,6.1858,1.0000,0.1522,0.8808
quad-arch-back-bottom-right,2762,70,217,14.2131,2.9809,6.2202,1.0000,0.1584,0.8828
quad-arch-back-bottom-right,2763,70,220,14.2131,3.0903,6.2611,1.0000,0.1643,0.8852
quad-arch-back-bottom-right,2764,70,223,14.2131,3.2065,6.3074,1.0000,0.1706,0.8879
quad-arch-back-bottom-right,2765,70,226,14.2131,3.2745,6.3521,1.0000,0.1743,0.8905
quad-arch-back-bottom-right,2766,70,229,14.2131,3.3161,6.3878,1.0000,0.1766,0.8925
quad-arch-back-bottom-right,2767,70,232,14.2131,3.4069,6.4280,1.0000,0.1815,0.8949
quad-arch-back-bottom-right,2768,70,235,14.2131,3.5031,6.4881,1.0000,0.1867,0.8984
quad-arch-back-bottom-right,2769,70,238,14.2131,3.5419,6.5403,1.0000,0.1888,0.9014
quad-arch-back-bottom-right,2770,70,241,14.2131,3.5642,6.5753,1.0000,0.1900,0.9035
quad-arch-back-bottom-right,2771,70,244,14.2131,3.6060,6.6092,1.0000,0.1923,0.9054
quad-arch-back-bottom-right,2772,70,247,14.2131,3.6658,6.6412,1.0000,0.1955,0.9073
quad-arch-back-bottom-right,2773,70,250,14.2131,3.7032,6.6782,1.0000,0.1976,0.9094
quad-arch-back-bottom-right,2774,70,253,14.2131,3.7374,6.7214,1.0000,0.1994,0.9120
quad-arch-back-bottom-right,2775,70,256,14.2131,3.7909,6.7695,1.0000,0.2023,0.9147
quad-arch-back-bottom-right,2776,70,259,14.2131,3.8519,6.8213,1.0000,0.2056,0.9178
quad-arch-back-bottom-right,2777,70,262,14.2131,3.8842,6.8767,1.0000,0.2074,0.9210
quad-arch-back-bottom-right,2778,70,265,14.2131,3.9607,6.9303,1.0000,0.2115,0.9241
quad-arch-back-bottom-right,2779,70,268,14.2131,3.9608,6.9848,1.0000,0.2115,0.9273
quad-arch-back-bottom-right,2780,70,271,14.2131,3.8843,7.0393,1.0000,0.2074,0.9304
quad-arch-back-bottom-right,2781,70,274,14.2131,3.8519,7.0929,1.0000,0.2056,0.9336
quad-arch-back-bottom-right,2782,70,277,14.2131,3.7909,7.1484,1.0000,0.2023,0.9368
quad-arch-back-bottom-right,2783,70,280,14.2131,3.7373,7.2002,1.0000,0.1994,0.9398
quad-arch-back-bottom-right,2784,70,283,14.2131,3.7031,7.2482,1.0000,0.1976,0.9426
quad-arch-back-bottom-right,2785,70,286,14.2131,3.6657,7.2915,1.0000,0.1955,0.9451
quad-arch-back-bottom-right,2786,70,289,14.2131,3.6059,7.3284,1.0000,0.1923,0.9473
quad-arch-back-bottom-right,2787,70,292,14.2131,3.5642,7.3604,1.0000,0.1900,0.9491
quad-arch-back-bottom-right,2788,70,295,14.2131,3.5419,7.3943,1.0000,0.1888,0.9511
quad-arch-back-bottom-right,2789,70,298,14.2131,3.5031,7.4293,1.0000,0.1867,0.9531
quad-arch-back-bottom-right,2790,70,301,14.2131,3.4070,7.4815,1.0000,0.1815,0.9562
quad-arch-back-bottom-right,2791,70,304,14.2131,3.3161,7.5417,1.0000,0.1766,0.9597
quad-arch-back-bottom-right,2792,70,307,14.2131,3.2745,7.5819,1.0000,0.1743,0.9620
quad-arch-back-bottom-right,2793,70,310,14.2131,3.2066,7.6176,1.0000,0.1706,0.9641
quad-arch-back-bottom-right,2794,70,313,14.2131,3.0904,7.6622,1.0000,0.1643,0.9667
quad-arch-back-bottom-right,2795,70,316,14.2131,2.9810,7.7086,1.0000,0.1584,0.9694
quad-arch-back-bottom-right,2796,70,319,14.2131,2.8662,7.7494,1.0000,0.1522,0.9717
quad-arch-back-bottom-right,2797,70,322,14.2131,2.7469,7.7838,1.0000,0.1457,0.9737
quad-arch-back-bottom-right,2798,70,325,14.2131,2.6233,7.8101,1.0000,0.1390,0.9753
quad-arch-back-bottom-right,2799,70,328,14.2131,2.5261,7.8317,1.0000,0.1338,0.9765
quad-arch-back-bottom-right,2800,70,331,14.2131,2.4383,7.8481,1.0000,0.1290,0.9775
quad-arch-back-bottom-right,2801,70,334,14.2131,2.3212,7.8845,1.0000,0.1227,0.9796
quad-arch-back-bottom-right,2802,70,337,14.2131,2.1957,7.8822,1.0000,0.1159,0.9795
quad-arch-back-bottom-right,2803,70,340,14.2131,2.0702,7.8799,1.0000,0.1091,0.9793
quad-arch-back-bottom-right,2804,70,343,14.2131,1.9448,7.8776,1.0000,0.1023,0.9792
quad-arch-back-bottom-right,2805,70,346,14.2131,1.8193,7.8753,1.0000,0.0955,0.9791
quad-arch-back-bottom-right,2806,70,349,14.2131,1.6938,7.8730,1.0000,0.0887,0.9789
quad-arch-back-bottom-right,2807,70,352,14.2131,1.5684,7.8707,1.0000,0.0819,0.9788
quad-arch-back-bottom-right,2808,70,355,14.2131,1.4429,7.8684,1.0000,0.0751,0.9787
quad-arch-back-bottom-right,2809,70,358,14.2131,1.3174,7.8661,1.0000,0.0683,0.9785
quad-arch-back-bottom-right,2810,70,361,14.2131,1.1919,7.8638,1.0000,0.0614,0.9784
quad-arch-back-bottom-right,2811,70,364,14.2131,1.0665,7.8615,1.0000,0.0547,0.9783
quad-arch-back-bottom-right,2812,70,367,14.2131,0.9410,7.8592,1.0000,0.0479,0.9781
quad-arch-back-bottom-right,2813,70,370,14.2131,0.8155,7.8569,1.0000,0.0410,0.9780
quad-arch-back-bottom-right,2814,70,373,14.2131,0.6901,7.8546,1.0000,0.0343,0.9779
quad-arch-back-bottom-right,2815,70,376,14.2131,0.5646,7.8523,1.0000,0.0275,0.9777
quad-arch-back-bottom-right,2816,70,379,14.2131,0.4391,7.8500,1.0000,0.0206,0.9776
quad-arch-back-bottom-right,2817,70,382,14.2131,0.3137,7.8477,1.0000,0.0139,0.9775
quad-arch-back-bottom-right,2818,70,385,14.2131,0.1882,7.8454,1.0000,0.0071,0.9773
quad-arch-back-bottom-right,2819,70,388,14.2131,0.0627,7.8431,1.0000,0.0002,0.9772
quad-arch-back-bottom-right,2820,70,391,13.8834,0.0611,8.1728,0.9876,0.0002,0.9964
quad-arch-back-bottom-right,2821,70,394,13.8856,0.1833,8.1728,0.9877,0.0068,0.9964
quad-arch-back-bottom-right,2822,70,397,13.8879,0.3056,8.1728,0.9877,0.0134,0.9964
quad-arch-back-bottom-right,2823,70,400,13.8901,0.4278,8.1728,0.9878,0.0200,0.9964
quad-arch-back-bottom-right,2824,70,403,13.8924,0.5500,8.1728,0.9879,0.0267,0.9964
quad-arch-back-bottom-right,2825,70,406,13.8946,0.6723,8.1728,0.9880,0.0333,0.9964
quad-arch-back-bottom-right,2826,70,409,13.8968,0.7945,8.1728,0.9881,0.0399,0.9964
quad-arch-back-bottom-right,2827,70,412,13.8991,0.9167,8.1728,0.9882,0.0465,0.9964
quad-arch-back-bottom-right,2828,70,415,13.9013,1.0390,8.1728,0.9882,0.0532,0.9964
quad-arch-back-bottom-right,2829,70,418,13.9035,1.1612,8.1728,0.9883,0.0598,0.9964
quad-arch-back-bottom-right,2830,70,421,13.9058,1.2834,8.1728,0.9884,0.0664,0.9964
quad-arch-back-bottom-right,2831,70,424,13.9080,1.4057,8.1728,0.9885,0.0730,0.9964
quad-arch-back-bottom-right,2832,70,427,13.9103,1.5279,8.1728,0.9886,0.0797,0.9964
quad-arch-back-bottom-right,2833,70,430,13.9125,1.6501,8.1728,0.9887,0.0863,0.9964
quad-arch-back-bottom-right,2834,70,433,13.9147,1.7723,8.1728,0.9887,0.0929,0.9964
quad-arch-back-bottom-right,2835,70,436,13.9170,1.8946,8.1728,0.9888,0.0995,0.9964
quad-arch-back-bottom-right,2836,70,439,13.9192,2.0168,8.1728,0.9889,0.1062,0.9964
quad-arch-back-bottom-right,2837,70,442,13.9214,2.1390,8.1728,0.9890,0.1128,0.9964
quad-arch-back-bottom-right,2838,70,445,13.9237,2.2613,8.1728,0.9891,0.1194,0.9964
quad-arch-back-bottom-right,2839,70,448,13.9061,2.3778,8.1728,0.9884,0.1257,0.9964
quad-arch-back-bottom-right,2840,70,451,13.8746,2.4957,8.1728,0.9872,0.1321,0.9964
quad-arch-back-bottom-right,2841,70,454,13.8630,2.5539,8.1728,0.9868,0.1353,0.9964
quad-arch-back-bottom-right,2842,70,457,13.8435,2.6758,8.1728,0.9861,0.1419,0.9964
quad-arch-back-bottom-right,2843,70,460,13.8142,2.7936,8.1728,0.9850,0.1483,0.9964
quad-arch-back-bottom-right,2844,70,463,13.7779,2.9110,8.1728,0.9836,0.1546,0.9964
quad-arch-back-bottom-right,2845,70,466,13.7350,3.0140,8.1728,0.9820,0.1602,0.9964
quad-arch-back-bottom-right,2846,70,469,13.6891,3.1274,8.1728,0.9802,0.1664,0.9964
quad-arch-back-bottom-right,2847,70,472,13.6489,3.2248,8.1728,0.9787,0.1716,0.9964
quad-arch-back-bottom-right,2848,70,475,13.6173,3.3073,8.1728,0.9775,0.1761,0.9964
quad-arch-back-bottom-right,2849,70,478,13.5733,3.3447,8.1728,0.9759,0.1781,0.9964
quad-arch-back-bottom-right,2850,70,481,13.5159,3.4304,8.1728,0.9737,0.1828,0.9964
quad-arch-back-bottom-right,2851,70,484,13.4689,3.5263,8.1728,0.9719,0.1880,0.9964
quad-arch-back-bottom-right,2852,70,487,13.4345,3.5620,8.1728,0.9706,0.1899,0.9964
quad-arch-back-bottom-right,2853,70,490,13.4000,3.5810,8.1728,0.9693,0.1909,0.9964
quad-arch-back-bottom-right,2854,70,493,13.3670,3.6046,8.1728,0.9681,0.1922,0.9964
quad-arch-back-bottom-right,2855,70,496,13.3298,3.6562,8.1728,0.9667,0.1950,0.9964
quad-arch-back-bottom-right,2856,70,499,13.2882,3.6972,8.1728,0.9651,0.1972,0.9964
quad-arch-back-bottom-right,2857,70,502,13.2421,3.7403,8.1728,0.9634,0.1996,0.9964
quad-arch-back-bottom-right,2858,70,505,13.1917,3.7917,8.1728,0.9615,0.2024,0.9964
quad-arch-back-bottom-right,2859,70,508,13.1373,3.8537,8.1728,0.9594,0.2057,0.9964
quad-arch-back-bottom-right,2860,71,1,13.0841,3.8789,8.1728,0.9574,0.2071,0.9964
quad-arch-back-bottom-right,2861,71,4,13.0275,3.9522,8.1728,0.9553,0.2111,0.9964
quad-arch-back-bottom-right,2862,71,7,12.9709,3.9522,8.1728,0.9532,0.2111,0.9964
quad-arch-back-bottom-right,2863,71,10,12.9177,3.8789,8.1728,0.9512,0.2071,0.9964
quad-arch-back-bottom-right,2864,71,13,12.8633,3.8538,8.1728,0.9491,0.2057,0.9964
quad-arch-back-bottom-right,2865,71,16,12.8129,3.7916,8.1728,0.9472,0.2023,0.9964
quad-arch-back-bottom-right,2866,71,19,12.7669,3.7403,8.1728,0.9455,0.1996,0.9964
quad-arch-back-bottom-right,2867,71,22,12.7252,3.6973,8.1728,0.9439,0.1972,0.9964
quad-arch-back-bottom-right,2868,71,25,12.6880,3.6562,8.1728,0.9425,0.1950,0.9964
quad-arch-back-bottom-right,2869,71,28,12.6550,3.6045,8.1728,0.9413,0.1922,0.9964
quad-arch-back-bottom-right,2870,71,31,12.6205,3.5810,8.1728,0.9400,0.1909,0.9964
quad-arch-back-bottom-right,2871,71,34,12.5861,3.5619,8.1728,0.9387,0.1899,0.9964
quad-arch-back-bottom-right,2872,71,37,12.5391,3.5262,8.1728,0.9369,0.1880,0.9964
quad-arch-back-bottom-right,2873,71,40,12.4817,3.4303,8.1728,0.9347,0.1828,0.9964
quad-arch-back-bottom-right,2874,71,43,12.4377,3.3446,8.1728,0.9331,0.1781,0.9964
quad-arch-back-bottom-right,2875,71,46,12.4061,3.3072,8.1728,0.9319,0.1761,0.9964
quad-arch-back-bottom-right,2876,71,49,12.3659,3.2247,8.1728,0.9304,0.1716,0.9964
quad-arch-back-bottom-right,2877,71,52,12.3200,3.1273,8.1728,0.9286,0.1663,0.9964
quad-arch-back-bottom-right,2878,71,55,12.2772,3.0139,8.1728,0.9270,0.1602,0.9964
quad-arch-back-bottom-right,2879,71,58,12.2408,2.9110,8.1728,0.9256,0.1546,0.9964
quad-arch-back-bottom-right,2880,71,61,12.2115,2.7935,8.1728,0.9245,0.1483,0.9964
quad-arch-back-bottom-right,2881,71,64,12.1920,2.6757,8.1728,0.9238,0.1419,0.9964
quad-arch-back-bottom-right,2882,71,67,12.1536,2.5538,8.1728,0.9224,0.1353,0.9964
quad-arch-back-bottom-right,2883,71,70,12.1131,2.4957,8.1728,0.9208,0.1321,0.9964
quad-arch-back-bottom-right,2884,71,73,12.0815,2.3777,8.1728,0.9196,0.1257,0.9964
quad-arch-back-bottom-right,2885,71,76,12.0638,2.2613,8.1728,0.9190,0.1194,0.9964
quad-arch-back-bottom-right,2886,71,79,12.0661,2.1390,8.1728,0.9191,0.1128,0.9964
quad-arch-back-bottom-right,2887,71,82,12.0683,2.0168,8.1728,0.9191,0.1062,0.9964
quad-arch-back-bottom-right,2888,71,85,12.0706,1.8946,8.1728,0.9192,0.0995,0.9964
quad-arch-back-bottom-right,2889,71,88,12.0728,1.7723,8.1728,0.9193,0.0929,0.9964
quad-arch-back-bottom-right,2890,71,91,12.0751,1.6501,8.1728,0.9194,0.0863,0.9964
quad-arch-back-bottom-right,2891,71,94,12.0773,1.5279,8.1728,0.9195,0.0797,0.9964
quad-arch-back-bottom-right,2892,71,97,12.0796,1.4056,8.1728,0.9196,0.0730,0.9964
quad-arch-back-bottom-right,2893,71,100,12.0818,1.2834,8.1728,0.9196,0.0664,0.9964
quad-arch-back-bottom-right,2894,71,103,12.0841,1.1612,8.1728,0.9197,0.0598,0.9964
quad-arch-back-bottom-right,2895,71,106,12.0863,1.0390,8.1728,0.9198,0.0532,0.9964
quad-arch-back-bottom-right,2896,71,109,12.0885,0.9167,8.1728,0.9199,0.0465,0.9964
quad-arch-back-bottom-right,2897,71,112,12.0908,0.7945,8.1728,0.9200,0.0399,0.9964
quad-arch-back-bottom-right,2898,71,115,12.0930,0.6723,8.1728,0.9201,0.0333,0.9964
quad-arch-back-bottom-right,2899,71,118,12.0953,0.5500,8.1728,0.9202,0.0267,0.9964
quad-arch-back-bottom-right,2900,71,121,12.0975,0.4278,8.1728,0.9202,0.0200,0.9964
quad-arch-back-bottom-right,2901,71,124,12.0998,0.3056,8.1728,0.9203,0.0134,0.9964
quad-arch-back-bottom-right,2902,71,127,12.1020,0.1833,8.1728,0.9204,0.0068,0.9964
quad-arch-back-bottom-right,2903,71,130,12.1043,0.0611,8.1728,0.9205,0.0002,0.9964
quad-arch-back-top-left,2904,67,379,11.7747,6.3212,-6.7738,0.9081,0.3394,0.1271
quad-arch-back-top-left,2905,67,382,11.7747,6.4558,-6.7674,0.9081,0.3467,0.1274
quad-arch-back-top-left,2906,67,385,11.7747,6.5856,-6.7935,0.9081,0.3538,0.1259
quad-arch-back-top-left,2907,67,388,11.7747,6.6421,-6.8275,0.9081,0.3568,0.1239
quad-arch-back-top-left,2908,67,391,11.7747,6.7732,-6.8595,0.9081,0.3639,0.1221
quad-arch-back-top-left,2909,67,394,11.7747,6.9004,-6.9019,0.9081,0.3708,0.1196
quad-arch-back-top-left,2910,67,397,11.7747,7.0166,-6.9500,0.9081,0.3771,0.1168
quad-arch-back-top-left,2911,67,400,11.7747,7.1416,-6.9980,0.9081,0.3839,0.1140
quad-arch-back-top-left,2912,67,403,11.7747,7.1948,-7.0397,0.9081,0.3868,0.1116
quad-arch-back-top-left,2913,67,406,11.7747,7.2814,-7.0855,0.9081,0.3915,0.1089
quad-arch-back-top-left,2914,67,409,11.7747,7.3815,-7.1414,0.9081,0.3969,0.1057
quad-arch-back-top-left,2915,67,412,11.7747,7.4275,-7.1884,0.9081,0.3994,0.1030
quad-arch-back-top-left,2916,67,415,11.7747,7.4670,-7.2209,0.9081,0.4015,0.1011
quad-arch-back-top-left,2917,67,418,11.7747,7.5268,-7.2536,0.9081,0.4048,0.0992
quad-arch-back-top-left,2918,67,421,11.7747,7.5801,-7.2899,0.9081,0.4077,0.0971
quad-arch-back-top-left,2919,67,424,11.7747,7.6369,-7.3281,0.9081,0.4108,0.0948
quad-arch-back-top-left,2920,67,427,11.7747,7.6705,-7.3755,0.9081,0.4126,0.0921
quad-arch-back-top-left,2921,67,430,11.7747,7.7064,-7.4225,0.9081,0.4145,0.0893
quad-arch-back-top-left,2922,67,433,11.7747,7.7493,-7.4615,0.9081,0.4168,0.0871
quad-arch-back-top-left,2923,67,436,11.7747,7.7892,-7.5052,0.9081,0.4190,0.0845
quad-arch-back-top-left,2924,67,439,11.7747,7.8514,-7.5654,0.9081,0.4224,0.0810
quad-arch-back-top-left,2925,67,442,11.7747,7.8973,-7.6390,0.9081,0.4249,0.0767
quad-arch-back-top-left,2926,67,445,11.7747,7.8961,-7.7126,0.9081,0.4248,0.0725
quad-arch-back-top-left,2927,67,448,11.7747,7.8502,-7.7728,0.9081,0.4223,0.0690
quad-arch-back-top-left,2928,67,451,11.7747,7.7904,-7.8166,0.9081,0.4191,0.0664
quad-arch-back-top-left,2929,67,454,11.7747,7.7480,-7.8556,0.9081,0.4168,0.0642
quad-arch-back-top-left,2930,67,457,11.7747,7.7053,-7.9026,0.9081,0.4145,0.0614
quad-arch-back-top-left,2931,67,460,11.7747,7.6717,-7.9500,0.9081,0.4126,0.0587
quad-arch-back-top-left,2932,67,463,11.7747,7.6381,-7.9882,0.9081,0.4108,0.0564
quad-arch-back-top-left,2933,67,466,11.7747,7.5813,-8.0245,0.9081,0.4077,0.0543
quad-arch-back-top-left,2934,67,469,11.7747,7.5279,-8.0572,0.9081,0.4048,0.0524
quad-arch-back-top-left,2935,67,472,11.7747,7.4657,-8.0896,0.9081,0.4015,0.0505
quad-arch-back-top-left,2936,67,475,11.7747,7.4262,-8.1366,0.9081,0.3993,0.0478
quad-arch-back-top-left,2937,67,478,11.7747,7.3803,-8.1925,0.9081,0.3969,0.0446
quad-arch-back-top-left,2938,67,481,11.7747,7.2802,-8.2384,0.9081,0.3914,0.0419
quad-arch-back-top-left,2939,67,484,11.7747,7.1936,-8.2801,0.9081,0.3867,0.0395
quad-arch-back-top-left,2940,67,487,11.7747,7.1405,-8.3281,0.9081,0.3839,0.0367
quad-arch-back-top-left,2941,67,490,11.7747,7.0154,-8.3762,0.9081,0.3771,0.0339
quad-arch-back-top-left,2942,67,493,11.7747,6.8992,-8.4186,0.9081,0.3708,0.0314
quad-arch-back-top-left,2943,67,496,11.7747,6.7720,-8.4505,0.9081,0.3639,0.0296
quad-arch-back-top-left,2944,67,499,11.7747,6.6409,-8.5014,0.9081,0.3568,0.0266
quad-arch-back-top-left,2945,67,502,11.7747,6.5844,-8.5606,0.9081,0.3537,0.0231
quad-arch-back-top-left,2946,67,505,11.7747,6.4547,-8.5867,0.9081,0.3467,0.0216
quad-arch-back-top-left,2947,67,508,11.7747,6.3201,-8.5796,0.9081,0.3394,0.0220
quad-arch-back-top-left,2948,68,1,12.0906,6.3212,-8.8960,0.9200,0.3394,0.0036
quad-arch-back-top-left,2949,68,4,12.0838,6.4558,-8.8960,0.9197,0.3467,0.0036
quad-arch-back-top-left,2950,68,7,12.1105,6.5855,-8.8960,0.9207,0.3538,0.0036
quad-arch-back-top-left,2951,68,10,12.1445,6.6420,-8.8960,0.9220,0.3568,0.0036
quad-arch-back-top-left,2952,68,13,12.1765,6.7731,-8.8960,0.9232,0.3639,0.0036
quad-arch-back-top-left,2953,68,16,12.2189,6.9003,-8.8960,0.9248,0.3708,0.0036
quad-arch-back-top-left,2954,68,19,12.2670,7.0165,-8.8960,0.9266,0.3771,0.0036
quad-arch-back-top-left,2955,68,22,12.3150,7.1415,-8.8960,0.9284,0.3839,0.0036
quad-arch-back-top-left,2956,68,25,12.3567,7.1947,-8.8960,0.9300,0.3868,0.0036
quad-arch-back-top-left,2957,68,28,12.4025,7.2813,-8.8960,0.9317,0.3915,0.0036
quad-arch-back-top-left,2958,68,31,12.4584,7.3813,-8.8960,0.9338,0.3969,0.0036
quad-arch-back-top-left,2959,68,34,12.5054,7.4273,-8.8960,0.9356,0.3994,0.0036
quad-arch-back-top-left,2960,68,37,12.5379,7.4669,-8.8960,0.9368,0.4015,0.0036
quad-arch-back-top-left,2961,68,40,12.5705,7.5269,-8.8960,0.9381,0.4048,0.0036
quad-arch-back-top-left,2962,68,43,12.6069,7.5803,-8.8960,0.9394,0.4077,0.0036
quad-arch-back-top-left,2963,68,46,12.6451,7.6370,-8.8960,0.9409,0.4108,0.0036
quad-arch-back-top-left,2964,68,49,12.6925,7.6707,-8.8960,0.9427,0.4126,0.0036
quad-arch-back-top-left,2965,68,52,12.7395,7.7063,-8.8960,0.9444,0.4145,0.0036
quad-arch-back-top-left,2966,68,55,12.7785,7.7491,-8.8960,0.9459,0.4168,0.0036
quad-arch-back-top-left,2967,68,58,12.8222,7.7893,-8.8960,0.9476,0.4190,0.0036
quad-arch-back-top-left,2968,68,61,12.8824,7.8512,-8.8960,0.9498,0.4224,0.0036
quad-arch-back-top-left,2969,68,64,12.9560,7.8972,-8.8960,0.9526,0.4249,0.0036
quad-arch-back-top-left,2970,68,67,13.0296,7.8962,-8.8960,0.9554,0.4248,0.0036
quad-arch-back-top-left,2971,68,70,13.0898,7.8503,-8.8960,0.9576,0.4223,0.0036
quad-arch-back-top-left,2972,68,73,13.1335,7.7903,-8.8960,0.9593,0.4191,0.0036
quad-arch-back-top-left,2973,68,76,13.1726,7.7481,-8.8960,0.9608,0.4168,0.0036
quad-arch-back-top-left,2974,68,79,13.2196,7.7054,-8.8960,0.9625,0.4145,0.0036
quad-arch-back-top-left,2975,68,82,13.2670,7.6716,-8.8960,0.9643,0.4126,0.0036
quad-arch-back-top-left,2976,68,85,13.3052,7.6380,-8.8960,0.9658,0.4108,0.0036
quad-arch-back-top-left,2977,68,88,13.3415,7.5812,-8.8960,0.9671,0.4077,0.0036
quad-arch-back-top-left,2978,68,91,13.3742,7.5278,-8.8960,0.9684,0.4048,0.0036
quad-arch-back-top-left,2979,68,94,13.4066,7.4659,-8.8960,0.9696,0.4015,0.0036
quad-arch-back-top-left,2980,68,97,13.4536,7.4263,-8.8960,0.9714,0.3993,0.0036
quad-arch-back-top-left,2981,68,100,13.5095,7.3804,-8.8960,0.9735,0.3969,0.0036
quad-arch-back-top-left,2982,68,103,13.5553,7.2803,-8.8960,0.9752,0.3914,0.0036
quad-arch-back-top-left,2983,68,106,13.5971,7.1937,-8.8960,0.9768,0.3867,0.0036
quad-arch-back-top-left,2984,68,109,13.6451,7.1406,-8.8960,0.9786,0.3839,0.0036
quad-arch-back-top-left,2985,68,112,13.6932,7.0155,-8.8960,0.9804,0.3771,0.0036
quad-arch-back-top-left,2986,68,115,13.7356,6.8993,-8.8960,0.9820,0.3708,0.0036
quad-arch-back-top-left,2987,68,118,13.7675,6.7721,-8.8960,0.9832,0.3639,0.0036
quad-arch-back-top-left,2988,68,121,13.8184,6.6410,-8.8960,0.9851,0.3568,0.0036
quad-arch-back-top-left,2989,68,124,13.8776,6.5846,-8.8960,0.9874,0.3537,0.0036
quad-arch-back-top-left,2990,68,127,13.9031,6.4547,-8.8960,0.9883,0.3467,0.0036
quad-arch-back-top-left,2991,68,130,13.8964,6.3201,-8.8960,0.9881,0.3394,0.0036
quad-arch-back-top-left,2992,68,133,14.2131,6.3201,-8.5796,1.0000,0.3394,0.0220
quad-arch-back-top-left,2993,68,136,14.2131,6.4547,-8.5867,1.0000,0.3467,0.0216
quad-arch-back-top-left,2994,68,139,14.2131,6.5844,-8.5606,1.0000,0.3537,0.0231
quad-arch-back-top-left,2995,68,142,14.2131,6.6409,-8.5014,1.0000,0.3568,0.0266
quad-arch-back-top-left,2996,68,145,14.2131,6.7720,-8.4505,1.0000,0.3639,0.0296
quad-arch-back-top-left,2997,68,148,14.2131,6.8992,-8.4186,1.0000,0.3708,0.0314
quad-arch-back-top-left,2998,68,151,14.2131,7.0154,-8.3762,1.0000,0.3771,0.0339
quad-arch-back-top-left,2999,68,154,14.2131,7.1405,-8.3281,1.0000,0.3839,0.0367
quad-arch-back-top-left,3000,68,157,14.2131,7.1936,-8.2801,1.0000,0.3867,0.0395
quad-arch-back-top-left,3001,68,160,14.2131,7.2802,-8.2384,1.0000,0.3914,0.0419
quad-arch-back-top-left,3002,68,163,14.2131,7.3803,-8.1925,1.0000,0.3969,0.0446
quad-arch-back-top-left,3003,68,166,14.2131,7.4262,-8.1366,1.0000,0.3993,0.0478
quad-arch-back-top-left,3004,68,169,14.2131,7.4657,-8.0896,1.0000,0.4015,0.0505
quad-arch-back-top-left,3005,68,172,14.2131,7.5279,-8.0572,1.0000,0.4048,0.0524
quad-arch-back-top-left,3006,68,175,14.2131,7.5813,-8.0245,1.0000,0.4077,0.0543
quad-arch-back-top-left,3007,68,178,14.2131,7.6381,-7.9882,1.0000,0.4108,0.0564
quad-arch-back-top-left,3008,68,181,14.2131,7.6717,-7.9500,1.0000,0.4126,0.0587
quad-arch-back-top-left,3009,68,184,14.2131,7.7053,-7.9026,1.0000,0.4145,0.0614
quad-arch-back-top-left,3010,68,187,14.2131,7.7480,-7.8556,1.0000,0.4168,0.0642
quad-arch-back-top-left,3011,68,190,14.2131,7.7904,-7.8166,1.0000,0.4191,0.0664
quad-arch-back-top-left,3012,68,193,14.2131,7.8502,-7.7728,1.0000,0.4223,0.0690
quad-arch-back-top-left,3013,68,196,14.2131,7.8961,-7.7126,1.0000,0.4248,0.0725
quad-arch-back-top-left,3014,68,199,14.2131,7.8973,-7.6390,1.0000,0.4249,0.0767
quad-arch-back-top-left,3015,68,202,14.2131,7.8514,-7.5654,1.0000,0.4224,0.0810
quad-arch-back-top-left,3016,68,205,14.2131,7.7892,-7.5052,1.0000,0.4190,0.0845
quad-arch-back-top-left,3017,68,208,14.2131,7.7493,-7.4615,1.0000,0.4168,0.0871
quad-arch-back-top-left,3018,68,211,14.2131,7.7064,-7.4225,1.0000,0.4145,0.0893
quad-arch-back-top-left,3019,68,214,14.2131,7.6705,-7.3755,1.0000,0.4126,0.0921
quad-arch-back-top-left,3020,68,217,14.2131,7.6369,-7.3281,1.0000,0.4108,0.0948
quad-arch-back-top-left,3021,68,220,14.2131,7.5801,-7.2899,1.0000,0.4077,0.0971
quad-arch-back-top-left,3022,68,223,14.2131,7.5268,-7.2536,1.0000,0.4048,0.0992
quad-arch-back-top-left,3023,68,226,14.2131,7.4670,-7.2209,1.0000,0.4015,0.1011
quad-arch-back-top-left,3024,68,229,14.2131,7.4275,-7.1884,1.0000,0.3994,0.1030
quad-arch-back-top-left,3025,68,232,14.2131,7.3815,-7.1414,1.0000,0.3969,0.1057
quad-arch-back-top-left,3026,68,235,14.2131,7.2814,-7.0855,1.0000,0.3915,0.1089
quad-arch-back-top-left,3027,68,238,14.2131,7.1948,-7.0397,1.0000,0.3868,0.1116
quad-arch-back-top-left,3028,68,241,14.2131,7.1416,-6.9980,1.0000,0.3839,0.1140
quad-arch-back-top-left,3029,68,244,14.2131,7.0166,-6.9500,1.0000,0.3771,0.1168
quad-arch-back-top-left,3030,68,247,14.2131,6.9004,-6.9019,1.0000,0.3708,0.1196
quad-arch-back-top-left,3031,68,250,14.2131,6.7732,-6.8595,1.0000,0.3639,0.1221
quad-arch-back-top-left,3032,68,253,14.2131,6.6421,-6.8275,1.0000,0.3568,0.1239
quad-arch-back-top-left,3033,68,256,14.2131,6.5856,-6.7935,1.0000,0.3538,0.1259
quad-arch-back-top-left,3034,68,259,14.2131,6.4558,-6.7674,1.0000,0.3467,0.1274
quad-arch-back-top-left,3035,68,262,14.2131,6.3212,-6.7738,1.0000,0.3394,0.1271
quad-arch-back-top-left,3036,68,265,13.8964,6.3201,-6.4576,0.9881,0.3394,0.1455
quad-arch-back-top-left,3037,68,268,13.9031,6.4547,-6.4576,0.9883,0.3467,0.1455
quad-arch-back-top-left,3038,68,271,13.8776,6.5846,-6.4576,0.9874,0.3537,0.1455
quad-arch-back-top-left,3039,68,274,13.8184,6.6410,-6.4576,0.9851,0.3568,0.1455
quad-arch-back-top-left,3040,68,277,13.7675,6.7721,-6.4576,0.9832,0.3639,0.1455
quad-arch-back-top-left,3041,68,280,13.7356,6.8993,-6.4576,0.9820,0.3708,0.1455
quad-arch-back-top-left,3042,68,283,13.6932,7.0155,-6.4576,0.9804,0.3771,0.1455
quad-arch-back-top-left,3043,68,286,13.6451,7.1406,-6.4576,0.9786,0.3839,0.1455
quad-arch-back-top-left,3044,68,289,13.5971,7.1937,-6.4576,0.9768,0.3867,0.1455
quad-arch-back-top-left,3045,68,292,13.5553,7.2803,-6.4576,0.9752,0.3914,0.1455
quad-arch-back-top-left,3046,68,295,13.5095,7.3804,-6.4576,0.9735,0.3969,0.1455
quad-arch-back-top-left,3047,68,298,13.4536,7.4263,-6.4576,0.9714,0.3993,0.1455
quad-arch-back-top-left,3048,68,301,13.4066,7.4659,-6.4576,0.9696,0.4015,0.1455
quad-arch-back-top-left,3049,68,304,13.3742,7.5278,-6.4576,0.9684,0.4048,0.1455
quad-arch-back-top-left,3050,68,307,13.3415,7.5812,-6.4576,0.9671,0.4077,0.1455
quad-arch-back-top-left,3051,68,310,13.3052,7.6380,-6.4576,0.9658,0.4108,0.1455
quad-arch-back-top-left,3052,68,313,13.2670,7.6716,-6.4576,0.9643,0.4126,0.1455
quad-arch-back-top-left,3053,68,316,13.2196,7.7054,-6.4576,0.9625,0.4145,0.1455
quad-arch-back-top-left,3054,68,319,13.1726,7.7481,-6.4576,0.9608,0.4168,0.1455
quad-arch-back-top-left,3055,68,322,13.1335,7.7903,-6.4576,0.9593,0.4191,0.1455
quad-arch-back-top-left,3056,68,325,13.0898,7.8503,-6.4576,0.9576,0.4223,0.1455
quad-arch-back-top-left,3057,68,328,13.0296,7.8962,-6.4576,0.9554,0.4248,0.1455
quad-arch-back-top-left,3058,68,331,12.9560,7.8972,-6.4576,0.9526,0.4249,0.1455
quad-arch-back-top-left,3059,68,334,12.8824,7.8512,-6.4576,0.9498,0.4224,0.1455
quad-arch-back-top-left,3060,68,337,12.8222,7.7893,-6.4576,0.9476,0.4190,0.1455
quad-arch-back-top-left,3061,68,340,12.7785,7.7491,-6.4576,0.9459,0.4168,0.1455
quad-arch-back-top-left,3062,68,343,12.7395,7.7063,-6.4576,0.9444,0.4145,0.1455
quad-arch-back-top-left,3063,68,346,12.6925,7.6707,-6.4576,0.9427,0.4126,0.1455
quad-arch-back-top-left,3064,68,349,12.6451,7.6370,-6.4576,0.9409,0.4108,0.1455
quad-arch-back-top-left,3065,68,352,12.6069,7.5803,-6.4576,0.9394,0.4077,0.1455
quad-arch-back-top-left,3066,68,355,12.5705,7.5269,-6.4576,0.9381,0.4048,0.1455
quad-arch-back-top-left,3067,68,358,12.5379,7.4669,-6.4576,0.9368,0.4015,0.1455
quad-arch-back-top-left,3068,68,361,12.5054,7.4273,-6.4576,0.9356,0.3994,0.1455
quad-arch-back-top-left,3069,68,364,12.4584,7.3813,-6.4576,0.9338,0.3969,0.1455
quad-arch-back-top-left,3070,68,367,12.4025,7.2813,-6.4576,0.9317,0.3915,0.1455
quad-arch-back-top-left,3071,68,370,12.3567,7.1947,-6.4576,0.9300,0.3868,0.1455
quad-arch-back-top-left,3072,68,373,12.3150,7.1415,-6.4576,0.9284,0.3839,0.1455
quad-arch-back-top-left,3073,68,376,12.2670,7.0165,-6.4576,0.9266,0.3771,0.1455
quad-arch-back-top-left,3074,68,379,12.2189,6.9003,-6.4576,0.9248,0.3708,0.1455
quad-arch-back-top-left,3075,68,382,12.1765,6.7731,-6.4576,0.9232,0.3639,0.1455
quad-arch-back-top-left,3076,68,385,12.1445,6.6420,-6.4576,0.9220,0.3568,0.1455
quad-arch-back-top-left,3077,68,388,12.1105,6.5855,-6.4576,0.9207,0.3538,0.1455
quad-arch-back-top-left,3078,68,391,12.0838,6.4558,-6.4576,0.9197,0.3467,0.1455
quad-arch-back-top-left,3079,68,394,12.0906,6.3212,-6.4576,0.9200,0.3394,0.1455
quad-arch-back-top-right,3080,74,379,11.7747,6.3212,7.8566,0.9081,0.3394,0.9780
quad-arch-back-top-right,3081,74,382,11.7747,6.4558,7.8630,0.9081,0.3467,0.9783
quad-arch-back-top-right,3082,74,385,11.7747,6.5856,7.8369,0.9081,0.3538,0.9768
quad-arch-back-top-right,3083,74,388,11.7747,6.6421,7.8029,0.9081,0.3568,0.9749
quad-arch-back-top-right,3084,74,391,11.7747,6.7732,7.7709,0.9081,0.3639,0.9730
quad-arch-back-top-right,3085,74,394,11.7747,6.9004,7.7285,0.9081,0.3708,0.9705
quad-arch-back-top-right,3086,74,397,11.7747,7.0166,7.6804,0.9081,0.3771,0.9677
quad-arch-back-top-right,3087,74,400,11.7747,7.1416,7.6324,0.9081,0.3839,0.9649
quad-arch-back-top-right,3088,74,403,11.7747,7.1948,7.5907,0.9081,0.3868,0.9625
quad-arch-back-top-right,3089,74,406,11.7747,7.2814,7.5449,0.9081,0.3915,0.9598
quad-arch-back-top-right,3090,74,409,11.7747,7.3815,7.4890,0.9081,0.3969,0.9566
quad-arch-back-top-right,3091,74,412,11.7747,7.4275,7.4420,0.9081,0.3994,0.9539
quad-arch-back-top-right,3092,74,415,11.7747,7.4670,7.4095,0.9081,0.4015,0.9520
quad-arch-back-top-right,3093,74,418,11.7747,7.5268,7.3768,0.9081,0.4048,0.9501
quad-arch-back-top-right,3094,74,421,11.7747,7.5801,7.3405,0.9081,0.4077,0.9480
quad-arch-back-top-right,3095,74,424,11.7747,7.6369,7.3023,0.9081,0.4108,0.9457
quad-arch-back-top-right,3096,74,427,11.7747,7.6705,7.2549,0.9081,0.4126,0.9430
quad-arch-back-top-right,3097,74,430,11.7747,7.7064,7.2079,0.9081,0.4145,0.9402
quad-arch-back-top-right,3098,74,433,11.7747,7.7493,7.1689,0.9081,0.4168,0.9380
quad-arch-back-top-right,3099,74,436,11.7747,7.7892,7.1252,0.9081,0.4190,0.9354
quad-arch-back-top-right,3100,74,439,11.7747,7.8514,7.0650,0.9081,0.4224,0.9319
quad-arch-back-top-right,3101,74,442,11.7747,7.8973,6.9914,0.9081,0.4249,0.9277
quad-arch-back-top-right,3102,74,445,11.7747,7.8961,6.9178,0.9081,0.4248,0.9234
quad-arch-back-top-right,3103,74,448,11.7747,7.8502,6.8576,0.9081,0.4223,0.9199
quad-arch-back-top-right,3104,74,451,11.7747,7.7904,6.8138,0.9081,0.4191,0.9173
quad-arch-back-top-right,3105,74,454,11.7747,7.7480,6.7748,0.9081,0.4168,0.9151
quad-arch-back-top-right,3106,74,457,11.7747,7.7053,6.7278,0.9081,0.4145,0.9123
quad-arch-back-top-right,3107,74,460,11.7747,7.6717,6.6804,0.9081,0.4126,0.9096
quad-arch-back-top-right,3108,74,463,11.7747,7.6381,6.6422,0.9081,0.4108,0.9073
quad-arch-back-top-right,3109,74,466,11.7747,7.5813,6.6059,0.9081,0.4077,0.9052
quad-arch-back-top-right,3110,74,469,11.7747,7.5279,6.5732,0.9081,0.4048,0.9033
quad-arch-back-top-right,3111,74,472,11.7747,7.4657,6.5408,0.9081,0.4015,0.9014
quad-arch-back-top-right,3112,74,475,11.7747,7.4262,6.4938,0.9081,0.3993,0.8987
quad-arch-back-top-right,3113,74,478,11.7747,7.3803,6.4379,0.9081,0.3969,0.8955
quad-arch-back-top-right,3114,74,481,11.7747,7.2802,6.3920,0.9081,0.3914,0.8928
quad-arch-back-top-right,3115,74,484,11.7747,7.1936,6.3503,0.9081,0.3867,0.8904
quad-arch-back-top-right,3116,74,487,11.7747,7.1405,6.3023,0.9081,0.3839,0.8876
quad-arch-back-top-right,3117,74,490,11.7747,7.0154,6.2542,0.9081,0.3771,0.8848
quad-arch-back-top-right,3118,74,493,11.7747,6.8992,6.2118,0.9081,0.3708,0.8823
quad-arch-back-top-right,3119,74,496,11.7747,6.7720,6.1799,0.9081,0.3639,0.8805
quad-arch-back-top-right,3120,74,499,11.7747,6.6409,6.1290,0.9081,0.3568,0.8775
quad-arch-back-top-right,3121,74,502,11.7747,6.5844,6.0698,0.9081,0.3537,0.8741
quad-arch-back-top-right,3122,74,505,11.7747,6.4547,6.0437,0.9081,0.3467,0.8725
quad-arch-back-top-right,3123,74,508,11.7747,6.3201,6.0508,0.9081,0.3394,0.8729
quad-arch-back-top-right,3124,75,1,12.0906,6.3212,5.7344,0.9200,0.3394,0.8545
quad-arch-back-top-right,3125,75,4,12.0838,6.4558,5.7344,0.9197,0.3467,0.8545
quad-arch-back-top-right,3126,75,7,12.1105,6.5855,5.7344,0.9207,0.3538,0.8545
quad-arch-back-top-right,3127,75,10,12.1445,6.6420,5.7344,0.9220,0.3568,0.8545
quad-arch-back-top-right,3128,75,13,12.1765,6.7731,5.7344,0.9232,0.3639,0.8545
quad-arch-back-top-right,3129,75,16,12.2189,6.9003,5.7344,0.9248,0.3708,0.8545
quad-arch-back-top-right,3130,75,19,12.2670,7.0165,5.7344,0.9266,0.3771,0.8545
quad-arch-back-top-right,3131,75,22,12.3150,7.1415,5.7344,0.9284,0.3839,0.8545
quad-arch-back-top-right,3132,75,25,12.3567,7.1947,5.7344,0.9300,0.3868,0.8545
quad-arch-back-top-right,3133,75,28,12.4025,7.2813,5.7344,0.9317,0.3915,0.8545
quad-arch-back-top-right,3134,75,31,12.4584,7.3813,5.7344,0.9338,0.3969,0.8545
quad-arch-back-top-right,3135,75,34,12.5054,7.4273,5.7344,0.9356,0.3994,0.8545
quad-arch-back-top-right,3136,75,37,12.5379,7.4669,5.7344,0.9368,0.4015,0.8545
quad-arch-back-top-right,3137,75,40,12.5705,7.5269,5.7344,0.9381,0.4048,0.8545
quad-arch-back-top-right,3138,75,43,12.6069,7.5803,5.7344,0.9394,0.4077,0.8545
quad-arch-back-top-right,3139,75,46,12.6451,7.6370,5.7344,0.9409,0.4108,0.8545
quad-arch-back-top-right,3140,75,49,12.6925,7.6707,5.7344,0.9427,0.4126,0.8545
quad-arch-back-top-right,3141,75,52,12.7395,7.7063,5.7344,0.9444,0.4145,0.8545
quad-arch-back-top-right,3142,75,55,12.7785,7.7491,5.7344,0.9459,0.4168,0.8545
quad-arch-back-top-right,3143,75,58,12.8222,7.7893,5.7344,0.9476,0.4190,0.8545
quad-arch-back-top-right,3144,75,61,12.8824,7.8512,5.7344,0.9498,0.4224,0.8545
quad-arch-back-top-right,3145,75,64,12.9560,7.8972,5.7344,0.9526,0.4249,0.8545
quad-arch-back-top-right,3146,75,67,13.0296,7.8962,5.7344,0.9554,0.4248,0.8545
quad-arch-back-top-right,3147,75,70,13.0898,7.8503,5.7344,0.9576,0.4223,0.8545
quad-arch-back-top-right,3148,75,73,13.1335,7.7903,5.7344,0.9593,0.4191,0.8545
quad-arch-back-top-right,3149,75,76,13.1726,7.7481,5.7344,0.9608,0.4168,0.8545
quad-arch-back-top-right,3150,75,79,13.2196,7.7054,5.7344,0.9625,0.4145,0.8545
quad-arch-back-top-right,3151,75,82,13.2670,7.6716,5.7344,0.9643,0.4126,0.8545
quad-arch-back-top-right,3152,75,85,13.3052,7.6380,5.7344,0.9658,0.4108,0.8545
quad-arch-back-top-right,3153,75,88,13.3415,7.5812,5.7344,0.9671,0.4077,0.8545
quad-arch-back-top-right,3154,75,91,13.3742,7.5278,5.7344,0.9684,0.4048,0.8545
quad-arch-back-top-right,3155,75,94,13.4066,7.4659,5.7344,0.9696,0.4015,0.8545
quad-arch-back-top-right,3156,75,97,13.4536,7.4263,5.7344,0.9714,0.3993,0.8545
quad-arch-back-top-right,3157,75,100,13.5095,7.3804,5.7344,0.9735,0.3969,0.8545
quad-arch-back-top-right,3158,75,103,13.5553,7.2803,5.7344,0.9752,0.3914,0.8545
quad-arch-back-top-right,3159,75,106,13.5971,7.1937,5.7344,0.9768,0.3867,0.8545
quad-arch-back-top-right,3160,75,109,13.6451,7.1406,5.7344,0.9786,0.3839,0.8545
quad-arch-back-top-right,3161,75,112,13.6932,7.0155,5.7344,0.9804,0.3771,0.8545
quad-arch-back-top-right,3162,75,115,13.7356,6.8993,5.7344,0.9820,0.3708,0.8545
quad-arch-back-top-right,3163,75,118,13.7675,6.7721,5.7344,0.9832,0.3639,0.8545
quad-arch-back-top-right,3164,75,121,13.8184,6.6410,5.7344,0.9851,0.3568,0.8545
quad-arch-back-top-right,3165,75,124,13.8776,6.5846,5.7344,0.9874,0.3537,0.8545
quad-arch-back-top-right,3166,75,127,13.9031,6.4547,5.7344,0.9883,0.3467,0.8545
quad-arch-back-top-right,3167,75,130,13.8964,6.3201,5.7344,0.9881,0.3394,0.8545
quad-arch-back-top-right,3168,75,133,14.2131,6.3201,6.0508,1.0000,0.3394,0.8729
quad-arch-back-top-right,3169,75,136,14.2131,6.4547,6.0437,1.0000,0.3467,0.8725
quad-arch-back-top-right,3170,75,139,14.2131,6.5844,6.0698,1.0000,0.3537,0.8741
quad-arch-back-top-right,3171,75,142,14.2131,6.6409,6.1290,1.0000,0.3568,0.8775
quad-arch-back-top-right,3172,75,145,14.2131,6.7720,6.1799,1.0000,0.3639,0.8805
quad-arch-back-top-right,3173,75,148,14.2131,6.8992,6.2118,1.0000,0.3708,0.8823
quad-arch-back-top-right,3174,75,151,14.2131,7.0154,6.2542,1.0000,0.3771,0.8848
quad-arch-back-top-right,3175,75,154,14.2131,7.1405,6.3023,1.0000,0.3839,0.8876
quad-arch-back-top-right,3176,75,157,14.2131,7.1936,6.3503,1.0000,0.3867,0.8904
quad-arch-back-top-right,3177,75,160,14.2131,7.2802,6.3920,1.0000,0.3914,0.8928
quad-arch-back-top-right,3178,75,163,14.2131,7.3803,6.4379,1.0000,0.3969,0.8955
quad-arch-back-top-right,3179,75,166,14.2131,7.4262,6.4938,1.0000,0.3993,0.8987
quad-arch-back-top-right,3180,75,169,14.2131,7.4657,6.5408,1.0000,0.4015,0.9014
quad-arch-back-top-right,3181,75,172,14.2131,7.5279,6.5732,1.0000,0.4048,0.9033
quad-arch-back-top-right,3182,75,175,14.2131,7.5813,6.6059,1.0000,0.4077,0.9052
quad-arch-back-top-right,3183,75,178,14.2131,7.6381,6.6422,1.0000,0.4108,0.9073
quad-arch-back-top-right,3184,75,181,14.2131,7.6717,6.6804,1.0000,0.4126,0.9096
quad-arch-back-top-right,3185,75,184,14.2131,7.7053,6.7278,1.0000,0.4145,0.9123
quad-arch-back-top-right,3186,75,187,14.2131,7.7480,6.7748,1.0000,0.4168,0.9151
quad-arch-back-top-right,3187,75,190,14.2131,7.7904,6.8138,1.0000,0.4191,0.9173
quad-arch-back-top-right,3188,75,193,14.2131,7.8502,6.8576,1.0000,0.4223,0.9199
quad-arch-back-top-right,3189,75,196,14.2131,7.8961,6.9178,1.0000,0.4248,0.9234
quad-arch-back-top-right,3190,75,199,14.2131,7.8973,6.9914,1.0000,0.4249,0.9277
quad-arch-back-top-right,3191,75,202,14.2131,7.8514,7.0650,1.0000,0.4224,0.9319
quad-arch-back-top-right,3192,75,205,14.2131,7.7892,7.1252,1.0000,0.4190,0.9354
quad-arch-back-top-right,3193,75,208,14.2131,7.7493,7.1689,1.0000,0.4168,0.9380
quad-arch-back-top-right,3194,75,211,14.2131,7.7064,7.2079,1.0000,0.4145,0.9402
quad-arch-back-top-right,3195,75,214,14.2131,7.6705,7.2549,1.0000,0.4126,0.9430
quad-arch-back-top-right,3196,75,217,14.2131,7.6369,7.3023,1.0000,0.4108,0.9457
quad-arch-back-top-right,3197,75,220,14.2131,7.5801,7.3405,1.0000,0.4077,0.9480
quad-arch-back-top-right,3198,75,223,14.2131,7.5268,7.3768,1.0000,0.4048,0.9501
quad-arch-back-top-right,3199,75,226,14.2131,7.4670,7.4095,1.0000,0.4015,0.9520
quad-arch-back-top-right,3200,75,229,14.2131,7.4275,7.4420,1.0000,0.3994,0.9539
quad-arch-back-top-right,3201,75,232,14.2131,7.3815,7.4890,1.0000,0.3969,0.9566
quad-arch-back-top-right,3202,75,235,14.2131,7.2814,7.5449,1.0000,0.3915,0.9598
quad-arch-back-top-right,3203,75,238,14.2131,7.1948,7.5907,1.0000,0.3868,0.9625
quad-arch-back-top-right,3204,75,241,14.2131,7.1416,7.6324,1.0000,0.3839,0.9649
quad-arch-back-top-right,3205,75,244,14.2131,7.0166,7.6804,1.0000,0.3771,0.9677
quad-arch-back-top-right,3206,75,247,14.2131,6.9004,7.7285,1.0000,0.3708,0.9705
quad-arch-back-top-right,3207,75,250,14.2131,6.7732,7.7709,1.0000,0.3639,0.9730
quad-arch-back-top-right,3208,75,253,14.2131,6.6421,7.8029,1.0000,0.3568,0.9749
quad-arch-back-top-right,3209,75,256,14.2131,6.5856,7.8369,1.0000,0.3538,0.9768
quad-arch-back-top-right,3210,75,259,14.2131,6.4558,7.8630,1.0000,0.3467,0.9783
quad-arch-back-top-right,3211,75,262,14.2131,6.3212,7.8566,1.0000,0.3394,0.9780
quad-arch-back-top-right,3212,75,265,13.8964,6.3201,8.1728,0.9881,0.3394,0.9964
quad-arch-back-top-right,3213,75,268,13.9031,6.4547,8.1728,0.9883,0.3467,0.9964
quad-arch-back-top-right,3214,75,271,13.8776,6.5846,8.1728,0.9874,0.3537,0.9964
quad-arch-back-top-right,3215,75,274,13.8184,6.6410,8.1728,0.9851,0.3568,0.9964
quad-arch-back-top-right,3216,75,277,13.7675,6.7721,8.1728,0.9832,0.3639,0.9964
quad-arch-back-top-right,3217,75,280,13.7356,6.8993,8.1728,0.9820,0.3708,0.9964
quad-arch-back-top-right,3218,75,283,13.6932,7.0155,8.1728,0.9804,0.3771,0.9964
quad-arch-back-top-right,3219,75,286,13.6451,7.1406,8.1728,0.9786,0.3839,0.9964
quad-arch-back-top-right,3220,75,289,13.5971,7.1937,8.1728,0.9768,0.3867,0.9964
quad-arch-back-top-right,3221,75,292,13.5553,7.2803,8.1728,0.9752,0.3914,0.9964
quad-arch-back-top-right,3222,75,295,13.5095,7.3804,8.1728,0.9735,0.3969,0.9964
quad-arch-back-top-right,3223,75,298,13.4536,7.4263,8.1728,0.9714,0.3993,0.9964
quad-arch-back-top-right,3224,75,301,13.4066,7.4659,8.1728,0.9696,0.4015,0.9964
quad-arch-back-top-right,3225,75,304,13.3742,7.5278,8.1728,0.9684,0.4048,0.9964
quad-arch-back-top-right,3226,75,307,13.3415,7.5812,8.1728,0.9671,0.4077,0.9964
quad-arch-back-top-right,3227,75,310,13.3052,7.6380,8.1728,0.9658,0.4108,0.9964
quad-arch-back-top-right,3228,75,313,13.2670,7.6716,8.1728,0.9643,0.4126,0.9964
quad-arch-back-top-right,3229,75,316,13.2196,7.7054,8.1728,0.9625,0.4145,0.9964
quad-arch-back-top-right,3230,75,319,13.1726,7.7481,8.1728,0.9608,0.4168,0.9964
quad-arch-back-top-right,3231,75,322,13.1335,7.7903,8.1728,0.9593,0.4191,0.9964
quad-arch-back-top-right,3232,75,325,13.0898,7.8503,8.1728,0.9576,0.4223,0.9964
quad-arch-back-top-right,3233,75,328,13.0296,7.8962,8.1728,0.9554,0.4248,0.9964
quad-arch-back-top-right,3234,75,331,12.9560,7.8972,8.1728,0.9526,0.4249,0.9964
quad-arch-back-top-right,3235,75,334,12.8824,7.8512,8.1728,0.9498,0.4224,0.9964
quad-arch-back-top-right,3236,75,337,12.8222,7.7893,8.1728,0.9476,0.4190,0.9964
quad-arch-back-top-right,3237,75,340,12.7785,7.7491,8.1728,0.9459,0.4168,0.9964
quad-arch-back-top-right,3238,75,343,12.7395,7.7063,8.1728,0.9444,0.4145,0.9964
quad-arch-back-top-right,3239,75,346,12.6925,7.6707,8.1728,0.9427,0.4126,0.9964
quad-arch-back-top-right,3240,75,349,12.6451,7.6370,8.1728,0.9409,0.4108,0.9964
quad-arch-back-top-right,3241,75,352,12.6069,7.5803,8.1728,0.9394,0.4077,0.9964
quad-arch-back-top-right,3242,75,355,12.5705,7.5269,8.1728,0.9381,0.4048,0.9964
quad-arch-back-top-right,3243,75,358,12.5379,7.4669,8.1728,0.9368,0.4015,0.9964
quad-arch-back-top-right,3244,75,361,12.5054,7.4273,8.1728,0.9356,0.3994,0.9964
quad-arch-back-top-right,3245,75,364,12.4584,7.3813,8.1728,0.9338,0.3969,0.9964
quad-arch-back-top-right,3246,75,367,12.4025,7.2813,8.1728,0.9317,0.3915,0.9964
quad-arch-back-top-right,3247,75,370,12.3567,7.1947,8.1728,0.9300,0.3868,0.9964
quad-arch-back-top-right,3248,75,373,12.3150,7.1415,8.1728,0.9284,0.3839,0.9964
quad-arch-back-top-right,3249,75,376,12.2670,7.0165,8.1728,0.9266,0.3771,0.9964
quad-arch-back-top-right,3250,75,379,12.2189,6.9003,8.1728,0.9248,0.3708,0.9964
quad-arch-back-top-right,3251,75,382,12.1765,6.7731,8.1728,0.9232,0.3639,0.9964
quad-arch-back-top-right,3252,75,385,12.1445,6.6420,8.1728,0.9220,0.3568,0.9964
quad-arch-back-top-right,3253,75,388,12.1105,6.5855,8.1728,0.9207,0.3538,0.9964
quad-arch-back-top-right,3254,75,391,12.0838,6.4558,8.1728,0.9197,0.3467,0.9964
quad-arch-back-top-right,3255,75,394,12.0906,6.3212,8.1728,0.9200,0.3394,0.9964
quad-arch-front-top-left,3256,56,157,-8.6313,7.9977,-4.3441,0.1387,0.4303,0.2684
quad-arch-front-top-left,3257,56,160,-8.6313,8.1155,-4.3361,0.1387,0.4367,0.2688
quad-arch-front-top-left,3258,56,163,-8.6313,8.2332,-4.3282,0.1387,0.4431,0.2693
quad-arch-front-top-left,3259,56,166,-8.6313,8.3510,-4.3202,0.1387,0.4495,0.2698
quad-arch-front-top-left,3260,56,169,-8.6313,8.4688,-4.3123,0.1387,0.4558,0.2702
quad-arch-front-top-left,3261,56,172,-8.6313,8.5838,-4.3226,0.1387,0.4621,0.2696
quad-arch-front-top-left,3262,56,175,-8.6313,8.6994,-4.3452,0.1387,0.4683,0.2683
quad-arch-front-top-left,3263,56,178,-8.6313,8.8161,-4.3631,0.1387,0.4747,0.2673
quad-arch-front-top-left,3264,56,181,-8.6313,8.8350,-4.3694,0.1387,0.4757,0.2669
quad-arch-front-top-left,3265,56,184,-8.6313,8.9529,-4.3751,0.1387,0.4821,0.2666
quad-arch-front-top-left,3266,56,187,-8.6313,9.0708,-4.3840,0.1387,0.4885,0.2661
quad-arch-front-top-left,3267,56,190,-8.6313,9.1880,-4.4014,0.1387,0.4948,0.2650
quad-arch-front-top-left,3268,56,193,-8.6313,9.3040,-4.4207,0.1387,0.5011,0.2639
quad-arch-front-top-left,3269,56,196,-8.6313,9.4195,-4.4438,0.1387,0.5074,0.2626
quad-arch-front-top-left,3270,56,199,-8.6313,9.5306,-4.4688,0.1387,0.5134,0.2611
quad-arch-front-top-left,3271,56,202,-8.6313,9.6402,-4.4936,0.1387,0.5193,0.2597
quad-arch-front-top-left,3272,56,205,-8.6313,9.7545,-4.5209,0.1387,0.5255,0.2581
quad-arch-front-top-left,3273,56,208,-8.6313,9.8687,-4.5525,0.1387,0.5317,0.2563
quad-arch-front-top-left,3274,56,211,-8.6313,9.9623,-4.5812,0.1387,0.5368,0.2546
quad-arch-front-top-left,3275,56,214,-8.6313,10.0212,-4.5991,0.1387,0.5400,0.2535
quad-arch-front-top-left,3276,56,217,-8.6313,10.1387,-4.6144,0.1387,0.5464,0.2527
quad-arch-front-top-left,3277,56,220,-8.6313,10.1229,-4.6383,0.1387,0.5455,0.2513
quad-arch-front-top-left,3278,56,223,-8.6313,10.2005,-4.6699,0.1387,0.5497,0.2494
quad-arch-front-top-left,3279,56,226,-8.6313,10.3129,-4.7153,0.1387,0.5558,0.2468
quad-arch-front-top-left,3280,56,229,-8.6313,10.4109,-4.7513,0.1387,0.5611,0.2447
quad-arch-front-top-left,3281,56,232,-8.6313,10.4949,-4.7718,0.1387,0.5657,0.2435
quad-arch-front-top-left,3282,56,235,-8.6313,10.5123,-4.7902,0.1387,0.5666,0.2424
quad-arch-front-top-left,3283,56,238,-8.6313,10.5773,-4.8094,0.1387,0.5701,0.2413
quad-arch-front-top-left,3284,56,241,-8.6313,10.5852,-4.8307,0.1387,0.5705,0.2401
quad-arch-front-top-left,3285,56,244,-8.6313,10.6484,-4.8510,0.1387,0.5740,0.2389
quad-arch-front-top-left,3286,56,247,-8.6313,10.6664,-4.8695,0.1387,0.5750,0.2378
quad-arch-front-top-left,3287,56,250,-8.6313,10.7131,-4.8896,0.1387,0.5775,0.2367
quad-arch-front-top-left,3288,56,253,-8.6313,10.7539,-4.9174,0.1387,0.5797,0.2350
quad-arch-front-top-left,3289,56,256,-8.6313,10.7863,-4.9465,0.1387,0.5814,0.2333
quad-arch-front-top-left,3290,56,259,-8.6313,10.8679,-4.9697,0.1387,0.5859,0.2320
quad-arch-front-top-left,3291,56,262,-8.6313,10.9006,-5.0016,0.1387,0.5876,0.2301
quad-arch-front-top-left,3292,56,265,-8.6313,10.9189,-5.0361,0.1387,0.5886,0.2281
quad-arch-front-top-left,3293,56,268,-8.6313,10.9711,-5.0679,0.1387,0.5915,0.2263
quad-arch-front-top-left,3294,56,271,-8.6313,11.0301,-5.1031,0.1387,0.5947,0.2242
quad-arch-front-top-left,3295,56,274,-8.6313,11.0638,-5.1368,0.1387,0.5965,0.2223
quad-arch-front-top-left,3296,56,277,-8.6313,11.1575,-5.1654,0.1387,0.6016,0.2206
quad-arch-front-top-left,3297,56,280,-8.6313,11.2073,-5.2093,0.1387,0.6043,0.2181
quad-arch-front-top-left,3298,56,283,-8.6313,11.2031,-5.2532,0.1387,0.6040,0.2155
quad-arch-front-top-left,3299,56,286,-8.6313,11.1534,-5.2818,0.1387,0.6013,0.2138
quad-arch-front-top-left,3300,56,289,-8.6313,11.0675,-5.3155,0.1387,0.5967,0.2119
quad-arch-front-top-left,3301,56,292,-8.6313,11.0260,-5.3507,0.1387,0.5944,0.2098
quad-arch-front-top-left,3302,56,295,-8.6313,10.9751,-5.3825,0.1387,0.5917,0.2080
quad-arch-front-top-left,3303,56,298,-8.6313,10.9148,-5.4170,0.1387,0.5884,0.2060
quad-arch-front-top-left,3304,56,301,-8.6313,10.8966,-5.4489,0.1387,0.5874,0.2041
quad-arch-front-top-left,3305,56,304,-8.6313,10.8720,-5.4721,0.1387,0.5861,0.2028
quad-arch-front-top-left,3306,56,307,-8.6313,10.7822,-5.5012,0.1387,0.5812,0.2011
quad-arch-front-top-left,3307,56,310,-8.6313,10.7497,-5.5290,0.1387,0.5795,0.1995
quad-arch-front-top-left,3308,56,313,-8.6313,10.7172,-5.5491,0.1387,0.5777,0.1983
quad-arch-front-top-left,3309,56,316,-8.6313,10.6622,-5.5676,0.1387,0.5747,0.1972
quad-arch-front-top-left,3310,56,319,-8.6313,10.6524,-5.5879,0.1387,0.5742,0.1960
quad-arch-front-top-left,3311,56,322,-8.6313,10.5810,-5.6092,0.1387,0.5703,0.1948
quad-arch-front-top-left,3312,56,325,-8.6313,10.5813,-5.6284,0.1387,0.5703,0.1937
quad-arch-front-top-left,3313,56,328,-8.6313,10.5081,-5.6468,0.1387,0.5664,0.1926
quad-arch-front-top-left,3314,56,331,-8.6313,10.4988,-5.6673,0.1387,0.5659,0.1914
quad-arch-front-top-left,3315,56,334,-8.6313,10.4073,-5.7033,0.1387,0.5609,0.1893
quad-arch-front-top-left,3316,56,337,-8.6313,10.3089,-5.7487,0.1387,0.5556,0.1867
quad-arch-front-top-left,3317,56,340,-8.6313,10.1964,-5.7803,0.1387,0.5495,0.1849
quad-arch-front-top-left,3318,56,343,-8.6313,10.1188,-5.8042,0.1387,0.5453,0.1835
quad-arch-front-top-left,3319,56,346,-8.6313,10.1345,-5.8194,0.1387,0.5461,0.1826
quad-arch-front-top-left,3320,56,349,-8.6313,10.0171,-5.8374,0.1387,0.5398,0.1815
quad-arch-front-top-left,3321,56,352,-8.6313,9.9581,-5.8661,0.1387,0.5366,0.1799
quad-arch-front-top-left,3322,56,355,-8.6313,9.8648,-5.8977,0.1387,0.5315,0.1780
quad-arch-front-top-left,3323,56,358,-8.6313,9.7504,-5.9250,0.1387,0.5253,0.1764
quad-arch-front-top-left,3324,56,361,-8.6313,9.6361,-5.9498,0.1387,0.5191,0.1750
quad-arch-front-top-left,3325,56,364,-8.6313,9.5264,-5.9748,0.1387,0.5132,0.1735
quad-arch-front-top-left,3326,56,367,-8.6313,9.4154,-5.9978,0.1387,0.5071,0.1722
quad-arch-front-top-left,3327,56,370,-8.6313,9.2998,-6.0172,0.1387,0.5009,0.1711
quad-arch-front-top-left,3328,56,373,-8.6313,9.1882,-6.0346,0.1387,0.4948,0.1701
quad-arch-front-top-left,3329,56,376,-8.6313,9.0708,-6.0435,0.1387,0.4885,0.1695
quad-arch-front-top-left,3330,56,379,-8.6313,8.9529,-6.0492,0.1387,0.4821,0.1692
quad-arch-front-top-left,3331,56,382,-8.6313,8.8350,-6.0812,0.1387,0.4757,0.1674
quad-arch-front-top-left,3332,56,385,-8.6313,8.8161,-6.1137,0.1387,0.4747,0.1655
quad-arch-front-top-left,3333,56,388,-8.6313,8.6994,-6.1317,0.1387,0.4683,0.1644
quad-arch-front-top-left,3334,56,391,-8.6313,8.5839,-6.1546,0.1387,0.4621,0.1631
quad-arch-front-top-left,3335,56,394,-8.6313,8.4688,-6.1647,0.1387,0.4558,0.1625
quad-arch-front-top-left,3336,56,397,-8.6313,8.3510,-6.1567,0.1387,0.4495,0.1630
quad-arch-front-top-left,3337,56,400,-8.6313,8.2332,-6.1487,0.1387,0.4431,0.1634
quad-arch-front-top-left,3338,56,403,-8.6313,8.1155,-6.1408,0.1387,0.4367,0.1639
quad-arch-front-top-left,3339,56,406,-8.6313,7.9977,-6.1328,0.1387,0.4303,0.1643
quad-arch-front-top-left,3340,56,409,-8.9562,7.9968,-6.4576,0.1264,0.4303,0.1455
quad-arch-front-top-left,3341,56,412,-8.9484,8.1129,-6.4576,0.1267,0.4366,0.1455
quad-arch-front-top-left,3342,56,415,-8.9406,8.2289,-6.4576,0.1270,0.4428,0.1455
quad-arch-front-top-left,3343,56,418,-8.9328,8.3449,-6.4576,0.1273,0.4491,0.1455
quad-arch-front-top-left,3344,56,421,-8.9250,8.4609,-6.4576,0.1276,0.4554,0.1455
quad-arch-front-top-left,3345,56,424,-8.9312,8.5748,-6.4576,0.1274,0.4616,0.1455
quad-arch-front-top-left,3346,56,427,-8.9556,8.6882,-6.4576,0.1265,0.4677,0.1455
quad-arch-front-top-left,3347,56,430,-8.9729,8.8032,-6.4576,0.1258,0.4740,0.1455
quad-arch-front-top-left,3348,56,433,-8.9969,8.8263,-6.4576,0.1249,0.4752,0.1455
quad-arch-front-top-left,3349,56,436,-9.0027,8.9421,-6.4576,0.1247,0.4815,0.1455
quad-arch-front-top-left,3350,56,439,-9.0116,9.0582,-6.4576,0.1244,0.4878,0.1455
quad-arch-front-top-left,3351,56,442,-9.0276,9.1737,-6.4576,0.1238,0.4940,0.1455
quad-arch-front-top-left,3352,56,445,-9.0472,9.2880,-6.4576,0.1230,0.5002,0.1455
quad-arch-front-top-left,3353,56,448,-9.0700,9.4018,-6.4576,0.1222,0.5064,0.1455
quad-arch-front-top-left,3354,56,451,-9.0904,9.5110,-6.4576,0.1214,0.5123,0.1455
quad-arch-front-top-left,3355,56,454,-9.1135,9.6247,-6.4576,0.1205,0.5185,0.1455
quad-arch-front-top-left,3356,56,457,-9.1428,9.7323,-6.4576,0.1194,0.5243,0.1455
quad-arch-front-top-left,3357,56,460,-9.1713,9.8450,-6.4576,0.1183,0.5304,0.1455
quad-arch-front-top-left,3358,56,463,-9.2008,9.9526,-6.4576,0.1172,0.5363,0.1455
quad-arch-front-top-left,3359,56,466,-9.2229,10.0118,-6.4576,0.1164,0.5395,0.1455
quad-arch-front-top-left,3360,56,469,-9.2385,10.1087,-6.4576,0.1158,0.5447,0.1455
quad-arch-front-top-left,3361,56,472,-9.2577,10.0915,-6.4576,0.1151,0.5438,0.1455
quad-arch-front-top-left,3362,56,475,-9.2866,10.2057,-6.4576,0.1140,0.5500,0.1455
quad-arch-front-top-left,3363,56,478,-9.3264,10.2794,-6.4576,0.1125,0.5540,0.1455
quad-arch-front-top-left,3364,56,481,-9.3638,10.3855,-6.4576,0.1111,0.5597,0.1455
quad-arch-front-top-left,3365,56,484,-9.3938,10.4896,-6.4576,0.1099,0.5654,0.1455
quad-arch-front-top-left,3366,56,487,-9.4126,10.4717,-6.4576,0.1092,0.5644,0.1455
quad-arch-front-top-left,3367,56,490,-9.4309,10.5877,-6.4576,0.1086,0.5707,0.1455
quad-arch-front-top-left,3368,56,493,-9.4500,10.5412,-6.4576,0.1078,0.5682,0.1455
quad-arch-front-top-left,3369,56,496,-9.4693,10.6570,-6.4576,0.1071,0.5744,0.1455
quad-arch-front-top-left,3370,56,499,-9.4895,10.6190,-6.4576,0.1063,0.5724,0.1455
quad-arch-front-top-left,3371,56,502,-9.5087,10.7346,-6.4576,0.1056,0.5786,0.1455
quad-arch-front-top-left,3372,56,505,-9.5343,10.7031,-6.4576,0.1047,0.5769,0.1455
quad-arch-front-top-left,3373,56,508,-9.5616,10.7843,-6.4576,0.1036,0.5813,0.1455
quad-arch-front-top-left,3374,57,1,-9.5877,10.8483,-6.4576,0.1026,0.5848,0.1455
quad-arch-front-top-left,3375,57,4,-9.6174,10.8455,-6.4576,0.1015,0.5847,0.1455
quad-arch-front-top-left,3376,57,7,-9.6497,10.9150,-6.4576,0.1003,0.5884,0.1455
quad-arch-front-top-left,3377,57,10,-9.6784,10.9753,-6.4576,0.0992,0.5917,0.1455
quad-arch-front-top-left,3378,57,13,-9.7112,11.0127,-6.4576,0.0980,0.5937,0.1455
quad-arch-front-top-left,3379,57,16,-9.7471,11.0358,-6.4576,0.0966,0.5950,0.1455
quad-arch-front-top-left,3380,57,19,-9.7809,11.0939,-6.4576,0.0954,0.5981,0.1455
quad-arch-front-top-left,3381,57,22,-9.8119,11.1413,-6.4576,0.0942,0.6007,0.1455
quad-arch-front-top-left,3382,57,25,-9.8373,11.2250,-6.4576,0.0932,0.6052,0.1455
quad-arch-front-top-left,3383,57,28,-9.8627,11.1916,-6.4576,0.0923,0.6034,0.1455
quad-arch-front-top-left,3384,57,31,-9.8937,11.1412,-6.4576,0.0911,0.6007,0.1455
quad-arch-front-top-left,3385,57,34,-9.9275,11.0939,-6.4576,0.0898,0.5981,0.1455
quad-arch-front-top-left,3386,57,37,-9.9634,11.0357,-6.4576,0.0885,0.5950,0.1455
quad-arch-front-top-left,3387,57,40,-9.9963,11.0126,-6.4576,0.0872,0.5937,0.1455
quad-arch-front-top-left,3388,57,43,-10.0249,10.9752,-6.4576,0.0862,0.5917,0.1455
quad-arch-front-top-left,3389,57,46,-10.0572,10.9151,-6.4576,0.0849,0.5884,0.1455
quad-arch-front-top-left,3390,57,49,-10.0869,10.8454,-6.4576,0.0838,0.5847,0.1455
quad-arch-front-top-left,3391,57,52,-10.1130,10.8482,-6.4576,0.0828,0.5848,0.1455
quad-arch-front-top-left,3392,57,55,-10.1403,10.7844,-6.4576,0.0818,0.5813,0.1455
quad-arch-front-top-left,3393,57,58,-10.1659,10.7030,-6.4576,0.0808,0.5769,0.1455
quad-arch-front-top-left,3394,57,61,-10.1851,10.7346,-6.4576,0.0801,0.5786,0.1455
quad-arch-front-top-left,3395,57,64,-10.2053,10.6189,-6.4576,0.0794,0.5724,0.1455
quad-arch-front-top-left,3396,57,67,-10.2246,10.6569,-6.4576,0.0786,0.5744,0.1455
quad-arch-front-top-left,3397,57,70,-10.2437,10.5411,-6.4576,0.0779,0.5682,0.1455
quad-arch-front-top-left,3398,57,73,-10.2620,10.5876,-6.4576,0.0772,0.5707,0.1455
quad-arch-front-top-left,3399,57,76,-10.2808,10.4717,-6.4576,0.0765,0.5644,0.1455
quad-arch-front-top-left,3400,57,79,-10.3108,10.4896,-6.4576,0.0754,0.5654,0.1455
quad-arch-front-top-left,3401,57,82,-10.3482,10.3854,-6.4576,0.0740,0.5597,0.1455
quad-arch-front-top-left,3402,57,85,-10.3880,10.2793,-6.4576,0.0725,0.5540,0.1455
quad-arch-front-top-left,3403,57,88,-10.4169,10.2057,-6.4576,0.0714,0.5500,0.1455
quad-arch-front-top-left,3404,57,91,-10.4361,10.0915,-6.4576,0.0707,0.5438,0.1455
quad-arch-front-top-left,3405,57,94,-10.4517,10.1086,-6.4576,0.0701,0.5447,0.1455
quad-arch-front-top-left,3406,57,97,-10.4738,10.0119,-6.4576,0.0692,0.5395,0.1455
quad-arch-front-top-left,3407,57,100,-10.5033,9.9526,-6.4576,0.0681,0.5363,0.1455
quad-arch-front-top-left,3408,57,103,-10.5318,9.8450,-6.4576,0.0670,0.5304,0.1455
quad-arch-front-top-left,3409,57,106,-10.5611,9.7322,-6.4576,0.0659,0.5243,0.1455
quad-arch-front-top-left,3410,57,109,-10.5842,9.6247,-6.4576,0.0651,0.5185,0.1455
quad-arch-front-top-left,3411,57,112,-10.6047,9.5110,-6.4576,0.0643,0.5123,0.1455
quad-arch-front-top-left,3412,57,115,-10.6274,9.4017,-6.4576,0.0634,0.5064,0.1455
quad-arch-front-top-left,3413,57,118,-10.6470,9.2879,-6.4576,0.0627,0.5002,0.1455
quad-arch-front-top-left,3414,57,121,-10.6630,9.1737,-6.4576,0.0621,0.4940,0.1455
quad-arch-front-top-left,3415,57,124,-10.6719,9.0582,-6.4576,0.0618,0.4878,0.1455
quad-arch-front-top-left,3416,57,127,-10.6778,8.9420,-6.4576,0.0615,0.4815,0.1455
quad-arch-front-top-left,3417,57,130,-10.6941,8.8263,-6.4576,0.0609,0.4752,0.1455
quad-arch-front-top-left,3418,57,133,-10.7281,8.8031,-6.4576,0.0596,0.4740,0.1455
quad-arch-front-top-left,3419,57,136,-10.7454,8.6881,-6.4576,0.0590,0.4677,0.1455
quad-arch-front-top-left,3420,57,139,-10.7694,8.5747,-6.4576,0.0581,0.4616,0.1455
quad-arch-front-top-left,3421,57,142,-10.7763,8.4609,-6.4576,0.0578,0.4554,0.1455
quad-arch-front-top-left,3422,57,145,-10.7684,8.3449,-6.4576,0.0581,0.4491,0.1455
quad-arch-front-top-left,3423,57,148,-10.7605,8.2289,-6.4576,0.0584,0.4428,0.1455
quad-arch-front-top-left,3424,57,151,-10.7527,8.1129,-6.4576,0.0587,0.4366,0.1455
quad-arch-front-top-left,3425,57,154,-10.7448,7.9968,-6.4576,0.0590,0.4303,0.1455
quad-arch-front-top-left,3426,57,157,-11.0697,7.9977,-6.1328,0.0468,0.4303,0.1643
quad-arch-front-top-left,3427,57,160,-11.0697,8.1155,-6.1408,0.0468,0.4367,0.1639
quad-arch-front-top-left,3428,57,163,-11.0697,8.2332,-6.1487,0.0468,0.4431,0.1634
quad-arch-front-top-left,3429,57,166,-11.0697,8.3510,-6.1567,0.0468,0.4495,0.1630
quad-arch-front-top-left,3430,57,169,-11.0697,8.4688,-6.1647,0.0468,0.4558,0.1625
quad-arch-front-top-left,3431,57,172,-11.0697,8.5839,-6.1546,0.0468,0.4621,0.1631
quad-arch-front-top-left,3432,57,175,-11.0697,8.6994,-6.1317,0.0468,0.4683,0.1644
quad-arch-front-top-left,3433,57,178,-11.0697,8.8161,-6.1137,0.0468,0.4747,0.1655
quad-arch-front-top-left,3434,57,181,-11.0697,8.8350,-6.0812,0.0468,0.4757,0.1674
quad-arch-front-top-left,3435,57,184,-11.0697,8.9529,-6.0492,0.0468,0.4821,0.1692
quad-arch-front-top-left,3436,57,187,-11.0697,9.0708,-6.0435,0.0468,0.4885,0.1695
quad-arch-front-top-left,3437,57,190,-11.0697,9.1882,-6.0346,0.0468,0.4948,0.1701
quad-arch-front-top-left,3438,57,193,-11.0697,9.2998,-6.0172,0.0468,0.5009,0.1711
quad-arch-front-top-left,3439,57,196,-11.0697,9.4154,-5.9978,0.0468,0.5071,0.1722
quad-arch-front-top-left,3440,57,199,-11.0697,9.5264,-5.9748,0.0468,0.5132,0.1735
quad-arch-front-top-left,3441,57,202,-11.0697,9.6361,-5.9498,0.0468,0.5191,0.1750
quad-arch-front-top-left,3442,57,205,-11.0697,9.7504,-5.9250,0.0468,0.5253,0.1764
quad-arch-front-top-left,3443,57,208,-11.0697,9.8648,-5.8977,0.0468,0.5315,0.1780
quad-arch-front-top-left,3444,57,211,-11.0697,9.9581,-5.8661,0.0468,0.5366,0.1799
quad-arch-front-top-left,3445,57,214,-11.0697,10.0171,-5.8374,0.0468,0.5398,0.1815
quad-arch-front-top-left,3446,57,217,-11.0697,10.1345,-5.8194,0.0468,0.5461,0.1826
quad-arch-front-top-left,3447,57,220,-11.0697,10.1188,-5.8042,0.0468,0.5453,0.1835
quad-arch-front-top-left,3448,57,223,-11.0697,10.1964,-5.7803,0.0468,0.5495,0.1849
quad-arch-front-top-left,3449,57,226,-11.0697,10.3089,-5.7487,0.0468,0.5556,0.1867
quad-arch-front-top-left,3450,57,229,-11.0697,10.4073,-5.7033,0.0468,0.5609,0.1893
quad-arch-front-top-left,3451,57,232,-11.0697,10.4988,-5.6673,0.0468,0.5659,0.1914
quad-arch-front-top-left,3452,57,235,-11.0697,10.5081,-5.6468,0.0468,0.5664,0.1926
quad-arch-front-top-left,3453,57,238,-11.0697,10.5813,-5.6284,0.0468,0.5703,0.1937
quad-arch-front-top-left,3454,57,241,-11.0697,10.5810,-5.6092,0.0468,0.5703,0.1948
quad-arch-front-top-left,3455,57,244,-11.0697,10.6524,-5.5879,0.0468,0.5742,0.1960
quad-arch-front-top-left,3456,57,247,-11.0697,10.6622,-5.5676,0.0468,0.5747,0.1972
quad-arch-front-top-left,3457,57,250,-11.0697,10.7172,-5.5491,0.0468,0.5777,0.1983
quad-arch-front-top-left,3458,57,253,-11.0697,10.7497,-5.5290,0.0468,0.5795,0.1995
quad-arch-front-top-left,3459,57,256,-11.0697,10.7822,-5.5012,0.0468,0.5812,0.2011
quad-arch-front-top-left,3460,57,259,-11.0697,10.8720,-5.4721,0.0468,0.5861,0.2028
quad-arch-front-top-left,3461,57,262,-11.0697,10.8966,-5.4489,0.0468,0.5874,0.2041
quad-arch-front-top-left,3462,57,265,-11.0697,10.9148,-5.4170,0.0468,0.5884,0.2060
quad-arch-front-top-left,3463,57,268,-11.0697,10.9751,-5.3825,0.0468,0.5917,0.2080
quad-arch-front-top-left,3464,57,271,-11.0697,11.0260,-5.3507,0.0468,0.5944,0.2098
quad-arch-front-top-left,3465,57,274,-11.0697,11.0675,-5.3155,0.0468,0.5967,0.2119
quad-arch-front-top-left,3466,57,277,-11.0697,11.1534,-5.2818,0.0468,0.6013,0.2138
quad-arch-front-top-left,3467,57,280,-11.0697,11.2031,-5.2532,0.0468,0.6040,0.2155
quad-arch-front-top-left,3468,57,283,-11.0697,11.2073,-5.2093,0.0468,0.6043,0.2181
quad-arch-front-top-left,3469,57,286,-11.0697,11.1575,-5.1654,0.0468,0.6016,0.2206
quad-arch-front-top-left,3470,57,289,-11.0697,11.0638,-5.1368,0.0468,0.5965,0.2223
quad-arch-front-top-left,3471,57,292,-11.0697,11.0301,-5.1031,0.0468,0.5947,0.2242
quad-arch-front-top-left,3472,57,295,-11.0697,10.9711,-5.0679,0.0468,0.5915,0.2263
quad-arch-front-top-left,3473,57,298,-11.0697,10.9189,-5.0361,0.0468,0.5886,0.2281
quad-arch-front-top-left,3474,57,301,-11.0697,10.9006,-5.0016,0.0468,0.5876,0.2301
quad-arch-front-top-left,3475,57,304,-11.0697,10.8679,-4.9697,0.0468,0.5859,0.2320
quad-arch-front-top-left,3476,57,307,-11.0697,10.7863,-4.9465,0.0468,0.5814,0.2333
quad-arch-front-top-left,3477,57,310,-11.0697,10.7539,-4.9174,0.0468,0.5797,0.2350
quad-arch-front-top-left,3478,57,313,-11.0697,10.7131,-4.8896,0.0468,0.5775,0.2367
quad-arch-front-top-left,3479,57,316,-11.0697,10.6664,-4.8695,0.0468,0.5750,0.2378
quad-arch-front-top-left,3480,57,319,-11.0697,10.6484,-4.8510,0.0468,0.5740,0.2389
quad-arch-front-top-left,3481,57,322,-11.0697,10.5852,-4.8307,0.0468,0.5705,0.2401
quad-arch-front-top-left,3482,57,325,-11.0697,10.5773,-4.8094,0.0468,0.5701,0.2413
quad-arch-front-top-left,3483,57,328,-11.0697,10.5123,-4.7902,0.0468,0.5666,0.2424
quad-arch-front-top-left,3484,57,331,-11.0697,10.4949,-4.7718,0.0468,0.5657,0.2435
quad-arch-front-top-left,3485,57,334,-11.0697,10.4109,-4.7513,0.0468,0.5611,0.2447
quad-arch-front-top-left,3486,57,337,-11.0697,10.3129,-4.7153,0.0468,0.5558,0.2468
quad-arch-front-top-left,3487,57,340,-11.0697,10.2005,-4.6699,0.0468,0.5497,0.2494
quad-arch-front-top-left,3488,57,343,-11.0697,10.1229,-4.6383,0.0468,0.5455,0.2513
quad-arch-front-top-left,3489,57,346,-11.0697,10.1387,-4.6144,0.0468,0.5464,0.2527
quad-arch-front-top-left,3490,57,349,-11.0697,10.0212,-4.5991,0.0468,0.5400,0.2535
quad-arch-front-top-left,3491,57,352,-11.0697,9.9623,-4.5812,0.0468,0.5368,0.2546
quad-arch-front-top-left,3492,57,355,-11.0697,9.8687,-4.5525,0.0468,0.5317,0.2563
quad-arch-front-top-left,3493,57,358,-11.0697,9.7545,-4.5209,0.0468,0.5255,0.2581
quad-arch-front-top-left,3494,57,361,-11.0697,9.6402,-4.4936,0.0468,0.5193,0.2597
quad-arch-front-top-left,3495,57,364,-11.0697,9.5306,-4.4688,0.0468,0.5134,0.2611
quad-arch-front-top-left,3496,57,367,-11.0697,9.4195,-4.4438,0.0468,0.5074,0.2626
quad-arch-front-top-left,3497,57,370,-11.0697,9.3040,-4.4207,0.0468,0.5011,0.2639
quad-arch-front-top-left,3498,57,373,-11.0697,9.1880,-4.4014,0.0468,0.4948,0.2650
quad-arch-front-top-left,3499,57,376,-11.0697,9.0708,-4.3840,0.0468,0.4885,0.2661
quad-arch-front-top-left,3500,57,379,-11.0697,8.9529,-4.3751,0.0468,0.4821,0.2666
quad-arch-front-top-left,3501,57,382,-11.0697,8.8350,-4.3694,0.0468,0.4757,0.2669
quad-arch-front-top-left,3502,57,385,-11.0697,8.8161,-4.3631,0.0468,0.4747,0.2673
quad-arch-front-top-left,3503,57,388,-11.0697,8.6994,-4.3452,0.0468,0.4683,0.2683
quad-arch-front-top-left,3504,57,391,-11.0697,8.5838,-4.3226,0.0468,0.4621,0.2696
quad-arch-front-top-left,3505,57,394,-11.0697,8.4688,-4.3123,0.0468,0.4558,0.2702
quad-arch-front-top-left,3506,57,397,-11.0697,8.3510,-4.3202,0.0468,0.4495,0.2698
quad-arch-front-top-left,3507,57,400,-11.0697,8.2332,-4.3282,0.0468,0.4431,0.2693
quad-arch-front-top-left,3508,57,403,-11.0697,8.1155,-4.3361,0.0468,0.4367,0.2688
quad-arch-front-top-left,3509,57,406,-11.0697,7.9977,-4.3441,0.0468,0.4303,0.2684
quad-arch-front-top-left,3510,57,409,-10.7448,7.9968,-4.0192,0.0590,0.4303,0.2873
quad-arch-front-top-left,3511,57,412,-10.7527,8.1129,-4.0192,0.0587,0.4366,0.2873
quad-arch-front-top-left,3512,57,415,-10.7605,8.2289,-4.0192,0.0584,0.4428,0.2873
quad-arch-front-top-left,3513,57,418,-10.7684,8.3449,-4.0192,0.0581,0.4491,0.2873
quad-arch-front-top-left,3514,57,421,-10.7763,8.4609,-4.0192,0.0578,0.4554,0.2873
quad-arch-front-top-left,3515,57,424,-10.7694,8.5747,-4.0192,0.0581,0.4616,0.2873
quad-arch-front-top-left,3516,57,427,-10.7454,8.6881,-4.0192,0.0590,0.4677,0.2873
quad-arch-front-top-left,3517,57,430,-10.7281,8.8031,-4.0192,0.0596,0.4740,0.2873
quad-arch-front-top-left,3518,57,433,-10.6941,8.8263,-4.0192,0.0609,0.4752,0.2873
quad-arch-front-top-left,3519,57,436,-10.6778,8.9420,-4.0192,0.0615,0.4815,0.2873
quad-arch-front-top-left,3520,57,439,-10.6719,9.0582,-4.0192,0.0618,0.4878,0.2873
quad-arch-front-top-left,3521,57,442,-10.6630,9.1737,-4.0192,0.0621,0.4940,0.2873
quad-arch-front-top-left,3522,57,445,-10.6470,9.2879,-4.0192,0.0627,0.5002,0.2873
quad-arch-front-top-left,3523,57,448,-10.6274,9.4017,-4.0192,0.0634,0.5064,0.2873
quad-arch-front-top-left,3524,57,451,-10.6047,9.5110,-4.0192,0.0643,0.5123,0.2873
quad-arch-front-top-left,3525,57,454,-10.5842,9.6247,-4.0192,0.0651,0.5185,0.2873
quad-arch-front-top-left,3526,57,457,-10.5611,9.7322,-4.0192,0.0659,0.5243,0.2873
quad-arch-front-top-left,3527,57,460,-10.5318,9.8450,-4.0192,0.0670,0.5304,0.2873
quad-arch-front-top-left,3528,57,463,-10.5033,9.9526,-4.0192,0.0681,0.5363,0.2873
quad-arch-front-top-left,3529,57,466,-10.4738,10.0119,-4.0192,0.0692,0.5395,0.2873
quad-arch-front-top-left,3530,57,469,-10.4517,10.1086,-4.0192,0.0701,0.5447,0.2873
quad-arch-front-top-left,3531,57,472,-10.4361,10.0915,-4.0192,0.0707,0.5438,0.2873
quad-arch-front-top-left,3532,57,475,-10.4169,10.2057,-4.0192,0.0714,0.5500,0.2873
quad-arch-front-top-left,3533,57,478,-10.3880,10.2793,-4.0192,0.0725,0.5540,0.2873
quad-arch-front-top-left,3534,57,481,-10.3482,10.3854,-4.0192,0.0740,0.5597,0.2873
quad-arch-front-top-left,3535,57,484,-10.3108,10.4896,-4.0192,0.0754,0.5654,0.2873
quad-arch-front-top-left,3536,57,487,-10.2808,10.4717,-4.0192,0.0765,0.5644,0.2873
quad-arch-front-top-left,3537,57,490,-10.2620,10.5876,-4.0192,0.0772,0.5707,0.2873
quad-arch-front-top-left,3538,57,493,-10.2437,10.5411,-4.0192,0.0779,0.5682,0.2873
quad-arch-front-top-left,3539,57,496,-10.2246,10.6569,-4.0192,0.0786,0.5744,0.2873
quad-arch-front-top-left,3540,57,499,-10.2053,10.6189,-4.0192,0.0794,0.5724,0.2873
quad-arch-front-top-left,3541,57,502,-10.1851,10.7346,-4.0192,0.0801,0.5786,0.2873
quad-arch-front-top-left,3542,57,505,-10.1659,10.7030,-4.0192,0.0808,0.5769,0.2873
quad-arch-front-top-left,3543,57,508,-10.1403,10.7844,-4.0192,0.0818,0.5813,0.2873
quad-arch-front-top-left,3544,58,1,-10.1130,10.8482,-4.0192,0.0828,0.5848,0.2873
quad-arch-front-top-left,3545,58,4,-10.0869,10.8454,-4.0192,0.0838,0.5847,0.2873
quad-arch-front-top-left,3546,58,7,-10.0572,10.9151,-4.0192,0.0849,0.5884,0.2873
quad-arch-front-top-left,3547,58,10,-10.0249,10.9752,-4.0192,0.0862,0.5917,0.2873
quad-arch-front-top-left,3548,58,13,-9.9963,11.0126,-4.0192,0.0872,0.5937,0.2873
quad-arch-front-top-left,3549,58,16,-9.9634,11.0357,-4.0192,0.0885,0.5950,0.2873
quad-arch-front-top-left,3550,58,19,-9.9275,11.0939,-4.0192,0.0898,0.5981,0.2873
quad-arch-front-top-left,3551,58,22,-9.8937,11.1412,-4.0192,0.0911,0.6007,0.2873
quad-arch-front-top-left,3552,58,25,-9.8627,11.1916,-4.0192,0.0923,0.6034,0.2873
quad-arch-front-top-left,3553,58,28,-9.8373,11.2250,-4.0192,0.0932,0.6052,0.2873
quad-arch-front-top-left,3554,58,31,-9.8119,11.1413,-4.0192,0.0942,0.6007,0.2873
quad-arch-front-top-left,3555,58,34,-9.7809,11.0939,-4.0192,0.0954,0.5981,0.2873
quad-arch-front-top-left,3556,58,37,-9.7471,11.0358,-4.0192,0.0966,0.5950,0.2873
quad-arch-front-top-left,3557,58,40,-9.7112,11.0127,-4.0192,0.0980,0.5937,0.2873
quad-arch-front-top-left,3558,58,43,-9.6784,10.9753,-4.0192,0.0992,0.5917,0.2873
quad-arch-front-top-left,3559,58,46,-9.6497,10.9150,-4.0192,0.1003,0.5884,0.2873
quad-arch-front-top-left,3560,58,49,-9.6174,10.8455,-4.0192,0.1015,0.5847,0.2873
quad-arch-front-top-left,3561,58,52,-9.5877,10.8483,-4.0192,0.1026,0.5848,0.2873
quad-arch-front-top-left,3562,58,55,-9.5616,10.7843,-4.0192,0.1036,0.5813,0.2873
quad-arch-front-top-left,3563,58,58,-9.5343,10.7031,-4.0192,0.1047,0.5769,0.2873
quad-arch-front-top-left,3564,58,61,-9.5087,10.7346,-4.0192,0.1056,0.5786,0.2873
quad-arch-front-top-left,3565,58,64,-9.4895,10.6190,-4.0192,0.1063,0.5724,0.2873
quad-arch-front-top-left,3566,58,67,-9.4693,10.6570,-4.0192,0.1071,0.5744,0.2873
quad-arch-front-top-left,3567,58,70,-9.4500,10.5412,-4.0192,0.1078,0.5682,0.2873
quad-arch-front-top-left,3568,58,73,-9.4309,10.5877,-4.0192,0.1086,0.5707,0.2873
quad-arch-front-top-left,3569,58,76,-9.4126,10.4717,-4.0192,0.1092,0.5644,0.2873
quad-arch-front-top-left,3570,58,79,-9.3938,10.4896,-4.0192,0.1099,0.5654,0.2873
quad-arch-front-top-left,3571,58,82,-9.3638,10.3855,-4.0192,0.1111,0.5597,0.2873
quad-arch-front-top-left,3572,58,85,-9.3264,10.2794,-4.0192,0.1125,0.5540,0.2873
quad-arch-front-top-left,3573,58,88,-9.2866,10.2057,-4.0192,0.1140,0.5500,0.2873
quad-arch-front-top-left,3574,58,91,-9.2577,10.0915,-4.0192,0.1151,0.5438,0.2873
quad-arch-front-top-left,3575,58,94,-9.2385,10.1087,-4.0192,0.1158,0.5447,0.2873
quad-arch-front-top-left,3576,58,97,-9.2229,10.0118,-4.0192,0.1164,0.5395,0.2873
quad-arch-front-top-left,3577,58,100,-9.2008,9.9526,-4.0192,0.1172,0.5363,0.2873
quad-arch-front-top-left,3578,58,103,-9.1713,9.8450,-4.0192,0.1183,0.5304,0.2873
quad-arch-front-top-left,3579,58,106,-9.1428,9.7323,-4.0192,0.1194,0.5243,0.2873
quad-arch-front-top-left,3580,58,109,-9.1135,9.6247,-4.0192,0.1205,0.5185,0.2873
quad-arch-front-top-left,3581,58,112,-9.0904,9.5110,-4.0192,0.1214,0.5123,0.2873
quad-arch-front-top-left,3582,58,115,-9.0700,9.4018,-4.0192,0.1222,0.5064,0.2873
quad-arch-front-top-left,3583,58,118,-9.0472,9.2880,-4.0192,0.1230,0.5002,0.2873
quad-arch-front-top-left,3584,58,121,-9.0276,9.1737,-4.0192,0.1238,0.4940,0.2873
quad-arch-front-top-left,3585,58,124,-9.0116,9.0582,-4.0192,0.1244,0.4878,0.2873
quad-arch-front-top-left,3586,58,127,-9.0027,8.9421,-4.0192,0.1247,0.4815,0.2873
quad-arch-front-top-left,3587,58,130,-8.9969,8.8263,-4.0192,0.1249,0.4752,0.2873
quad-arch-front-top-left,3588,58,133,-8.9729,8.8032,-4.0192,0.1258,0.4740,0.2873
quad-arch-front-top-left,3589,58,136,-8.9556,8.6882,-4.0192,0.1265,0.4677,0.2873
quad-arch-front-top-left,3590,58,139,-8.9312,8.5748,-4.0192,0.1274,0.4616,0.2873
quad-arch-front-top-left,3591,58,142,-8.9250,8.4609,-4.0192,0.1276,0.4554,0.2873
quad-arch-front-top-left,3592,58,145,-8.9328,8.3449,-4.0192,0.1273,0.4491,0.2873
quad-arch-front-top-left,3593,58,148,-8.9406,8.2289,-4.0192,0.1270,0.4428,0.2873
quad-arch-front-top-left,3594,58,151,-8.9484,8.1129,-4.0192,0.1267,0.4366,0.2873
quad-arch-front-top-left,3595,58,154,-8.9562,7.9968,-4.0192,0.1264,0.4303,0.2873
quad-arch-front-top-right,3596,50,157,-8.6313,7.9977,5.4095,0.1387,0.4303,0.8357
quad-arch-front-top-right,3597,50,160,-8.6313,8.1155,5.4175,0.1387,0.4367,0.8361
quad-arch-front-top-right,3598,50,163,-8.6313,8.2332,5.4254,0.1387,0.4431,0.8366
quad-arch-front-top-right,3599,50,166,-8.6313,8.3510,5.4334,0.1387,0.4495,0.8370
quad-arch-front-top-right,3600,50,169,-8.6313,8.4688,5.4413,0.1387,0.4558,0.8375
quad-arch-front-top-right,3601,50,172,-8.6313,8.5838,5.4310,0.1387,0.4621,0.8369
quad-arch-front-top-right,3602,50,175,-8.6313,8.6994,5.4084,0.1387,0.4683,0.8356
quad-arch-front-top-right,3603,50,178,-8.6313,8.8161,5.3905,0.1387,0.4747,0.8345
quad-arch-front-top-right,3604,50,181,-8.6313,8.8350,5.3842,0.1387,0.4757,0.8342
quad-arch-front-top-right,3605,50,184,-8.6313,8.9529,5.3785,0.1387,0.4821,0.8338
quad-arch-front-top-right,3606,50,187,-8.6313,9.0708,5.3696,0.1387,0.4885,0.8333
quad-arch-front-top-right,3607,50,190,-8.6313,9.1880,5.3522,0.1387,0.4948,0.8323
quad-arch-front-top-right,3608,50,193,-8.6313,9.3040,5.3329,0.1387,0.5011,0.8312
quad-arch-front-top-right,3609,50,196,-8.6313,9.4195,5.3098,0.1387,0.5074,0.8299
quad-arch-front-top-right,3610,50,199,-8.6313,9.5306,5.2848,0.1387,0.5134,0.8284
quad-arch-front-top-right,3611,50,202,-8.6313,9.6402,5.2600,0.1387,0.5193,0.8270
quad-arch-front-top-right,3612,50,205,-8.6313,9.7545,5.2327,0.1387,0.5255,0.8254
quad-arch-front-top-right,3613,50,208,-8.6313,9.8687,5.2011,0.1387,0.5317,0.8235
quad-arch-front-top-right,3614,50,211,-8.6313,9.9623,5.1724,0.1387,0.5368,0.8219
quad-arch-front-top-right,3615,50,214,-8.6313,10.0212,5.1545,0.1387,0.5400,0.8208
quad-arch-front-top-right,3616,50,217,-8.6313,10.1387,5.1392,0.1387,0.5464,0.8199
quad-arch-front-top-right,3617,50,220,-8.6313,10.1229,5.1153,0.1387,0.5455,0.8185
quad-arch-front-top-right,3618,50,223,-8.6313,10.2005,5.0837,0.1387,0.5497,0.8167
quad-arch-front-top-right,3619,50,226,-8.6313,10.3129,5.0383,0.1387,0.5558,0.8141
quad-arch-front-top-right,3620,50,229,-8.6313,10.4109,5.0023,0.1387,0.5611,0.8120
quad-arch-front-top-right,3621,50,232,-8.6313,10.4949,4.9818,0.1387,0.5657,0.8108
quad-arch-front-top-right,3622,50,235,-8.6313,10.5123,4.9634,0.1387,0.5666,0.8097
quad-arch-front-top-right,3623,50,238,-8.6313,10.5773,4.9442,0.1387,0.5701,0.8086
quad-arch-front-top-right,3624,50,241,-8.6313,10.5852,4.9229,0.1387,0.5705,0.8074
quad-arch-front-top-right,3625,50,244,-8.6313,10.6484,4.9026,0.1387,0.5740,0.8062
quad-arch-front-top-right,3626,50,247,-8.6313,10.6664,4.8841,0.1387,0.5750,0.8051
quad-arch-front-top-right,3627,50,250,-8.6313,10.7131,4.8640,0.1387,0.5775,0.8039
quad-arch-front-top-right,3628,50,253,-8.6313,10.7539,4.8362,0.1387,0.5797,0.8023
quad-arch-front-top-right,3629,50,256,-8.6313,10.7863,4.8071,0.1387,0.5814,0.8006
quad-arch-front-top-right,3630,50,259,-8.6313,10.8679,4.7839,0.1387,0.5859,0.7993
quad-arch-front-top-right,3631,50,262,-8.6313,10.9006,4.7520,0.1387,0.5876,0.7974
quad-arch-front-top-right,3632,50,265,-8.6313,10.9189,4.7175,0.1387,0.5886,0.7954
quad-arch-front-top-right,3633,50,268,-8.6313,10.9711,4.6857,0.1387,0.5915,0.7936
quad-arch-front-top-right,3634,50,271,-8.6313,11.0301,4.6505,0.1387,0.5947,0.7915
quad-arch-front-top-right,3635,50,274,-8.6313,11.0638,4.6168,0.1387,0.5965,0.7895
quad-arch-front-top-right,3636,50,277,-8.6313,11.1575,4.5882,0.1387,0.6016,0.7879
quad-arch-front-top-right,3637,50,280,-8.6313,11.2073,4.5443,0.1387,0.6043,0.7853
quad-arch-front-top-right,3638,50,283,-8.6313,11.2031,4.5004,0.1387,0.6040,0.7828
quad-arch-front-top-right,3639,50,286,-8.6313,11.1534,4.4718,0.1387,0.6013,0.7811
quad-arch-front-top-right,3640,50,289,-8.6313,11.0675,4.4381,0.1387,0.5967,0.7792
quad-arch-front-top-right,3641,50,292,-8.6313,11.0260,4.4029,0.1387,0.5944,0.7771
quad-arch-front-top-right,3642,50,295,-8.6313,10.9751,4.3711,0.1387,0.5917,0.7753
quad-arch-front-top-right,3643,50,298,-8.6313,10.9148,4.3366,0.1387,0.5884,0.7733
quad-arch-front-top-right,3644,50,301,-8.6313,10.8966,4.3047,0.1387,0.5874,0.7714
quad-arch-front-top-right,3645,50,304,-8.6313,10.8720,4.2815,0.1387,0.5861,0.7700
quad-arch-front-top-right,3646,50,307,-8.6313,10.7822,4.2524,0.1387,0.5812,0.7684
quad-arch-front-top-right,3647,50,310,-8.6313,10.7497,4.2246,0.1387,0.5795,0.7667
quad-arch-front-top-right,3648,50,313,-8.6313,10.7172,4.2045,0.1387,0.5777,0.7656
quad-arch-front-top-right,3649,50,316,-8.6313,10.6622,4.1860,0.1387,0.5747,0.7645
quad-arch-front-top-right,3650,50,319,-8.6313,10.6524,4.1657,0.1387,0.5742,0.7633
quad-arch-front-top-right,3651,50,322,-8.6313,10.5810,4.1444,0.1387,0.5703,0.7621
quad-arch-front-top-right,3652,50,325,-8.6313,10.5813,4.1252,0.1387,0.5703,0.7610
quad-arch-front-top-right,3653,50,328,-8.6313,10.5081,4.1068,0.1387,0.5664,0.7599
quad-arch-front-top-right,3654,50,331,-8.6313,10.4988,4.0863,0.1387,0.5659,0.7587
quad-arch-front-top-right,3655,50,334,-8.6313,10.4073,4.0503,0.1387,0.5609,0.7566
quad-arch-front-top-right,3656,50,337,-8.6313,10.3089,4.0049,0.1387,0.5556,0.7540
quad-arch-front-top-right,3657,50,340,-8.6313,10.1964,3.9733,0.1387,0.5495,0.7521
quad-arch-front-top-right,3658,50,343,-8.6313,10.1188,3.9494,0.1387,0.5453,0.7507
quad-arch-front-top-right,3659,50,346,-8.6313,10.1345,3.9342,0.1387,0.5461,0.7498
quad-arch-front-top-right,3660,50,349,-8.6313,10.0171,3.9162,0.1387,0.5398,0.7488
quad-arch-front-top-right,3661,50,352,-8.6313,9.9581,3.8875,0.1387,0.5366,0.7471
quad-arch-front-top-right,3662,50,355,-8.6313,9.8647,3.8559,0.1387,0.5315,0.7453
quad-arch-front-top-right,3663,50,358,-8.6313,9.7504,3.8286,0.1387,0.5253,0.7437
quad-arch-front-top-right,3664,50,361,-8.6313,9.6361,3.8038,0.1387,0.5191,0.7423
quad-arch-front-top-right,3665,50,364,-8.6313,9.5264,3.7788,0.1387,0.5132,0.7408
quad-arch-front-top-right,3666,50,367,-8.6313,9.4154,3.7558,0.1387,0.5071,0.7395
quad-arch-front-top-right,3667,50,370,-8.6313,9.2998,3.7364,0.1387,0.5009,0.7383
quad-arch-front-top-right,3668,50,373,-8.6313,9.1882,3.7190,0.1387,0.4948,0.7373
quad-arch-front-top-right,3669,50,376,-8.6313,9.0708,3.7101,0.1387,0.4885,0.7368
quad-arch-front-top-right,3670,50,379,-8.6313,8.9529,3.7044,0.1387,0.4821,0.7365
quad-arch-front-top-right,3671,50,382,-8.6313,8.8350,3.6724,0.1387,0.4757,0.7346
quad-arch-front-top-right,3672,50,385,-8.6313,8.8161,3.6399,0.1387,0.4747,0.7327
quad-arch-front-top-right,3673,50,388,-8.6313,8.6994,3.6219,0.1387,0.4683,0.7317
quad-arch-front-top-right,3674,50,391,-8.6313,8.5839,3.5990,0.1387,0.4621,0.7304
quad-arch-front-top-right,3675,50,394,-8.6313,8.4688,3.5889,0.1387,0.4558,0.7298
quad-arch-front-top-right,3676,50,397,-8.6313,8.3510,3.5969,0.1387,0.4495,0.7302
quad-arch-front-top-right,3677,50,400,-8.6313,8.2332,3.6049,0.1387,0.4431,0.7307
quad-arch-front-top-right,3678,50,403,-8.6313,8.1155,3.6128,0.1387,0.4367,0.7312
quad-arch-front-top-right,3679,50,406,-8.6313,7.9977,3.6208,0.1387,0.4303,0.7316
quad-arch-front-top-right,3680,50,409,-8.9562,7.9968,3.2960,0.1264,0.4303,0.7127
quad-arch-front-top-right,3681,50,412,-8.9484,8.1129,3.2960,0.1267,0.4366,0.7127
quad-arch-front-top-right,3682,50,415,-8.9406,8.2289,3.2960,0.1270,0.4428,0.7127
quad-arch-front-top-right,3683,50,418,-8.9328,8.3449,3.2960,0.1273,0.4491,0.7127
quad-arch-front-top-right,3684,50,421,-8.9250,8.4609,3.2960,0.1276,0.4554,0.7127
quad-arch-front-top-right,3685,50,424,-8.9312,8.5748,3.2960,0.1274,0.4616,0.7127
quad-arch-front-top-right,3686,50,427,-8.9556,8.6882,3.2960,0.1265,0.4677,0.7127
quad-arch-front-top-right,3687,50,430,-8.9729,8.8032,3.2960,0.1258,0.4740,0.7127
quad-arch-front-top-right,3688,50,433,-8.9969,8.8263,3.2960,0.1249,0.4752,0.7127
quad-arch-front-top-right,3689,50,436,-9.0027,8.9421,3.2960,0.1247,0.4815,0.7127
quad-arch-front-top-right,3690,50,439,-9.0116,9.0582,3.2960,0.1244,0.4878,0.7127
quad-arch-front-top-right,3691,50,442,-9.0276,9.1737,3.2960,0.1238,0.4940,0.7127
quad-arch-front-top-right,3692,50,445,-9.0472,9.2880,3.2960,0.1230,0.5002,0.7127
quad-arch-front-top-right,3693,50,448,-9.0700,9.4018,3.2960,0.1222,0.5064,0.7127
quad-arch-front-top-right,3694,50,451,-9.0904,9.5110,3.2960,0.1214,0.5123,0.7127
quad-arch-front-top-right,3695,50,454,-9.1135,9.6247,3.2960,0.1205,0.5185,0.7127
quad-arch-front-top-right,3696,50,457,-9.1428,9.7323,3.2960,0.1194,0.5243,0.7127
quad-arch-front-top-right,3697,50,460,-9.1713,9.8450,3.2960,0.1183,0.5304,0.7127
quad-arch-front-top-right,3698,50,463,-9.2008,9.9526,3.2960,0.1172,0.5363,0.7127
quad-arch-front-top-right,3699,50,466,-9.2229,10.0118,3.2960,0.1164,0.5395,0.7127
quad-arch-front-top-right,3700,50,469,-9.2385,10.1087,3.2960,0.1158,0.5447,0.7127
quad-arch-front-top-right,3701,50,472,-9.2577,10.0915,3.2960,0.1151,0.5438,0.7127
quad-arch-front-top-right,3702,50,475,-9.2866,10.2057,3.2960,0.1140,0.5500,0.7127
quad-arch-front-top-right,3703,50,478,-9.3264,10.2794,3.2960,0.1125,0.5540,0.7127
quad-arch-front-top-right,3704,50,481,-9.3638,10.3855,3.2960,0.1111,0.5597,0.7127
quad-arch-front-top-right,3705,50,484,-9.3938,10.4896,3.2960,0.1099,0.5654,0.7127
quad-arch-front-top-right,3706,50,487,-9.4126,10.4717,3.2960,0.1092,0.5644,0.7127
quad-arch-front-top-right,3707,50,490,-9.4309,10.5877,3.2960,0.1086,0.5707,0.7127
quad-arch-front-top-right,3708,50,493,-9.4500,10.5412,3.2960,0.1078,0.5682,0.7127
quad-arch-front-top-right,3709,50,496,-9.4693,10.6570,3.2960,0.1071,0.5744,0.7127
quad-arch-front-top-right,3710,50,499,-9.4895,10.6190,3.2960,0.1063,0.5724,0.7127
quad-arch-front-top-right,3711,50,502,-9.5087,10.7346,3.2960,0.1056,0.5786,0.7127
quad-arch-front-top-right,3712,50,505,-9.5343,10.7031,3.2960,0.1047,0.5769,0.7127
quad-arch-front-top-right,3713,50,508,-9.5616,10.7843,3.2960,0.1036,0.5813,0.7127
quad-arch-front-top-right,3714,51,1,-9.5877,10.8483,3.2960,0.1026,0.5848,0.7127
quad-arch-front-top-right,3715,51,4,-9.6174,10.8455,3.2960,0.1015,0.5847,0.7127
quad-arch-front-top-right,3716,51,7,-9.6497,10.9150,3.2960,0.1003,0.5884,0.7127
quad-arch-front-top-right,3717,51,10,-9.6784,10.9753,3.2960,0.0992,0.5917,0.7127
quad-arch-front-top-right,3718,51,13,-9.7112,11.0127,3.2960,0.0980,0.5937,0.7127
quad-arch-front-top-right,3719,51,16,-9.7471,11.0358,3.2960,0.0966,0.5950,0.7127
quad-arch-front-top-right,3720,51,19,-9.7809,11.0939,3.2960,0.0954,0.5981,0.7127
quad-arch-front-top-right,3721,51,22,-9.8119,11.1413,3.2960,0.0942,0.6007,0.7127
quad-arch-front-top-right,3722,51,25,-9.8373,11.2250,3.2960,0.0932,0.6052,0.7127
quad-arch-front-top-right,3723,51,28,-9.8627,11.1916,3.2960,0.0923,0.6034,0.7127
quad-arch-front-top-right,3724,51,31,-9.8937,11.1412,3.2960,0.0911,0.6007,0.7127
quad-arch-front-top-right,3725,51,34,-9.9275,11.0939,3.2960,0.0898,0.5981,0.7127
quad-arch-front-top-right,3726,51,37,-9.9634,11.0357,3.2960,0.0885,0.5950,0.7127
quad-arch-front-top-right,3727,51,40,-9.9963,11.0126,3.2960,0.0872,0.5937,0.7127
quad-arch-front-top-right,3728,51,43,-10.0249,10.9752,3.2960,0.0862,0.5917,0.7127
quad-arch-front-top-right,3729,51,46,-10.0572,10.9151,3.2960,0.0849,0.5884,0.7127
quad-arch-front-top-right,3730,51,49,-10.0869,10.8454,3.2960,0.0838,0.5847,0.7127
quad-arch-front-top-right,3731,51,52,-10.1130,10.8482,3.2960,0.0828,0.5848,0.7127
quad-arch-front-top-right,3732,51,55,-10.1403,10.7844,3.2960,0.0818,0.5813,0.7127
quad-arch-front-top-right,3733,51,58,-10.1659,10.7030,3.2960,0.0808,0.5769,0.7127
quad-arch-front-top-right,3734,51,61,-10.1851,10.7346,3.2960,0.0801,0.5786,0.7127
quad-arch-front-top-right,3735,51,64,-10.2053,10.6189,3.2960,0.0794,0.5724,0.7127
quad-arch-front-top-right,3736,51,67,-10.2246,10.6569,3.2960,0.0786,0.5744,0.7127
quad-arch-front-top-right,3737,51,70,-10.2437,10.5411,3.2960,0.0779,0.5682,0.7127
quad-arch-front-top-right,3738,51,73,-10.2620,10.5876,3.2960,0.0772,0.5707,0.7127
quad-arch-front-top-right,3739,51,76,-10.2808,10.4717,3.2960,0.0765,0.5644,0.7127
quad-arch-front-top-right,3740,51,79,-10.3108,10.4896,3.2960,0.0754,0.5654,0.7127
quad-arch-front-top-right,3741,51,82,-10.3482,10.3854,3.2960,0.0740,0.5597,0.7127
quad-arch-front-top-right,3742,51,85,-10.3880,10.2793,3.2960,0.0725,0.5540,0.7127
quad-arch-front-top-right,3743,51,88,-10.4169,10.2057,3.2960,0.0714,0.5500,0.7127
quad-arch-front-top-right,3744,51,91,-10.4361,10.0915,3.2960,0.0707,0.5438,0.7127
quad-arch-front-top-right,3745,51,94,-10.4517,10.1086,3.2960,0.0701,0.5447,0.7127
quad-arch-front-top-right,3746,51,97,-10.4738,10.0119,3.2960,0.0692,0.5395,0.7127
quad-arch-front-top-right,3747,51,100,-10.5033,9.9526,3.2960,0.0681,0.5363,0.7127
quad-arch-front-top-right,3748,51,103,-10.5318,9.8450,3.2960,0.0670,0.5304,0.7127
quad-arch-front-top-right,3749,51,106,-10.5611,9.7322,3.2960,0.0659,0.5243,0.7127
quad-arch-front-top-right,3750,51,109,-10.5842,9.6247,3.2960,0.0651,0.5185,0.7127
quad-arch-front-top-right,3751,51,112,-10.6047,9.5110,3.2960,0.0643,0.5123,0.7127
quad-arch-front-top-right,3752,51,115,-10.6274,9.4017,3.2960,0.0634,0.5064,0.7127
quad-arch-front-top-right,3753,51,118,-10.6470,9.2879,3.2960,0.0627,0.5002,0.7127
quad-arch-front-top-right,3754,51,121,-10.6630,9.1737,3.2960,0.0621,0.4940,0.7127
quad-arch-front-top-right,3755,51,124,-10.6719,9.0582,3.2960,0.0618,0.4878,0.7127
quad-arch-front-top-right,3756,51,127,-10.6778,8.9420,3.2960,0.0615,0.4815,0.7127
quad-arch-front-top-right,3757,51,130,-10.6941,8.8263,3.2960,0.0609,0.4752,0.7127
quad-arch-front-top-right,3758,51,133,-10.7281,8.8031,3.2960,0.0596,0.4740,0.7127
quad-arch-front-top-right,3759,51,136,-10.7454,8.6881,3.2960,0.0590,0.4677,0.7127
quad-arch-front-top-right,3760,51,139,-10.7694,8.5747,3.2960,0.0581,0.4616,0.7127
quad-arch-front-top-right,3761,51,142,-10.7763,8.4609,3.2960,0.0578,0.4554,0.7127
quad-arch-front-top-right,3762,51,145,-10.7684,8.3449,3.2960,0.0581,0.4491,0.7127
quad-arch-front-top-right,3763,51,148,-10.7605,8.2289,3.2960,0.0584,0.4428,0.7127
quad-arch-front-top-right,3764,51,151,-10.7527,8.1129,3.2960,0.0587,0.4366,0.7127
quad-arch-front-top-right,3765,51,154,-10.7448,7.9968,3.2960,0.0590,0.4303,0.7127
quad-arch-front-top-right,3766,51,157,-11.0697,7.9977,3.6208,0.0468,0.4303,0.7316
quad-arch-front-top-right,3767,51,160,-11.0697,8.1155,3.6128,0.0468,0.4367,0.7312
quad-arch-front-top-right,3768,51,163,-11.0697,8.2332,3.6049,0.0468,0.4431,0.7307
quad-arch-front-top-right,3769,51,166,-11.0697,8.3510,3.5969,0.0468,0.4495,0.7302
quad-arch-front-top-right,3770,51,169,-11.0697,8.4688,3.5889,0.0468,0.4558,0.7298
quad-arch-front-top-right,3771,51,172,-11.0697,8.5839,3.5990,0.0468,0.4621,0.7304
quad-arch-front-top-right,3772,51,175,-11.0697,8.6994,3.6219,0.0468,0.4683,0.7317
quad-arch-front-top-right,3773,51,178,-11.0697,8.8161,3.6399,0.0468,0.4747,0.7327
quad-arch-front-top-right,3774,51,181,-11.0697,8.8350,3.6724,0.0468,0.4757,0.7346
quad-arch-front-top-right,3775,51,184,-11.0697,8.9529,3.7044,0.0468,0.4821,0.7365
quad-arch-front-top-right,3776,51,187,-11.0697,9.0708,3.7101,0.0468,0.4885,0.7368
quad-arch-front-top-right,3777,51,190,-11.0697,9.1882,3.7190,0.0468,0.4948,0.7373
quad-arch-front-top-right,3778,51,193,-11.0697,9.2998,3.7364,0.0468,0.5009,0.7383
quad-arch-front-top-right,3779,51,196,-11.0697,9.4154,3.7558,0.0468,0.5071,0.7395
quad-arch-front-top-right,3780,51,199,-11.0697,9.5264,3.7788,0.0468,0.5132,0.7408
quad-arch-front-top-right,3781,51,202,-11.0697,9.6361,3.8038,0.0468,0.5191,0.7423
quad-arch-front-top-right,3782,51,205,-11.0697,9.7504,3.8286,0.0468,0.5253,0.7437
quad-arch-front-top-right,3783,51,208,-11.0697,9.8647,3.8559,0.0468,0.5315,0.7453
quad-arch-front-top-right,3784,51,211,-11.0697,9.9581,3.8875,0.0468,0.5366,0.7471
quad-arch-front-top-right,3785,51,214,-11.0697,10.0171,3.9162,0.0468,0.5398,0.7488
quad-arch-front-top-right,3786,51,217,-11.0697,10.1345,3.9342,0.0468,0.5461,0.7498
quad-arch-front-top-right,3787,51,220,-11.0697,10.1188,3.9494,0.0468,0.5453,0.7507
quad-arch-front-top-right,3788,51,223,-11.0697,10.1964,3.9733,0.0468,0.5495,0.7521
quad-arch-front-top-right,3789,51,226,-11.0697,10.3089,4.0049,0.0468,0.5556,0.7540
quad-arch-front-top-right,3790,51,229,-11.0697,10.4073,4.0503,0.0468,0.5609,0.7566
quad-arch-front-top-right,3791,51,232,-11.0697,10.4988,4.0863,0.0468,0.5659,0.7587
quad-arch-front-top-right,3792,51,235,-11.0697,10.5081,4.1068,0.0468,0.5664,0.7599
quad-arch-front-top-right,3793,51,238,-11.0697,10.5813,4.1252,0.0468,0.5703,0.7610
quad-arch-front-top-right,3794,51,241,-11.0697,10.5810,4.1444,0.0468,0.5703,0.7621
quad-arch-front-top-right,3795,51,244,-11.0697,10.6524,4.1657,0.0468,0.5742,0.7633
quad-arch-front-top-right,3796,51,247,-11.0697,10.6622,4.1860,0.0468,0.5747,0.7645
quad-arch-front-top-right,3797,51,250,-11.0697,10.7172,4.2045,0.0468,0.5777,0.7656
quad-arch-front-top-right,3798,51,253,-11.0697,10.7497,4.2246,0.0468,0.5795,0.7667
quad-arch-front-top-right,3799,51,256,-11.0697,10.7822,4.2524,0.0468,0.5812,0.7684
quad-arch-front-top-right,3800,51,259,-11.0697,10.8720,4.2815,0.0468,0.5861,0.7700
quad-arch-front-top-right,3801,51,262,-11.0697,10.8966,4.3047,0.0468,0.5874,0.7714
quad-arch-front-top-right,3802,51,265,-11.0697,10.9148,4.3366,0.0468,0.5884,0.7733
quad-arch-front-top-right,3803,51,268,-11.0697,10.9751,4.3711,0.0468,0.5917,0.7753
quad-arch-front-top-right,3804,51,271,-11.0697,11.0260,4.4029,0.0468,0.5944,0.7771
quad-arch-front-top-right,3805,51,274,-11.0697,11.0675,4.4381,0.0468,0.5967,0.7792
quad-arch-front-top-right,3806,51,277,-11.0697,11.1534,4.4718,0.0468,0.6013,0.7811
quad-arch-front-top-right,3807,51,280,-11.0697,11.2031,4.5004,0.0468,0.6040,0.7828
quad-arch-front-top-right,3808,51,283,-11.0697,11.2073,4.5443,0.0468,0.6043,0.7853
quad-arch-front-top-right,3809,51,286,-11.0697,11.1575,4.5882,0.0468,0.6016,0.7879
quad-arch-front-top-right,3810,51,289,-11.0697,11.0638,4.6168,0.0468,0.5965,0.7895
quad-arch-front-top-right,3811,51,292,-11.0697,11.0301,4.6505,0.0468,0.5947,0.7915
quad-arch-front-top-right,3812,51,295,-11.0697,10.9711,4.6857,0.0468,0.5915,0.7936
quad-arch-front-top-right,3813,51,298,-11.0697,10.9189,4.7175,0.0468,0.5886,0.7954
quad-arch-front-top-right,3814,51,301,-11.0697,10.9006,4.7520,0.0468,0.5876,0.7974
quad-arch-front-top-right,3815,51,304,-11.0697,10.8679,4.7839,0.0468,0.5859,0.7993
quad-arch-front-top-right,3816,51,307,-11.0697,10.7863,4.8071,0.0468,0.5814,0.8006
quad-arch-front-top-right,3817,51,310,-11.0697,10.7539,4.8362,0.0468,0.5797,0.8023
quad-arch-front-top-right,3818,51,313,-11.0697,10.7131,4.8640,0.0468,0.5775,0.8039
quad-arch-front-top-right,3819,51,316,-11.0697,10.6664,4.8841,0.0468,0.5750,0.8051
quad-arch-front-top-right,3820,51,319,-11.0697,10.6484,4.9026,0.0468,0.5740,0.8062
quad-arch-front-top-right,3821,51,322,-11.0697,10.5852,4.9229,0.0468,0.5705,0.8074
quad-arch-front-top-right,3822,51,325,-11.0697,10.5773,4.9442,0.0468,0.5701,0.8086
quad-arch-front-top-right,3823,51,328,-11.0697,10.5123,4.9634,0.0468,0.5666,0.8097
quad-arch-front-top-right,3824,51,331,-11.0697,10.4949,4.9818,0.0468,0.5657,0.8108
quad-arch-front-top-right,3825,51,334,-11.0697,10.4109,5.0023,0.0468,0.5611,0.8120
quad-arch-front-top-right,3826,51,337,-11.0697,10.3129,5.0383,0.0468,0.5558,0.8141
quad-arch-front-top-right,3827,51,340,-11.0697,10.2005,5.0837,0.0468,0.5497,0.8167
quad-arch-front-top-right,3828,51,343,-11.0697,10.1229,5.1153,0.0468,0.5455,0.8185
quad-arch-front-top-right,3829,51,346,-11.0697,10.1387,5.1392,0.0468,0.5464,0.8199
quad-arch-front-top-right,3830,51,349,-11.0697,10.0212,5.1545,0.0468,0.5400,0.8208
quad-arch-front-top-right,3831,51,352,-11.0697,9.9623,5.1724,0.0468,0.5368,0.8219
quad-arch-front-top-right,3832,51,355,-11.0697,9.8687,5.2011,0.0468,0.5317,0.8235
quad-arch-front-top-right,3833,51,358,-11.0697,9.7545,5.2327,0.0468,0.5255,0.8254
quad-arch-front-top-right,3834,51,361,-11.0697,9.6402,5.2600,0.0468,0.5193,0.8270
quad-arch-front-top-right,3835,51,364,-11.0697,9.5306,5.2848,0.0468,0.5134,0.8284
quad-arch-front-top-right,3836,51,367,-11.0697,9.4195,5.3098,0.0468,0.5074,0.8299
quad-arch-front-top-right,3837,51,370,-11.0697,9.3040,5.3329,0.0468,0.5011,0.8312
quad-arch-front-top-right,3838,51,373,-11.0697,9.1880,5.3522,0.0468,0.4948,0.8323
quad-arch-front-top-right,3839,51,376,-11.0697,9.0708,5.3696,0.0468,0.4885,0.8333
quad-arch-front-top-right,3840,51,379,-11.0697,8.9529,5.3785,0.0468,0.4821,0.8338
quad-arch-front-top-right,3841,51,382,-11.0697,8.8350,5.3842,0.0468,0.4757,0.8342
quad-arch-front-top-right,3842,51,385,-11.0697,8.8161,5.3905,0.0468,0.4747,0.8345
quad-arch-front-top-right,3843,51,388,-11.0697,8.6994,5.4084,0.0468,0.4683,0.8356
quad-arch-front-top-right,3844,51,391,-11.0697,8.5838,5.4310,0.0468,0.4621,0.8369
quad-arch-front-top-right,3845,51,394,-11.0697,8.4688,5.4413,0.0468,0.4558,0.8375
quad-arch-front-top-right,3846,51,397,-11.0697,8.3510,5.4334,0.0468,0.4495,0.8370
quad-arch-front-top-right,3847,51,400,-11.0697,8.2332,5.4254,0.0468,0.4431,0.8366
quad-arch-front-top-right,3848,51,403,-11.0697,8.1155,5.4175,0.0468,0.4367,0.8361
quad-arch-front-top-right,3849,51,406,-11.0697,7.9977,5.4095,0.0468,0.4303,0.8357
quad-arch-front-top-right,3850,51,409,-10.7448,7.9968,5.7344,0.0590,0.4303,0.8545
quad-arch-front-top-right,3851,51,412,-10.7527,8.1129,5.7344,0.0587,0.4366,0.8545
quad-arch-front-top-right,3852,51,415,-10.7605,8.2289,5.7344,0.0584,0.4428,0.8545
quad-arch-front-top-right,3853,51,418,-10.7684,8.3449,5.7344,0.0581,0.4491,0.8545
quad-arch-front-top-right,3854,51,421,-10.7763,8.4609,5.7344,0.0578,0.4554,0.8545
quad-arch-front-top-right,3855,51,424,-10.7694,8.5747,5.7344,0.0581,0.4616,0.8545
quad-arch-front-top-right,3856,51,427,-10.7454,8.6881,5.7344,0.0590,0.4677,0.8545
quad-arch-front-top-right,3857,51,430,-10.7281,8.8031,5.7344,0.0596,0.4740,0.8545
quad-arch-front-top-right,3858,51,433,-10.6941,8.8263,5.7344,0.0609,0.4752,0.8545
quad-arch-front-top-right,3859,51,436,-10.6778,8.9420,5.7344,0.0615,0.4815,0.8545
quad-arch-front-top-right,3860,51,439,-10.6719,9.0582,5.7344,0.0618,0.4878,0.8545
quad-arch-front-top-right,3861,51,442,-10.6630,9.1737,5.7344,0.0621,0.4940,0.8545
quad-arch-front-top-right,3862,51,445,-10.6470,9.2879,5.7344,0.0627,0.5002,0.8545
quad-arch-front-top-right,3863,51,448,-10.6274,9.4017,5.7344,0.0634,0.5064,0.8545
quad-arch-front-top-right,3864,51,451,-10.6047,9.5110,5.7344,0.0643,0.5123,0.8545
quad-arch-front-top-right,3865,51,454,-10.5842,9.6247,5.7344,0.0651,0.5185,0.8545
quad-arch-front-top-right,3866,51,457,-10.5611,9.7322,5.7344,0.0659,0.5243,0.8545
quad-arch-front-top-right,3867,51,460,-10.5318,9.8450,5.7344,0.0670,0.5304,0.8545
quad-arch-front-top-right,3868,51,463,-10.5033,9.9526,5.7344,0.0681,0.5363,0.8545
quad-arch-front-top-right,3869,51,466,-10.4738,10.0119,5.7344,0.0692,0.5395,0.8545
quad-arch-front-top-right,3870,51,469,-10.4517,10.1086,5.7344,0.0701,0.5447,0.8545
quad-arch-front-top-right,3871,51,472,-10.4361,10.0915,5.7344,0.0707,0.5438,0.8545
quad-arch-front-top-right,3872,51,475,-10.4169,10.2057,5.7344,0.0714,0.5500,0.8545
quad-arch-front-top-right,3873,51,478,-10.3880,10.2793,5.7344,0.0725,0.5540,0.8545
quad-arch-front-top-right,3874,51,481,-10.3482,10.3854,5.7344,0.0740,0.5597,0.8545
quad-arch-front-top-right,3875,51,484,-10.3108,10.4896,5.7344,0.0754,0.5654,0.8545
quad-arch-front-top-right,3876,51,487,-10.2808,10.4717,5.7344,0.0765,0.5644,0.8545
quad-arch-front-top-right,3877,51,490,-10.2620,10.5876,5.7344,0.0772,0.5707,0.8545
quad-arch-front-top-right,3878,51,493,-10.2437,10.5411,5.7344,0.0779,0.5682,0.8545
quad-arch-front-top-right,3879,51,496,-10.2246,10.6569,5.7344,0.0786,0.5744,0.8545
quad-arch-front-top-right,3880,51,499,-10.2053,10.6189,5.7344,0.0794,0.5724,0.8545
quad-arch-front-top-right,3881,51,502,-10.1851,10.7346,5.7344,0.0801,0.5786,0.8545
quad-arch-front-top-right,3882,51,505,-10.1659,10.7030,5.7344,0.0808,0.5769,0.8545
quad-arch-front-top-right,3883,51,508,-10.1403,10.7844,5.7344,0.0818,0.5813,0.8545
quad-arch-front-top-right,3884,52,1,-10.1130,10.8482,5.7344,0.0828,0.5848,0.8545
quad-arch-front-top-right,3885,52,4,-10.0869,10.8454,5.7344,0.0838,0.5847,0.8545
quad-arch-front-top-right,3886,52,7,-10.0572,10.9151,5.7344,0.0849,0.5884,0.8545
quad-arch-front-top-right,3887,52,10,-10.0249,10.9752,5.7344,0.0862,0.5917,0.8545
quad-arch-front-top-right,3888,52,13,-9.9963,11.0126,5.7344,0.0872,0.5937,0.8545
quad-arch-front-top-right,3889,52,16,-9.9634,11.0357,5.7344,0.0885,0.5950,0.8545
quad-arch-front-top-right,3890,52,19,-9.9275,11.0939,5.7344,0.0898,0.5981,0.8545
quad-arch-front-top-right,3891,52,22,-9.8937,11.1412,5.7344,0.0911,0.6007,0.8545
quad-arch-front-top-right,3892,52,25,-9.8627,11.1916,5.7344,0.0923,0.6034,0.8545
quad-arch-front-top-right,3893,52,28,-9.8373,11.2250,5.7344,0.0932,0.6052,0.8545
quad-arch-front-top-right,3894,52,31,-9.8119,11.1413,5.7344,0.0942,0.6007,0.8545
quad-arch-front-top-right,3895,52,34,-9.7809,11.0939,5.7344,0.0954,0.5981,0.8545
quad-arch-front-top-right,3896,52,37,-9.7471,11.0358,5.7344,0.0966,0.5950,0.8545
quad-arch-front-top-right,3897,52,40,-9.7112,11.0127,5.7344,0.0980,0.5937,0.8545
quad-arch-front-top-right,3898,52,43,-9.6784,10.9753,5.7344,0.0992,0.5917,0.8545
quad-arch-front-top-right,3899,52,46,-9.6497,10.9150,5.7344,0.1003,0.5884,0.8545
quad-arch-front-top-right,3900,52,49,-9.6174,10.8455,5.7344,0.1015,0.5847,0.8545
quad-arch-front-top-right,3901,52,52,-9.5877,10.8483,5.7344,0.1026,0.5848,0.8545
quad-arch-front-top-right,3902,52,55,-9.5616,10.7843,5.7344,0.1036,0.5813,0.8545
quad-arch-front-top-right,3903,52,58,-9.5343,10.7031,5.7344,0.1047,0.5769,0.8545
quad-arch-front-top-right,3904,52,61,-9.5087,10.7346,5.7344,0.1056,0.5786,0.8545
quad-arch-front-top-right,3905,52,64,-9.4895,10.6190,5.7344,0.1063,0.5724,0.8545
quad-arch-front-top-right,3906,52,67,-9.4693,10.6570,5.7344,0.1071,0.5744,0.8545
quad-arch-front-top-right,3907,52,70,-9.4500,10.5412,5.7344,0.1078,0.5682,0.8545
quad-arch-front-top-right,3908,52,73,-9.4309,10.5877,5.7344,0.1086,0.5707,0.8545
quad-arch-front-top-right,3909,52,76,-9.4126,10.4717,5.7344,0.1092,0.5644,0.8545
quad-arch-front-top-right,3910,52,79,-9.3938,10.4896,5.7344,0.1099,0.5654,0.8545
quad-arch-front-top-right,3911,52,82,-9.3638,10.3855,5.7344,0.1111,0.5597,0.8545
quad-arch-front-top-right,3912,52,85,-9.3264,10.2794,5.7344,0.1125,0.5540,0.8545
quad-arch-front-top-right,3913,52,88,-9.2866,10.2057,5.7344,0.1140,0.5500,0.8545
quad-arch-front-top-right,3914,52,91,-9.2577,10.0915,5.7344,0.1151,0.5438,0.8545
quad-arch-front-top-right,3915,52,94,-9.2385,10.1087,5.7344,0.1158,0.5447,0.8545
quad-arch-front-top-right,3916,52,97,-9.2229,10.0118,5.7344,0.1164,0.5395,0.8545
quad-arch-front-top-right,3917,52,100,-9.2008,9.9526,5.7344,0.1172,0.5363,0.8545
quad-arch-front-top-right,3918,52,103,-9.1713,9.8450,5.7344,0.1183,0.5304,0.8545
quad-arch-front-top-right,3919,52,106,-9.1428,9.7323,5.7344,0.1194,0.5243,0.8545
quad-arch-front-top-right,3920,52,109,-9.1135,9.6247,5.7344,0.1205,0.5185,0.8545
quad-arch-front-top-right,3921,52,112,-9.0904,9.5110,5.7344,0.1214,0.5123,0.8545
quad-arch-front-top-right,3922,52,115,-9.0700,9.4018,5.7344,0.1222,0.5064,0.8545
quad-arch-front-top-right,3923,52,118,-9.0472,9.2880,5.7344,0.1230,0.5002,0.8545
quad-arch-front-top-right,3924,52,121,-9.0276,9.1737,5.7344,0.1238,0.4940,0.8545
quad-arch-front-top-right,3925,52,124,-9.0116,9.0582,5.7344,0.1244,0.4878,0.8545
quad-arch-front-top-right,3926,52,127,-9.0027,8.9421,5.7344,0.1247,0.4815,0.8545
quad-arch-front-top-right,3927,52,130,-8.9969,8.8263,5.7344,0.1249,0.4752,0.8545
quad-arch-front-top-right,3928,52,133,-8.9729,8.8032,5.7344,0.1258,0.4740,0.8545
quad-arch-front-top-right,3929,52,136,-8.9556,8.6882,5.7344,0.1265,0.4677,0.8545
quad-arch-front-top-right,3930,52,139,-8.9312,8.5748,5.7344,0.1274,0.4616,0.8545
quad-arch-front-top-right,3931,52,142,-8.9250,8.4609,5.7344,0.1276,0.4554,0.8545
quad-arch-front-top-right,3932,52,145,-8.9328,8.3449,5.7344,0.1273,0.4491,0.8545
quad-arch-front-top-right,3933,52,148,-8.9406,8.2289,5.7344,0.1270,0.4428,0.8545
quad-arch-front-top-right,3934,52,151,-8.9484,8.1129,5.7344,0.1267,0.4366,0.8545
quad-arch-front-top-right,3935,52,154,-8.9562,7.9968,5.7344,0.1264,0.4303,0.8545
spire-back-left,3936,62,1,13.8760,8.6537,-7.6768,0.9873,0.4659,0.0745
spire-back-left,3937,62,4,13.8102,9.1493,-7.6768,0.9848,0.4927,0.0745
spire-back-left,3938,62,7,13.7443,9.6450,-7.6768,0.9823,0.5196,0.0745
spire-back-left,3939,62,10,13.6784,10.1406,-7.6768,0.9798,0.5465,0.0745
spire-back-left,3940,62,13,13.6126,10.6363,-7.6768,0.9774,0.5733,0.0745
spire-back-left,3941,62,16,13.5467,11.1319,-7.6768,0.9749,0.6002,0.0745
spire-back-left,3942,62,19,13.4808,11.6276,-7.6768,0.9724,0.6270,0.0745
spire-back-left,3943,62,22,13.4150,12.1232,-7.6768,0.9699,0.6539,0.0745
spire-back-left,3944,62,25,13.3491,12.6188,-7.6768,0.9674,0.6808,0.0745
spire-back-left,3945,62,28,13.2832,13.1145,-7.6768,0.9649,0.7076,0.0745
spire-back-left,3946,62,31,13.2174,13.6101,-7.6768,0.9625,0.7345,0.0745
spire-back-left,3947,62,34,13.1515,14.1058,-7.6768,0.9600,0.7614,0.0745
spire-back-left,3948,62,37,13.0856,14.6014,-7.6768,0.9575,0.7882,0.0745
spire-back-left,3949,62,40,13.6176,8.6537,-7.0530,0.9775,0.4659,0.1108
spire-back-left,3950,62,43,13.5711,9.1493,-7.0996,0.9758,0.4927,0.1081
spire-back-left,3951,62,46,13.5245,9.6450,-7.1462,0.9740,0.5196,0.1054
spire-back-left,3952,62,49,13.4779,10.1406,-7.1928,0.9723,0.5465,0.1027
spire-back-left,3953,62,52,13.4314,10.6363,-7.2393,0.9705,0.5733,0.1000
spire-back-left,3954,62,55,13.3848,11.1319,-7.2859,0.9688,0.6002,0.0973
spire-back-left,3955,62,58,13.3382,11.6276,-7.3325,0.9670,0.6270,0.0946
spire-back-left,3956,62,61,13.2916,12.1232,-7.3791,0.9653,0.6539,0.0919
spire-back-left,3957,62,64,13.2451,12.6188,-7.4256,0.9635,0.6808,0.0892
spire-back-left,3958,62,67,13.1985,13.1145,-7.4722,0.9617,0.7076,0.0864
spire-back-left,3959,62,70,13.1519,13.6101,-7.5188,0.9600,0.7345,0.0837
spire-back-left,3960,62,73,13.1053,14.1058,-7.5654,0.9582,0.7614,0.0810
spire-back-left,3961,62,76,13.0588,14.6014,-7.6119,0.9565,0.7882,0.0783
spire-back-left,3962,62,79,12.9939,8.6537,-6.7947,0.9540,0.4659,0.1259
spire-back-left,3963,62,82,12.9939,9.1493,-6.8605,0.9540,0.4927,0.1220
spire-back-left,3964,62,85,12.9939,9.6450,-6.9264,0.9540,0.5196,0.1182
spire-back-left,3965,62,88,12.9939,10.1406,-6.9923,0.9540,0.5465,0.1144
spire-back-left,3966,62,91,12.9939,10.6363,-7.0581,0.9540,0.5733,0.1105
spire-back-left,3967,62,94,12.9939,11.1319,-7.1240,0.9540,0.6002,0.1067
spire-back-left,3968,62,97,12.9939,11.6276,-7.1899,0.9540,0.6270,0.1029
spire-back-left,3969,62,100,12.9939,12.1232,-7.2557,0.9540,0.6539,0.0990
spire-back-left,3970,62,103,12.9939,12.6188,-7.3216,0.9540,0.6808,0.0952
spire-back-left,3971,62,106,12.9939,13.1145,-7.3875,0.9540,0.7076,0.0914
spire-back-left,3972,62,109,12.9939,13.6101,-7.4533,0.9540,0.7345,0.0875
spire-back-left,3973,62,112,12.9939,14.1058,-7.5192,0.9540,0.7614,0.0837
spire-back-left,3974,62,115,12.9939,14.6014,-7.5851,0.9540,0.7882,0.0799
spire-back-left,3975,62,118,12.3701,8.6537,-7.0530,0.9305,0.4659,0.1108
spire-back-left,3976,62,121,12.4166,9.1493,-7.0996,0.9323,0.4927,0.1081
spire-back-left,3977,62,124,12.4632,9.6450,-7.1462,0.9340,0.5196,0.1054
spire-back-left,3978,62,127,12.5098,10.1406,-7.1928,0.9358,0.5465,0.1027
spire-back-left,3979,62,130,12.5564,10.6363,-7.2393,0.9375,0.5733,0.1000
spire-back-left,3980,62,133,12.6030,11.1319,-7.2859,0.9393,0.6002,0.0973
spire-back-left,3981,62,136,12.6495,11.6276,-7.3325,0.9410,0.6270,0.0946
spire-back-left,3982,62,139,12.6961,12.1232,-7.3791,0.9428,0.6539,0.0919
spire-back-left,3983,62,142,12.7427,12.6188,-7.4256,0.9446,0.6808,0.0892
spire-back-left,3984,62,145,12.7893,13.1145,-7.4722,0.9463,0.7076,0.0864
spire-back-left,3985,62,148,12.8359,13.6101,-7.5188,0.9481,0.7345,0.0837
spire-back-left,3986,62,151,12.8824,14.1058,-7.5654,0.9498,0.7614,0.0810
spire-back-left,3987,62,154,12.9290,14.6014,-7.6119,0.9516,0.7882,0.0783
spire-back-left,3988,65,1,12.1117,8.6537,-7.6768,0.9208,0.4659,0.0745
spire-back-left,3989,65,4,12.1775,9.1493,-7.6768,0.9233,0.4927,0.0745
spire-back-left,3990,65,7,12.2434,9.6450,-7.6768,0.9257,0.5196,0.0745
spire-back-left,3991,65,10,12.3093,10.1406,-7.6768,0.9282,0.5465,0.0745
spire-back-left,3992,65,13,12.3752,10.6363,-7.6768,0.9307,0.5733,0.0745
spire-back-left,3993,65,16,12.4410,11.1319,-7.6768,0.9332,0.6002,0.0745
spire-back-left,3994,65,19,12.5069,11.6276,-7.6768,0.9357,0.6270,0.0745
spire-back-left,3995,65,22,12.5728,12.1232,-7.6768,0.9382,0.6539,0.0745
spire-back-left,3996,65,25,12.6387,12.6188,-7.6768,0.9406,0.6808,0.0745
spire-back-left,3997,65,28,12.7045,13.1145,-7.6768,0.9431,0.7076,0.0745
spire-back-left,3998,65,31,12.7704,13.6101,-7.6768,0.9456,0.7345,0.0745
spire-back-left,3999,65,34,12.8363,14.1058,-7.6768,0.9481,0.7614,0.0745
spire-back-left,4000,65,37,12.9022,14.6014,-7.6768,0.9506,0.7882,0.0745
spire-back-left,4001,65,40,12.3701,8.6537,-8.3006,0.9305,0.4659,0.0383
spire-back-left,4002,65,43,12.4166,9.1493,-8.2541,0.9323,0.4927,0.0410
spire-back-left,4003,65,46,12.4632,9.6450,-8.2075,0.9340,0.5196,0.0437
spire-back-left,4004,65,49,12.5098,10.1406,-8.1609,0.9358,0.5465,0.0464
spire-back-left,4005,65,52,12.5564,10.6363,-8.1143,0.9375,0.5733,0.0491
spire-back-left,4006,65,55,12.6030,11.1319,-8.0677,0.9393,0.6002,0.0518
spire-back-left,4007,65,58,12.6495,11.6275,-8.0212,0.9410,0.6270,0.0545
spire-back-left,4008,65,61,12.6961,12.1232,-7.9746,0.9428,0.6539,0.0572
spire-back-left,4009,65,64,12.7427,12.6188,-7.9280,0.9446,0.6808,0.0599
spire-back-left,4010,65,67,12.7893,13.1145,-7.8814,0.9463,0.7076,0.0627
spire-back-left,4011,65,70,12.8359,13.6101,-7.8348,0.9481,0.7345,0.0654
spire-back-left,4012,65,73,12.8824,14.1058,-7.7883,0.9498,0.7614,0.0681
spire-back-left,4013,65,76,12.9290,14.6014,-7.7417,0.9516,0.7882,0.0708
spire-back-left,4014,65,79,12.9939,8.6537,-8.5590,0.9540,0.4659,0.0232
spire-back-left,4015,65,82,12.9939,9.1493,-8.4931,0.9540,0.4927,0.0271
spire-back-left,4016,65,85,12.9939,9.6450,-8.4273,0.9540,0.5196,0.0309
spire-back-left,4017,65,88,12.9939,10.1406,-8.3614,0.9540,0.5465,0.0347
spire-back-left,4018,65,91,12.9939,10.6363,-8.2955,0.9540,0.5733,0.0386
spire-back-left,4019,65,94,12.9939,11.1319,-8.2297,0.9540,0.6002,0.0424
spire-back-left,4020,65,97,12.9939,11.6276,-8.1638,0.9540,0.6270,0.0462
spire-back-left,4021,65,100,12.9939,12.1232,-8.0979,0.9540,0.6539,0.0501
spire-back-left,4022,65,103,12.9939,12.6188,-8.0320,0.9540,0.6808,0.0539
spire-back-left,4023,65,106,12.9939,13.1145,-7.9662,0.9540,0.7076,0.0577
spire-back-left,4024,65,109,12.9939,13.6101,-7.9003,0.9540,0.7345,0.0616
spire-back-left,4025,65,112,12.9939,14.1058,-7.8344,0.9540,0.7614,0.0654
spire-back-left,4026,65,115,12.9939,14.6014,-7.7685,0.9540,0.7882,0.0692
spire-back-left,4027,65,118,13.6176,8.6537,-8.3006,0.9775,0.4659,0.0383
spire-back-left,4028,65,121,13.5711,9.1493,-8.2541,0.9758,0.4927,0.0410
spire-back-left,4029,65,124,13.5245,9.6450,-8.2075,0.9740,0.5196,0.0437
spire-back-left,4030,65,127,13.4779,10.1406,-8.1609,0.9723,0.5465,0.0464
spire-back-left,4031,65,130,13.4314,10.6363,-8.1143,0.9705,0.5733,0.0491
spire-back-left,4032,65,133,13.3848,11.1319,-8.0677,0.9688,0.6002,0.0518
spire-back-left,4033,65,136,13.3382,11.6276,-8.0212,0.9670,0.6270,0.0545
spire-back-left,4034,65,139,13.2916,12.1232,-7.9746,0.9653,0.6539,0.0572
spire-back-left,4035,65,142,13.2451,12.6188,-7.9280,0.9635,0.6808,0.0599
spire-back-left,4036,65,145,13.1985,13.1145,-7.8814,0.9617,0.7076,0.0627
spire-back-left,4037,65,148,13.1519,13.6101,-7.8348,0.9600,0.7345,0.0654
spire-back-left,4038,65,151,13.1053,14.1058,-7.7883,0.9582,0.7614,0.0681
spire-back-left,4039,65,154,13.0588,14.6014,-7.7417,0.9565,0.7882,0.0708
spire-back-right,4040,69,1,13.8506,8.6537,6.9790,0.9863,0.4659,0.9269
spire-back-right,4041,69,4,13.7848,9.1493,6.9790,0.9839,0.4927,0.9269
spire-back-right,4042,69,7,13.7189,9.6450,6.9790,0.9814,0.5196,0.9269
spire-back-right,4043,69,10,13.6530,10.1406,6.9790,0.9789,0.5465,0.9269
spire-back-right,4044,69,13,13.5872,10.6363,6.9790,0.9764,0.5733,0.9269
spire-back-right,4045,69,16,13.5213,11.1319,6.9790,0.9739,0.6002,0.9269
spire-back-right,4046,69,19,13.4554,11.6276,6.9790,0.9714,0.6270,0.9269
spire-back-right,4047,69,22,13.3896,12.1232,6.9790,0.9690,0.6539,0.9269
spire-back-right,4048,69,25,13.3237,12.6188,6.9790,0.9665,0.6808,0.9269
spire-back-right,4049,69,28,13.2578,13.1145,6.9790,0.9640,0.7076,0.9269
spire-back-right,4050,69,31,13.1920,13.6101,6.9790,0.9615,0.7345,0.9269
spire-back-right,4051,69,34,13.1261,14.1058,6.9790,0.9590,0.7614,0.9269
spire-back-right,4052,69,37,13.0602,14.6014,6.9790,0.9565,0.7882,0.9269
spire-back-right,4053,69,40,13.5922,8.6537,7.6028,0.9766,0.4659,0.9632
spire-back-right,4054,69,43,13.5457,9.1493,7.5562,0.9748,0.4927,0.9605
spire-back-right,4055,69,46,13.4991,9.6450,7.5096,0.9731,0.5196,0.9578
spire-back-right,4056,69,49,13.4525,10.1406,7.4630,0.9713,0.5465,0.9551
spire-back-right,4057,69,52,13.4060,10.6363,7.4165,0.9696,0.5733,0.9524
spire-back-right,4058,69,55,13.3594,11.1319,7.3699,0.9678,0.6002,0.9497
spire-back-right,4059,69,58,13.3128,11.6276,7.3233,0.9661,0.6270,0.9470
spire-back-right,4060,69,61,13.2662,12.1232,7.2767,0.9643,0.6539,0.9442
spire-back-right,4061,69,64,13.2197,12.6188,7.2302,0.9625,0.6808,0.9415
spire-back-right,4062,69,67,13.1731,13.1145,7.1836,0.9608,0.7076,0.9388
spire-back-right,4063,69,70,13.1265,13.6101,7.1370,0.9590,0.7345,0.9361
spire-back-right,4064,69,73,13.0799,14.1058,7.0904,0.9573,0.7614,0.9334
spire-back-right,4065,69,76,13.0334,14.6014,7.0439,0.9555,0.7882,0.9307
spire-back-right,4066,69,79,12.9685,8.6537,7.8611,0.9531,0.4659,0.9782
spire-back-right,4067,69,82,12.9685,9.1493,7.7953,0.9531,0.4927,0.9744
spire-back-right,4068,69,85,12.9685,9.6450,7.7294,0.9531,0.5196,0.9706
spire-back-right,4069,69,88,12.9685,10.1406,7.6635,0.9531,0.5465,0.9667
spire-back-right,4070,69,91,12.9685,10.6363,7.5977,0.9531,0.5733,0.9629
spire-back-right,4071,69,94,12.9685,11.1319,7.5318,0.9531,0.6002,0.9591
spire-back-right,4072,69,97,12.9685,11.6276,7.4659,0.9531,0.6270,0.9553
spire-back-right,4073,69,100,12.9685,12.1232,7.4001,0.9531,0.6539,0.9514
spire-back-right,4074,69,103,12.9685,12.6188,7.3342,0.9531,0.6808,0.9476
spire-back-right,4075,69,106,12.9685,13.1145,7.2683,0.9531,0.7076,0.9438
spire-back-right,4076,69,109,12.9685,13.6101,7.2025,0.9531,0.7345,0.9399
spire-back-right,4077,69,112,12.9685,14.1058,7.1366,0.9531,0.7614,0.9361
spire-back-right,4078,69,115,12.9685,14.6014,7.0707,0.9531,0.7882,0.9323
spire-back-right,4079,69,118,12.3447,8.6537,7.6028,0.9296,0.4659,0.9632
spire-back-right,4080,69,121,12.3912,9.1493,7.5562,0.9313,0.4927,0.9605
spire-back-right,4081,69,124,12.4378,9.6450,7.5096,0.9331,0.5196,0.9578
spire-back-right,4082,69,127,12.4844,10.1406,7.4630,0.9348,0.5465,0.9551
spire-back-right,4083,69,130,12.5310,10.6363,7.4165,0.9366,0.5733,0.9524
spire-back-right,4084,69,133,12.5776,11.1319,7.3699,0.9383,0.6002,0.9497
spire-back-right,4085,69,136,12.6241,11.6276,7.3233,0.9401,0.6270,0.9470
spire-back-right,4086,69,139,12.6707,12.1232,7.2767,0.9418,0.6539,0.9442
spire-back-right,4087,69,142,12.7173,12.6188,7.2302,0.9436,0.6808,0.9415
spire-back-right,4088,69,145,12.7639,13.1145,7.1836,0.9454,0.7076,0.9388
spire-back-right,4089,69,148,12.8105,13.6101,7.1370,0.9471,0.7345,0.9361
spire-back-right,4090,69,151,12.8570,14.1058,7.0904,0.9489,0.7614,0.9334
spire-back-right,4091,69,154,12.9036,14.6014,7.0439,0.9506,0.7882,0.9307
spire-back-right,4092,72,1,12.0863,8.6537,6.9790,0.9198,0.4659,0.9269
spire-back-right,4093,72,4,12.1521,9.1493,6.9790,0.9223,0.4927,0.9269
spire-back-right,4094,72,7,12.2180,9.6450,6.9790,0.9248,0.5196,0.9269
spire-back-right,4095,72,10,12.2839,10.1406,6.9790,0.9273,0.5465,0.9269
spire-back-right,4096,72,13,12.3498,10.6363,6.9790,0.9297,0.5733,0.9269
spire-back-right,4097,72,16,12.4156,11.1319,6.9790,0.9322,0.6002,0.9269
spire-back-right,4098,72,19,12.4815,11.6276,6.9790,0.9347,0.6270,0.9269
spire-back-right,4099,72,22,12.5474,12.1232,6.9790,0.9372,0.6539,0.9269
spire-back-right,4100,72,25,12.6133,12.6188,6.9790,0.9397,0.6808,0.9269
spire-back-right,4101,72,28,12.6791,13.1145,6.9790,0.9422,0.7076,0.9269
spire-back-right,4102,72,31,12.7450,13.6101,6.9790,0.9446,0.7345,0.9269
spire-back-right,4103,72,34,12.8109,14.1058,6.9790,0.9471,0.7614,0.9269
spire-back-right,4104,72,37,12.8768,14.6014,6.9790,0.9496,0.7882,0.9269
spire-back-right,4105,72,40,12.3447,8.6537,6.3552,0.9296,0.4659,0.8907
spire-back-right,4106,72,43,12.3912,9.1493,6.4017,0.9313,0.4927,0.8934
spire-back-right,4107,72,46,12.4378,9.6450,6.4483,0.9331,0.5196,0.8961
spire-back-right,4108,72,49,12.4844,10.1406,6.4949,0.9348,0.5465,0.8988
spire-back-right,4109,72,52,12.5310,10.6363,6.5415,0.9366,0.5733,0.9015
spire-back-right,4110,72,55,12.5776,11.1319,6.5881,0.9383,0.6002,0.9042
spire-back-right,4111,72,58,12.6241,11.6275,6.6346,0.9401,0.6270,0.9069
spire-back-right,4112,72,61,12.6707,12.1232,6.6812,0.9418,0.6539,0.9096
spire-back-right,4113,72,64,12.7173,12.6188,6.7278,0.9436,0.6808,0.9123
spire-back-right,4114,72,67,12.7639,13.1145,6.7744,0.9454,0.7076,0.9150
spire-back-right,4115,72,70,12.8105,13.6101,6.8210,0.9471,0.7345,0.9177
spire-back-right,4116,72,73,12.8570,14.1058,6.8675,0.9489,0.7614,0.9204
spire-back-right,4117,72,76,12.9036,14.6014,6.9141,0.9506,0.7882,0.9232
spire-back-right,4118,72,79,12.9685,8.6537,6.0968,0.9531,0.4659,0.8756
spire-back-right,4119,72,82,12.9685,9.1493,6.1627,0.9531,0.4927,0.8795
spire-back-right,4120,72,85,12.9685,9.6450,6.2285,0.9531,0.5196,0.8833
spire-back-right,4121,72,88,12.9685,10.1406,6.2944,0.9531,0.5465,0.8871
spire-back-right,4122,72,91,12.9685,10.6363,6.3603,0.9531,0.5733,0.8909
spire-back-right,4123,72,94,12.9685,11.1319,6.4261,0.9531,0.6002,0.8948
spire-back-right,4124,72,97,12.9685,11.6276,6.4920,0.9531,0.6270,0.8986
spire-back-right,4125,72,100,12.9685,12.1232,6.5579,0.9531,0.6539,0.9024
spire-back-right,4126,72,103,12.9685,12.6188,6.6238,0.9531,0.6808,0.9063
spire-back-right,4127,72,106,12.9685,13.1145,6.6896,0.9531,0.7076,0.9101
spire-back-right,4128,72,109,12.9685,13.6101,6.7555,0.9531,0.7345,0.9139
spire-back-right,4129,72,112,12.9685,14.1058,6.8214,0.9531,0.7614,0.9178
spire-back-right,4130,72,115,12.9685,14.6014,6.8873,0.9531,0.7882,0.9216
spire-back-right,4131,72,118,13.5922,8.6537,6.3552,0.9766,0.4659,0.8907
spire-back-right,4132,72,121,13.5457,9.1493,6.4017,0.9748,0.4927,0.8934
spire-back-right,4133,72,124,13.4991,9.6450,6.4483,0.9731,0.5196,0.8961
spire-back-right,4134,72,127,13.4525,10.1406,6.4949,0.9713,0.5465,0.8988
spire-back-right,4135,72,130,13.4060,10.6363,6.5415,0.9696,0.5733,0.9015
spire-back-right,4136,72,133,13.3594,11.1319,6.5881,0.9678,0.6002,0.9042
spire-back-right,4137,72,136,13.3128,11.6276,6.6346,0.9661,0.6270,0.9069
spire-back-right,4138,72,139,13.2662,12.1232,6.6812,0.9643,0.6539,0.9096
spire-back-right,4139,72,142,13.2197,12.6188,6.7278,0.9625,0.6808,0.9123
spire-back-right,4140,72,145,13.1731,13.1145,6.7744,0.9608,0.7076,0.9150
spire-back-right,4141,72,148,13.1265,13.6101,6.8210,0.9590,0.7345,0.9177
spire-back-right,4142,72,151,13.0799,14.1058,6.8675,0.9573,0.7614,0.9204
spire-back-right,4143,72,154,13.0334,14.6014,6.9141,0.9555,0.7882,0.9232
spire-front-left,4144,56,1,-8.9683,12.5612,-5.2384,0.1260,0.6776,0.2164
spire-front-left,4145,56,4,-9.0342,13.0569,-5.2384,0.1235,0.7045,0.2164
spire-front-left,4146,56,7,-9.1000,13.5525,-5.2384,0.1210,0.7314,0.2164
spire-front-left,4147,56,10,-9.1659,14.0482,-5.2384,0.1185,0.7582,0.2164
spire-front-left,4148,56,13,-9.2318,14.5438,-5.2384,0.1161,0.7851,0.2164
spire-front-left,4149,56,16,-9.2976,15.0394,-5.2384,0.1136,0.8120,0.2164
spire-front-left,4150,56,19,-9.3635,15.5351,-5.2384,0.1111,0.8388,0.2164
spire-front-left,4151,56,22,-9.4294,16.0307,-5.2384,0.1086,0.8657,0.2164
spire-front-left,4152,56,25,-9.4953,16.5264,-5.2384,0.1061,0.8926,0.2164
spire-front-left,4153,56,28,-9.5611,17.0220,-5.2384,0.1036,0.9194,0.2164
spire-front-left,4154,56,31,-9.6270,17.5177,-5.2384,0.1012,0.9463,0.2164
spire-front-left,4155,56,34,-9.6929,18.0133,-5.2384,0.0987,0.9731,0.2164
spire-front-left,4156,56,37,-9.7587,18.5089,-5.2384,0.0962,1.0000,0.2164
spire-front-left,4157,56,40,-9.2267,12.5612,-4.6146,0.1162,0.6776,0.2526
spire-front-left,4158,56,43,-9.2733,13.0569,-4.6612,0.1145,0.7045,0.2499
spire-front-left,4159,56,46,-9.3198,13.5525,-4.7078,0.1127,0.7314,0.2472
spire-front-left,4160,56,49,-9.3664,14.0482,-4.7544,0.1110,0.7582,0.2445
spire-front-left,4161,56,52,-9.4130,14.5438,-4.8010,0.1092,0.7851,0.2418
spire-front-left,4162,56,55,-9.4596,15.0394,-4.8475,0.1075,0.8120,0.2391
spire-front-left,4163,56,58,-9.5061,15.5351,-4.8941,0.1057,0.8388,0.2364
spire-front-left,4164,56,61,-9.5527,16.0307,-4.9407,0.1040,0.8657,0.2337
spire-front-left,4165,56,64,-9.5993,16.5264,-4.9873,0.1022,0.8926,0.2310
spire-front-left,4166,56,67,-9.6459,17.0220,-5.0338,0.1004,0.9194,0.2283
spire-front-left,4167,56,70,-9.6925,17.5177,-5.0804,0.0987,0.9463,0.2256
spire-front-left,4168,56,73,-9.7390,18.0133,-5.1270,0.0969,0.9731,0.2228
spire-front-left,4169,56,76,-9.7856,18.5089,-5.1736,0.0952,1.0000,0.2201
spire-front-left,4170,56,79,-9.8505,12.5612,-4.3563,0.0927,0.6776,0.2677
spire-front-left,4171,56,82,-9.8505,13.0569,-4.4221,0.0927,0.7045,0.2638
spire-front-left,4172,56,85,-9.8505,13.5525,-4.4880,0.0927,0.7314,0.2600
spire-front-left,4173,56,88,-9.8505,14.0482,-4.5539,0.0927,0.7582,0.2562
spire-front-left,4174,56,91,-9.8505,14.5438,-4.6197,0.0927,0.7851,0.2524
spire-front-left,4175,56,94,-9.8505,15.0394,-4.6856,0.0927,0.8120,0.2485
spire-front-left,4176,56,97,-9.8505,15.5351,-4.7515,0.0927,0.8388,0.2447
spire-front-left,4177,56,100,-9.8505,16.0307,-4.8174,0.0927,0.8657,0.2409
spire-front-left,4178,56,103,-9.8505,16.5264,-4.8832,0.0927,0.8926,0.2370
spire-front-left,4179,56,106,-9.8505,17.0220,-4.9491,0.0927,0.9194,0.2332
spire-front-left,4180,56,109,-9.8505,17.5177,-5.0150,0.0927,0.9463,0.2294
spire-front-left,4181,56,112,-9.8505,18.0133,-5.0808,0.0927,0.9731,0.2255
spire-front-left,4182,56,115,-9.8505,18.5089,-5.1467,0.0927,1.0000,0.2217
spire-front-left,4183,56,118,-10.4743,12.5612,-4.6146,0.0692,0.6776,0.2526
spire-front-left,4184,56,121,-10.4277,13.0569,-4.6612,0.0710,0.7045,0.2499
spire-front-left,4185,56,124,-10.3811,13.5525,-4.7078,0.0727,0.7314,0.2472
spire-front-left,4186,56,127,-10.3345,14.0482,-4.7544,0.0745,0.7582,0.2445
spire-front-left,4187,56,130,-10.2880,14.5438,-4.8010,0.0762,0.7851,0.2418
spire-front-left,4188,56,133,-10.2414,15.0394,-4.8475,0.0780,0.8120,0.2391
spire-front-left,4189,56,136,-10.1948,15.5351,-4.8941,0.0797,0.8388,0.2364
spire-front-left,4190,56,139,-10.1482,16.0307,-4.9407,0.0815,0.8657,0.2337
spire-front-left,4191,56,142,-10.1017,16.5264,-4.9873,0.0833,0.8926,0.2310
spire-front-left,4192,56,145,-10.0551,17.0220,-5.0338,0.0850,0.9194,0.2283
spire-front-left,4193,56,148,-10.0085,17.5177,-5.0804,0.0868,0.9463,0.2256
spire-front-left,4194,56,151,-9.9619,18.0133,-5.1270,0.0885,0.9731,0.2228
spire-front-left,4195,56,154,-9.9153,18.5089,-5.1736,0.0903,1.0000,0.2201
spire-front-left,4196,59,1,-10.7327,12.5612,-5.2384,0.0595,0.6776,0.2164
spire-front-left,4197,59,4,-10.6668,13.0569,-5.2384,0.0620,0.7045,0.2164
spire-front-left,4198,59,7,-10.6009,13.5525,-5.2384,0.0644,0.7314,0.2164
spire-front-left,4199,59,10,-10.5350,14.0482,-5.2384,0.0669,0.7582,0.2164
spire-front-left,4200,59,13,-10.4692,14.5438,-5.2384,0.0694,0.7851,0.2164
spire-front-left,4201,59,16,-10.4033,15.0394,-5.2384,0.0719,0.8120,0.2164
spire-front-left,4202,59,19,-10.3374,15.5351,-5.2384,0.0744,0.8388,0.2164
spire-front-left,4203,59,22,-10.2716,16.0307,-5.2384,0.0769,0.8657,0.2164
spire-front-left,4204,59,25,-10.2057,16.5264,-5.2384,0.0793,0.8926,0.2164
spire-front-left,4205,59,28,-10.1398,17.0220,-5.2384,0.0818,0.9194,0.2164
spire-front-left,4206,59,31,-10.0740,17.5177,-5.2384,0.0843,0.9463,0.2164
spire-front-left,4207,59,34,-10.0081,18.0133,-5.2384,0.0868,0.9731,0.2164
spire-front-left,4208,59,37,-9.9422,18.5089,-5.2384,0.0893,1.0000,0.2164
spire-front-left,4209,59,40,-10.4743,12.5612,-5.8622,0.0692,0.6776,0.1801
spire-front-left,4210,59,43,-10.4277,13.0569,-5.8157,0.0710,0.7045,0.1828
spire-front-left,4211,59,46,-10.3811,13.5525,-5.7691,0.0727,0.7314,0.1855
spire-front-left,4212,59,49,-10.3345,14.0482,-5.7225,0.0745,0.7582,0.1882
spire-front-left,4213,59,52,-10.2880,14.5438,-5.6759,0.0762,0.7851,0.1909
spire-front-left,4214,59,55,-10.2414,15.0394,-5.6293,0.0780,0.8120,0.1936
spire-front-left,4215,59,58,-10.1948,15.5351,-5.5828,0.0797,0.8388,0.1963
spire-front-left,4216,59,61,-10.1482,16.0307,-5.5362,0.0815,0.8657,0.1990
spire-front-left,4217,59,64,-10.1017,16.5264,-5.4896,0.0833,0.8926,0.2018
spire-front-left,4218,59,67,-10.0551,17.0220,-5.4430,0.0850,0.9194,0.2045
spire-front-left,4219,59,70,-10.0085,17.5177,-5.3965,0.0868,0.9463,0.2072
spire-front-left,4220,59,73,-9.9619,18.0133,-5.3499,0.0885,0.9731,0.2099
spire-front-left,4221,59,76,-9.9153,18.5089,-5.3033,0.0903,1.0000,0.2126
spire-front-left,4222,59,79,-9.8505,12.5612,-6.1206,0.0927,0.6776,0.1651
spire-front-left,4223,59,82,-9.8505,13.0569,-6.0547,0.0927,0.7045,0.1689
spire-front-left,4224,59,85,-9.8505,13.5525,-5.9889,0.0927,0.7314,0.1727
spire-front-left,4225,59,88,-9.8505,14.0482,-5.9230,0.0927,0.7582,0.1766
spire-front-left,4226,59,91,-9.8505,14.5438,-5.8571,0.0927,0.7851,0.1804
spire-front-left,4227,59,94,-9.8505,15.0394,-5.7913,0.0927,0.8120,0.1842
spire-front-left,4228,59,97,-9.8505,15.5351,-5.7254,0.0927,0.8388,0.1880
spire-front-left,4229,59,100,-9.8505,16.0307,-5.6595,0.0927,0.8657,0.1919
spire-front-left,4230,59,103,-9.8505,16.5264,-5.5937,0.0927,0.8926,0.1957
spire-front-left,4231,59,106,-9.8505,17.0220,-5.5278,0.0927,0.9194,0.1995
spire-front-left,4232,59,109,-9.8505,17.5177,-5.4619,0.0927,0.9463,0.2034
spire-front-left,4233,59,112,-9.8505,18.0133,-5.3960,0.0927,0.9731,0.2072
spire-front-left,4234,59,115,-9.8505,18.5089,-5.3302,0.0927,1.0000,0.2110
spire-front-left,4235,59,118,-9.2267,12.5612,-5.8622,0.1162,0.6776,0.1801
spire-front-left,4236,59,121,-9.2733,13.0569,-5.8157,0.1145,0.7045,0.1828
spire-front-left,4237,59,124,-9.3198,13.5525,-5.7691,0.1127,0.7314,0.1855
spire-front-left,4238,59,127,-9.3664,14.0482,-5.7225,0.1110,0.7582,0.1882
spire-front-left,4239,59,130,-9.4130,14.5438,-5.6759,0.1092,0.7851,0.1909
spire-front-left,4240,59,133,-9.4596,15.0394,-5.6293,0.1075,0.8120,0.1936
spire-front-left,4241,59,136,-9.5061,15.5351,-5.5828,0.1057,0.8388,0.1963
spire-front-left,4242,59,139,-9.5527,16.0307,-5.5362,0.1040,0.8657,0.1990
spire-front-left,4243,59,142,-9.5993,16.5264,-5.4896,0.1022,0.8926,0.2018
spire-front-left,4244,59,145,-9.6459,17.0220,-5.4430,0.1004,0.9194,0.2045
spire-front-left,4245,59,148,-9.6925,17.5177,-5.3965,0.0987,0.9463,0.2072
spire-front-left,4246,59,151,-9.7390,18.0133,-5.3499,0.0969,0.9731,0.2099
spire-front-left,4247,59,154,-9.7856,18.5089,-5.3033,0.0952,1.0000,0.2126
spire-front-right,4248,50,1,-8.9683,12.5612,4.5152,0.1260,0.6776,0.7836
spire-front-right,4249,50,4,-9.0342,13.0569,4.5152,0.1235,0.7045,0.7836
spire-front-right,4250,50,7,-9.1000,13.5525,4.5152,0.1210,0.7314,0.7836
spire-front-right,4251,50,10,-9.1659,14.0482,4.5152,0.1185,0.7582,0.7836
spire-front-right,4252,50,13,-9.2318,14.5438,4.5152,0.1161,0.7851,0.7836
spire-front-right,4253,50,16,-9.2976,15.0394,4.5152,0.1136,0.8120,0.7836
spire-front-right,4254,50,19,-9.3635,15.5351,4.5152,0.1111,0.8388,0.7836
spire-front-right,4255,50,22,-9.4294,16.0307,4.5152,0.1086,0.8657,0.7836
spire-front-right,4256,50,25,-9.4953,16.5264,4.5152,0.1061,0.8926,0.7836
spire-front-right,4257,50,28,-9.5611,17.0220,4.5152,0.1036,0.9194,0.7836
spire-front-right,4258,50,31,-9.6270,17.5177,4.5152,0.1012,0.9463,0.7836
spire-front-right,4259,50,34,-9.6929,18.0133,4.5152,0.0987,0.9731,0.7836
spire-front-right,4260,50,37,-9.7587,18.5089,4.5152,0.0962,1.0000,0.7836
spire-front-right,4261,50,40,-9.2267,12.5612,5.1390,0.1162,0.6776,0.8199
spire-front-right,4262,50,43,-9.2733,13.0569,5.0924,0.1145,0.7045,0.8172
spire-front-right,4263,50,46,-9.3198,13.5525,5.0458,0.1127,0.7314,0.8145
spire-front-right,4264,50,49,-9.3664,14.0482,4.9992,0.1110,0.7582,0.8118
spire-front-right,4265,50,52,-9.4130,14.5438,4.9526,0.1092,0.7851,0.8091
spire-front-right,4266,50,55,-9.4596,15.0394,4.9061,0.1075,0.8120,0.8064
spire-front-right,4267,50,58,-9.5061,15.5351,4.8595,0.1057,0.8388,0.8037
spire-front-right,4268,50,61,-9.5527,16.0307,4.8129,0.1040,0.8657,0.8010
spire-front-right,4269,50,64,-9.5993,16.5264,4.7663,0.1022,0.8926,0.7982
spire-front-right,4270,50,67,-9.6459,17.0220,4.7198,0.1004,0.9194,0.7955
spire-front-right,4271,50,70,-9.6925,17.5177,4.6732,0.0987,0.9463,0.7928
spire-front-right,4272,50,73,-9.7390,18.0133,4.6266,0.0969,0.9731,0.7901
spire-front-right,4273,50,76,-9.7856,18.5089,4.5800,0.0952,1.0000,0.7874
spire-front-right,4274,50,79,-9.8505,12.5612,5.3973,0.0927,0.6776,0.8349
spire-front-right,4275,50,82,-9.8505,13.0569,5.3315,0.0927,0.7045,0.8311
spire-front-right,4276,50,85,-9.8505,13.5525,5.2656,0.0927,0.7314,0.8273
spire-front-right,4277,50,88,-9.8505,14.0482,5.1997,0.0927,0.7582,0.8234
spire-front-right,4278,50,91,-9.8505,14.5438,5.1339,0.0927,0.7851,0.8196
spire-front-right,4279,50,94,-9.8505,15.0394,5.0680,0.0927,0.8120,0.8158
spire-front-right,4280,50,97,-9.8505,15.5351,5.0021,0.0927,0.8388,0.8120
spire-front-right,4281,50,100,-9.8505,16.0307,4.9362,0.0927,0.8657,0.8081
spire-front-right,4282,50,103,-9.8505,16.5264,4.8704,0.0927,0.8926,0.8043
spire-front-right,4283,50,106,-9.8505,17.0220,4.8045,0.0927,0.9194,0.8005
spire-front-right,4284,50,109,-9.8505,17.5177,4.7386,0.0927,0.9463,0.7966
spire-front-right,4285,50,112,-9.8505,18.0133,4.6728,0.0927,0.9731,0.7928
spire-front-right,4286,50,115,-9.8505,18.5089,4.6069,0.0927,1.0000,0.7890
spire-front-right,4287,50,118,-10.4743,12.5612,5.1390,0.0692,0.6776,0.8199
spire-front-right,4288,50,121,-10.4277,13.0569,5.0924,0.0710,0.7045,0.8172
spire-front-right,4289,50,124,-10.3811,13.5525,5.0458,0.0727,0.7314,0.8145
spire-front-right,4290,50,127,-10.3345,14.0482,4.9992,0.0745,0.7582,0.8118
spire-front-right,4291,50,130,-10.2880,14.5438,4.9526,0.0762,0.7851,0.8091
spire-front-right,4292,50,133,-10.2414,15.0394,4.9061,0.0780,0.8120,0.8064
spire-front-right,4293,50,136,-10.1948,15.5351,4.8595,0.0797,0.8388,0.8037
spire-front-right,4294,50,139,-10.1482,16.0307,4.8129,0.0815,0.8657,0.8010
spire-front-right,4295,50,142,-10.1017,16.5264,4.7663,0.0833,0.8926,0.7982
spire-front-right,4296,50,145,-10.0551,17.0220,4.7198,0.0850,0.9194,0.7955
spire-front-right,4297,50,148,-10.0085,17.5177,4.6732,0.0868,0.9463,0.7928
spire-front-right,4298,50,151,-9.9619,18.0133,4.6266,0.0885,0.9731,0.7901
spire-front-right,4299,50,154,-9.9153,18.5089,4.5800,0.0903,1.0000,0.7874
spire-front-right,4300,53,1,-10.7327,12.5612,4.5152,0.0595,0.6776,0.7836
spire-front-right,4301,53,4,-10.6668,13.0569,4.5152,0.0620,0.7045,0.7836
spire-front-right,4302,53,7,-10.6009,13.5525,4.5152,0.0644,0.7314,0.7836
spire-front-right,4303,53,10,-10.5350,14.0482,4.5152,0.0669,0.7582,0.7836
spire-front-right,4304,53,13,-10.4692,14.5438,4.5152,0.0694,0.7851,0.7836
spire-front-right,4305,53,16,-10.4033,15.0394,4.5152,0.0719,0.8120,0.7836
spire-front-right,4306,53,19,-10.3374,15.5351,4.5152,0.0744,0.8388,0.7836
spire-front-right,4307,53,22,-10.2716,16.0307,4.5152,0.0769,0.8657,0.7836
spire-front-right,4308,53,25,-10.2057,16.5264,4.5152,0.0793,0.8926,0.7836
spire-front-right,4309,53,28,-10.1398,17.0220,4.5152,0.0818,0.9194,0.7836
spire-front-right,4310,53,31,-10.0740,17.5177,4.5152,0.0843,0.9463,0.7836
spire-front-right,4311,53,34,-10.0081,18.0133,4.5152,0.0868,0.9731,0.7836
spire-front-right,4312,53,37,-9.9422,18.5089,4.5152,0.0893,1.0000,0.7836
spire-front-right,4313,53,40,-10.4743,12.5612,3.8914,0.0692,0.6776,0.7474
spire-front-right,4314,53,43,-10.4277,13.0569,3.9379,0.0710,0.7045,0.7501
spire-front-right,4315,53,46,-10.3811,13.5525,3.9845,0.0727,0.7314,0.7528
spire-front-right,4316,53,49,-10.3345,14.0482,4.0311,0.0745,0.7582,0.7555
spire-front-right,4317,53,52,-10.2880,14.5438,4.0777,0.0762,0.7851,0.7582
spire-front-right,4318,53,55,-10.2414,15.0394,4.1243,0.0780,0.8120,0.7609
spire-front-right,4319,53,58,-10.1948,15.5351,4.1708,0.0797,0.8388,0.7636
spire-front-right,4320,53,61,-10.1482,16.0307,4.2174,0.0815,0.8657,0.7663
spire-front-right,4321,53,64,-10.1017,16.5264,4.2640,0.0833,0.8926,0.7690
spire-front-right,4322,53,67,-10.0551,17.0220,4.3106,0.0850,0.9194,0.7717
spire-front-right,4323,53,70,-10.0085,17.5177,4.3571,0.0868,0.9463,0.7744
spire-front-right,4324,53,73,-9.9619,18.0133,4.4037,0.0885,0.9731,0.7772
spire-front-right,4325,53,76,-9.9153,18.5089,4.4503,0.0903,1.0000,0.7799
spire-front-right,4326,53,79,-9.8505,12.5612,3.6330,0.0927,0.6776,0.7323
spire-front-right,4327,53,82,-9.8505,13.0569,3.6989,0.0927,0.7045,0.7362
spire-front-right,4328,53,85,-9.8505,13.5525,3.7647,0.0927,0.7314,0.7400
spire-front-right,4329,53,88,-9.8505,14.0482,3.8306,0.0927,0.7582,0.7438
spire-front-right,4330,53,91,-9.8505,14.5438,3.8965,0.0927,0.7851,0.7477
spire-front-right,4331,53,94,-9.8505,15.0394,3.9623,0.0927,0.8120,0.7515
spire-front-right,4332,53,97,-9.8505,15.5351,4.0282,0.0927,0.8388,0.7553
spire-front-right,4333,53,100,-9.8505,16.0307,4.0941,0.0927,0.8657,0.7591
spire-front-right,4334,53,103,-9.8505,16.5264,4.1599,0.0927,0.8926,0.7630
spire-front-right,4335,53,106,-9.8505,17.0220,4.2258,0.0927,0.9194,0.7668
spire-front-right,4336,53,109,-9.8505,17.5177,4.2917,0.0927,0.9463,0.7706
spire-front-right,4337,53,112,-9.8505,18.0133,4.3576,0.0927,0.9731,0.7745
spire-front-right,4338,53,115,-9.8505,18.5089,4.4234,0.0927,1.0000,0.7783
spire-front-right,4339,53,118,-9.2267,12.5612,3.8914,0.1162,0.6776,0.7474
spire-front-right,4340,53,121,-9.2733,13.0569,3.9379,0.1145,0.7045,0.7501
spire-front-right,4341,53,124,-9.3198,13.5525,3.9845,0.1127,0.7314,0.7528
spire-front-right,4342,53,127,-9.3664,14.0482,4.0311,0.1110,0.7582,0.7555
spire-front-right,4343,53,130,-9.4130,14.5438,4.0777,0.1092,0.7851,0.7582
spire-front-right,4344,53,133,-9.4596,15.0394,4.1243,0.1075,0.8120,0.7609
spire-front-right,4345,53,136,-9.5061,15.5351,4.1708,0.1057,0.8388,0.7636
spire-front-right,4346,53,139,-9.5527,16.0307,4.2174,0.1040,0.8657,0.7663
spire-front-right,4347,53,142,-9.5993,16.5264,4.2640,0.1022,0.8926,0.7690
spire-front-right,4348,53,145,-9.6459,17.0220,4.3106,0.1004,0.9194,0.7717
spire-front-right,4349,53,148,-9.6925,17.5177,4.3571,0.0987,0.9463,0.7744
spire-front-right,4350,53,151,-9.7390,18.0133,4.4037,0.0969,0.9731,0.7772
spire-front-right,4351,53,154,-9.7856,18.5089,4.4503,0.0952,1.0000,0.7799
spirelet,4352,59,157,-10.9562,8.6182,-8.8287,0.0510,0.4639,0.0076
spirelet,4353,60,7,-6.2419,8.6182,-8.9586,0.2288,0.4639,0.0000
spirelet,4354,60,1,-8.6362,12.5608,-6.4812,0.1385,0.6776,0.1441
spirelet,4355,60,4,-8.6591,12.5608,-4.1535,0.1376,0.6776,0.2795
spirelet,4356,61,1,-11.0984,12.5608,-4.1002,0.0457,0.6776,0.2826
spirelet,4357,61,4,-11.0177,12.5608,-6.4315,0.0487,0.6776,0.1470
spirelet,4358,54,1,-11.0177,12.5608,5.7083,0.0487,0.6776,0.8530
spirelet,4359,54,4,-11.0984,12.5608,3.3769,0.0457,0.6776,0.7174
spirelet,4360,54,7,-8.6591,12.5608,3.4303,0.1376,0.6776,0.7205
spirelet,4361,54,10,-8.6362,12.5608,5.7579,0.1385,0.6776,0.8559
spirelet,4362,54,13,-6.2419,8.6182,8.2353,0.2288,0.4639,1.0000
spirelet,4363,53,157,-10.9562,8.6182,8.1055,0.0510,0.4639,0.9925
spirelet,4364,66,1,11.8266,8.6533,-8.8699,0.9100,0.4658,0.0052
spirelet,4365,66,4,14.2082,8.6533,-8.9196,0.9998,0.4658,0.0023
spirelet,4366,66,7,14.1853,8.6533,-6.5919,0.9990,0.4658,0.1376
spirelet,4367,66,10,11.7460,8.6533,-6.5386,0.9070,0.4658,0.1407
spirelet,4368,73,1,11.8266,8.6533,5.7605,0.9100,0.4658,0.8561
spirelet,4369,73,4,14.2082,8.6533,5.7108,0.9998,0.4658,0.8532
spirelet,4370,73,7,14.1853,8.6533,8.0385,0.9990,0.4658,0.9886
spirelet,4371,73,10,11.7460,8.6533,8.0918,0.9070,0.4658,0.9917
canopy,4372,67,1,11.8031,7.9207,-6.4621,0.9091,0.4261,0.1452
canopy,4373,67,4,11.3169,7.8275,-6.4560,0.8908,0.4211,0.1456
canopy,4374,67,7,10.8307,7.7343,-6.4499,0.8725,0.4160,0.1459
canopy,4375,67,10,10.3403,7.6534,-6.4415,0.8540,0.4117,0.1464
canopy,4376,67,13,9.8463,7.5851,-6.4292,0.8354,0.4079,0.1471
canopy,4377,67,16,9.3497,7.5292,-6.4132,0.8166,0.4049,0.1480
canopy,4378,67,19,8.8520,7.4848,-6.3937,0.7979,0.4025,0.1492
canopy,4379,67,22,8.3542,7.4517,-6.3714,0.7791,0.4007,0.1505
canopy,4380,67,25,7.8553,7.4308,-6.3454,0.7603,0.3996,0.1520
canopy,4381,67,28,7.3585,7.4209,-6.3163,0.7416,0.3991,0.1537
canopy,4382,67,31,6.8604,7.4211,-6.2850,0.7228,0.3991,0.1555
canopy,4383,67,34,6.3642,7.4329,-6.2497,0.7041,0.3997,0.1576
canopy,4384,67,37,5.8662,7.4551,-6.2123,0.6853,0.4009,0.1597
canopy,4385,67,40,5.3712,7.4861,-6.1714,0.6666,0.4026,0.1621
canopy,4386,67,43,4.8768,7.5292,-6.1280,0.6480,0.4049,0.1646
canopy,4387,67,46,4.3885,7.5779,-6.0829,0.6296,0.4076,0.1673
canopy,4388,67,49,3.8998,7.6379,-6.0349,0.6112,0.4108,0.1700
canopy,4389,67,52,3.4090,7.7069,-5.9844,0.5927,0.4146,0.1730
canopy,4390,67,55,2.9208,7.7862,-5.9309,0.5742,0.4188,0.1761
canopy,4391,67,58,2.4389,7.8693,-5.8767,0.5561,0.4234,0.1792
canopy,4392,67,61,1.9516,7.9644,-5.8183,0.5377,0.4285,0.1826
canopy,4393,67,64,1.4685,8.0662,-5.7598,0.5195,0.4340,0.1860
canopy,4394,67,67,0.9874,8.1766,-5.6974,0.5014,0.4400,0.1897
canopy,4395,67,70,0.5083,8.2925,-5.6349,0.4833,0.4463,0.1933
canopy,4396,67,73,0.0310,8.4168,-5.5694,0.4653,0.4530,0.1971
canopy,4397,67,76,-0.4390,8.5461,-5.5031,0.4476,0.4600,0.2010
canopy,4398,67,79,-0.9076,8.6844,-5.4350,0.4299,0.4675,0.2049
canopy,4399,67,82,-1.3764,8.8287,-5.3661,0.4122,0.4754,0.2089
canopy,4400,67,85,-1.8454,8.9776,-5.2923,0.3945,0.4834,0.2132
canopy,4401,67,88,-2.3134,9.1369,-5.2178,0.3769,0.4921,0.2176
canopy,4402,67,91,-2.7778,9.2978,-5.1429,0.3594,0.5008,0.2219
canopy,4403,67,94,-3.2416,9.4676,-5.0656,0.3419,0.5100,0.2264
canopy,4404,67,97,-3.7033,9.6427,-4.9870,0.3245,0.5195,0.2310
canopy,4405,67,100,-4.1628,9.8231,-4.9071,0.3072,0.5292,0.2356
canopy,4406,67,103,-4.6191,10.0091,-4.8258,0.2900,0.5393,0.2404
canopy,4407,67,106,-5.0734,10.2005,-4.7424,0.2728,0.5497,0.2452
canopy,4408,67,109,-5.5198,10.3932,-4.6605,0.2560,0.5601,0.2500
canopy,4409,67,112,-5.9695,10.5944,-4.5753,0.2391,0.5710,0.2549
canopy,4410,67,115,-6.4163,10.8018,-4.4891,0.2222,0.5823,0.2599
canopy,4411,67,118,-6.8590,11.0113,-4.4017,0.2055,0.5936,0.2650
canopy,4412,67,121,-7.2996,11.2220,-4.3143,0.1889,0.6051,0.2701
canopy,4413,67,124,-7.7396,11.4418,-4.2242,0.1723,0.6170,0.2754
canopy,4414,67,127,-8.1758,11.6648,-4.1338,0.1559,0.6291,0.2806
canopy,4415,67,130,-8.6068,11.8871,-4.0442,0.1396,0.6411,0.2858
canopy,4416,67,133,12.0449,5.9392,-6.2152,0.9183,0.3187,0.1596
canopy,4417,67,136,11.6397,5.8469,-5.9453,0.9030,0.3137,0.1753
canopy,4418,67,139,11.2345,5.7546,-5.6754,0.8877,0.3087,0.1910
canopy,4419,67,142,10.8269,5.6746,-5.4080,0.8723,0.3044,0.2065
canopy,4420,67,145,10.4127,5.6062,-5.1408,0.8567,0.3007,0.2220
canopy,4421,67,148,9.9934,5.5498,-4.8743,0.8409,0.2976,0.2375
canopy,4422,67,151,9.5725,5.5051,-4.6108,0.8250,0.2952,0.2529
canopy,4423,67,154,9.1480,5.4718,-4.3487,0.8090,0.2934,0.2681
canopy,4424,67,157,8.7215,5.4505,-4.0893,0.7930,0.2923,0.2832
canopy,4425,67,160,8.2949,5.4400,-3.8335,0.7769,0.2917,0.2981
canopy,4426,67,163,7.8647,5.4400,-3.5786,0.7606,0.2917,0.3129
canopy,4427,67,166,7.4331,5.4515,-3.3272,0.7444,0.2923,0.3275
canopy,4428,67,169,7.0001,5.4729,-3.0780,0.7280,0.2935,0.3420
canopy,4429,67,172,6.5671,5.5063,-2.8304,0.7117,0.2953,0.3564
canopy,4430,67,175,6.1387,5.5453,-2.5918,0.6956,0.2974,0.3703
canopy,4431,67,178,5.7047,5.5967,-2.3516,0.6792,0.3002,0.3843
canopy,4432,67,181,5.2722,5.6565,-2.1156,0.6629,0.3034,0.3980
canopy,4433,67,184,4.8379,5.7242,-1.8803,0.6465,0.3071,0.4117
canopy,4434,67,187,4.4022,5.8023,-1.6478,0.6301,0.3113,0.4252
canopy,4435,67,190,3.9674,5.8888,-1.4195,0.6137,0.3160,0.4385
canopy,4436,67,193,3.5327,5.9850,-1.1921,0.5973,0.3212,0.4517
canopy,4437,67,196,3.1033,6.0838,-0.9708,0.5811,0.3266,0.4646
canopy,4438,67,199,2.6685,6.1952,-0.7503,0.5647,0.3326,0.4774
canopy,4439,67,202,2.2399,6.3102,-0.5341,0.5486,0.3389,0.4900
canopy,4440,67,205,1.8072,6.4354,-0.3171,0.5323,0.3456,0.5026
canopy,4441,67,208,1.3812,6.5647,-0.1085,0.5162,0.3526,0.5147
canopy,4442,67,211,0.9538,6.7025,0.0995,0.5001,0.3601,0.5268
canopy,4443,67,214,0.5244,6.8463,0.3071,0.4839,0.3679,0.5389
canopy,4444,67,217,0.0972,6.9967,0.5110,0.4678,0.3761,0.5508
canopy,4445,67,220,-0.3319,7.1545,0.7135,0.4516,0.3846,0.5625
canopy,4446,67,223,-0.7598,7.3179,0.9139,0.4355,0.3935,0.5742
canopy,4447,67,226,-1.1833,7.4867,1.1088,0.4195,0.4026,0.5855
canopy,4448,67,229,-1.6088,7.6613,1.3042,0.4035,0.4121,0.5969
canopy,4449,67,232,-2.0334,7.8418,1.4968,0.3875,0.4219,0.6081
canopy,4450,67,235,-2.4535,8.0272,1.6860,0.3716,0.4319,0.6191
canopy,4451,67,238,-2.8744,8.2168,1.8724,0.3558,0.4422,0.6299
canopy,4452,67,241,-3.2954,8.4127,2.0577,0.3399,0.4528,0.6407
canopy,4453,67,244,-3.7133,8.6129,2.2399,0.3241,0.4637,0.6513
canopy,4454,67,247,-4.1312,8.8183,2.4201,0.3084,0.4748,0.6618
canopy,4455,67,250,-4.5479,9.0301,2.5976,0.2927,0.4863,0.6721
canopy,4456,67,253,-4.9621,9.2424,2.7744,0.2770,0.4978,0.6824
canopy,4457,67,256,-5.3726,9.4601,2.9462,0.2616,0.5096,0.6924
canopy,4458,67,259,-5.7832,9.6821,3.1188,0.2461,0.5216,0.7024
canopy,4459,67,262,-6.1931,9.9061,3.2864,0.2306,0.5337,0.7122
canopy,4460,67,265,12.0166,7.9760,-8.8968,0.9172,0.4291,0.0036
canopy,4461,67,268,11.5318,7.8712,-8.8963,0.8989,0.4235,0.0036
canopy,4462,67,271,11.0470,7.7664,-8.8958,0.8806,0.4178,0.0037
canopy,4463,67,274,10.5593,7.6676,-8.8964,0.8622,0.4124,0.0036
canopy,4464,67,277,10.0726,7.5749,-8.8962,0.8439,0.4074,0.0036
canopy,4465,67,280,9.5799,7.4900,-8.8948,0.8253,0.4028,0.0037
canopy,4466,67,283,9.0936,7.4105,-8.8950,0.8070,0.3985,0.0037
canopy,4467,67,286,8.6065,7.3368,-8.8971,0.7886,0.3945,0.0036
canopy,4468,67,289,8.1166,7.2687,-8.8954,0.7701,0.3908,0.0037
canopy,4469,67,292,7.6229,7.2061,-8.8956,0.7515,0.3874,0.0037
canopy,4470,67,295,7.1327,7.1498,-8.8958,0.7330,0.3844,0.0037
canopy,4471,67,298,6.6377,7.0990,-8.8960,0.7144,0.3816,0.0036
canopy,4472,67,301,6.1421,7.0542,-8.8962,0.6957,0.3792,0.0036
canopy,4473,67,304,5.6435,7.0178,-8.8948,0.6769,0.3772,0.0037
canopy,4474,67,307,5.1518,6.9862,-8.8950,0.6584,0.3755,0.0037
canopy,4475,67,310,4.6549,6.9602,-8.8952,0.6396,0.3741,0.0037
canopy,4476,67,313,4.1577,6.9402,-8.8954,0.6209,0.3730,0.0037
canopy,4477,67,316,3.6603,6.9262,-8.8956,0.6021,0.3722,0.0037
canopy,4478,67,319,3.1627,6.9182,-8.8958,0.5834,0.3718,0.0037
canopy,4479,67,322,2.6659,6.9162,-8.8960,0.5646,0.3717,0.0036
canopy,4480,67,325,2.1683,6.9202,-8.8962,0.5459,0.3719,0.0036
canopy,4481,67,328,1.6685,6.9328,-8.8947,0.5270,0.3726,0.0037
canopy,4482,67,331,1.1761,6.9495,-8.8950,0.5085,0.3735,0.0037
canopy,4483,67,334,0.6790,6.9724,-8.8952,0.4897,0.3747,0.0037
canopy,4484,67,337,0.1822,7.0013,-8.8954,0.4710,0.3763,0.0037
canopy,4485,67,340,-0.3093,7.0357,-8.8956,0.4525,0.3782,0.0037
canopy,4486,67,343,-0.8052,7.0764,-8.8958,0.4338,0.3804,0.0037
canopy,4487,67,346,-1.3006,7.1231,-8.8960,0.4151,0.3829,0.0036
canopy,4488,67,349,-1.7954,7.1757,-8.8962,0.3964,0.3858,0.0036
canopy,4489,67,352,-2.2916,7.2372,-8.8947,0.3777,0.3891,0.0037
canopy,4490,67,355,-2.7849,7.3028,-8.8949,0.3591,0.3926,0.0037
canopy,4491,67,358,-3.2773,7.3743,-8.8951,0.3406,0.3965,0.0037
canopy,4492,67,361,-3.7640,7.4509,-8.8953,0.3222,0.4007,0.0037
canopy,4493,67,364,-4.2505,7.5337,-8.8966,0.3039,0.4052,0.0036
canopy,4494,67,367,-4.7371,7.6220,-8.8957,0.2855,0.4099,0.0037
canopy,4495,67,370,-5.2255,7.7170,-8.8959,0.2671,0.4151,0.0036
canopy,4496,67,373,-5.7128,7.8179,-8.8961,0.2487,0.4206,0.0036
canopy,4497,67,376,-6.1936,7.9234,-8.8963,0.2306,0.4263,0.0036
canopy,4498,74,1,12.0315,5.9356,5.4735,0.9177,0.3185,0.8394
canopy,4499,74,4,11.6274,5.8439,5.2045,0.9025,0.3136,0.8237
canopy,4500,74,7,11.2233,5.7522,4.9355,0.8873,0.3086,0.8081
canopy,4501,74,10,10.8155,5.6724,4.6683,0.8719,0.3043,0.7925
canopy,4502,74,13,10.3993,5.6041,4.3997,0.8562,0.3006,0.7769
canopy,4503,74,16,9.9800,5.5482,4.1333,0.8404,0.2976,0.7614
canopy,4504,74,19,9.5599,5.5040,3.8704,0.8246,0.2952,0.7461
canopy,4505,74,22,9.1362,5.4726,3.6067,0.8086,0.2935,0.7308
canopy,4506,74,25,8.7103,5.4500,3.3501,0.7925,0.2922,0.7159
canopy,4507,74,28,8.2837,5.4399,3.0943,0.7764,0.2917,0.7010
canopy,4508,74,31,7.8536,5.4402,2.8399,0.7602,0.2917,0.6862
canopy,4509,74,34,7.4239,5.4519,2.5894,0.7440,0.2923,0.6716
canopy,4510,74,37,6.9910,5.4735,2.3402,0.7277,0.2935,0.6571
canopy,4511,74,40,6.5576,5.5051,2.0942,0.7114,0.2952,0.6428
canopy,4512,74,43,6.1249,5.5467,1.8516,0.6951,0.2975,0.6287
canopy,4513,74,46,5.6936,5.5971,1.6127,0.6788,0.3002,0.6148
canopy,4514,74,49,5.2636,5.6570,1.3780,0.6626,0.3035,0.6012
canopy,4515,74,52,4.8286,5.7258,1.1428,0.6462,0.3072,0.5875
canopy,4516,74,55,4.3929,5.8040,0.9104,0.6297,0.3114,0.5740
canopy,4517,74,58,3.9572,5.8904,0.6807,0.6133,0.3161,0.5606
canopy,4518,74,61,3.5222,5.9865,0.4553,0.5969,0.3213,0.5475
canopy,4519,74,64,3.0908,6.0869,0.2319,0.5807,0.3268,0.5345
canopy,4520,74,67,2.6561,6.1985,0.0116,0.5643,0.3328,0.5217
canopy,4521,74,70,2.2255,6.3145,-0.2064,0.5480,0.3391,0.5090
canopy,4522,74,73,1.7947,6.4392,-0.4217,0.5318,0.3458,0.4965
canopy,4523,74,76,1.3723,6.5683,-0.6274,0.5159,0.3528,0.4845
canopy,4524,74,79,0.9482,6.7044,-0.8347,0.4999,0.3602,0.4725
canopy,4525,74,82,0.5189,6.8482,-1.0423,0.4837,0.3680,0.4604
canopy,4526,74,85,0.0909,6.9990,-1.2465,0.4676,0.3762,0.4485
canopy,4527,74,88,-0.3381,7.1569,-1.4490,0.4514,0.3847,0.4368
canopy,4528,74,91,-0.7656,7.3201,-1.6488,0.4353,0.3936,0.4251
canopy,4529,74,94,-1.1898,7.4902,-1.8453,0.4193,0.4028,0.4137
canopy,4530,74,97,-1.6138,7.6634,-2.0390,0.4033,0.4122,0.4024
canopy,4531,74,100,-2.0384,7.8440,-2.2316,0.3873,0.4220,0.3912
canopy,4532,74,103,-2.4545,8.0278,-2.4170,0.3716,0.4319,0.3805
canopy,4533,74,106,-2.8751,8.2179,-2.6042,0.3557,0.4422,0.3696
canopy,4534,74,109,-3.2928,8.4114,-2.7892,0.3400,0.4527,0.3588
canopy,4535,74,112,-3.7107,8.6116,-2.9713,0.3242,0.4636,0.3482
canopy,4536,74,115,-4.1277,8.8180,-3.1524,0.3085,0.4748,0.3377
canopy,4537,74,118,-4.5435,9.0278,-3.3283,0.2928,0.4861,0.3275
canopy,4538,74,121,-4.9580,9.2398,-3.5047,0.2772,0.4976,0.3172
canopy,4539,74,124,-5.3708,9.4591,-3.6780,0.2616,0.5095,0.3071
canopy,4540,74,127,-5.7824,9.6807,-3.8485,0.2461,0.5215,0.2972
canopy,4541,74,130,-6.1931,9.9061,-4.0190,0.2306,0.5337,0.2873
canopy,4542,74,133,11.8134,7.9185,5.7375,0.9095,0.4260,0.8547
canopy,4543,74,136,11.3243,7.8270,5.7324,0.8911,0.4211,0.8544
canopy,4544,74,139,10.8352,7.7355,5.7273,0.8726,0.4161,0.8541
canopy,4545,74,142,10.3500,7.6547,5.7185,0.8543,0.4117,0.8536
canopy,4546,74,145,9.8549,7.5863,5.7061,0.8357,0.4080,0.8529
canopy,4547,74,148,9.3601,7.5306,5.6897,0.8170,0.4050,0.8519
canopy,4548,74,151,8.8660,7.4858,5.6712,0.7984,0.4026,0.8509
canopy,4549,74,154,8.3677,7.4525,5.6488,0.7796,0.4008,0.8496
canopy,4550,74,157,7.8688,7.4313,5.6229,0.7608,0.3996,0.8481
canopy,4551,74,160,7.3698,7.4209,5.5940,0.7420,0.3991,0.8464
canopy,4552,74,163,6.8708,7.4210,5.5621,0.7232,0.3991,0.8445
canopy,4553,74,166,6.3722,7.4326,5.5270,0.7044,0.3997,0.8425
canopy,4554,74,169,5.8766,7.4540,5.4894,0.6857,0.4008,0.8403
canopy,4555,74,172,5.3794,7.4881,5.4493,0.6669,0.4027,0.8380
canopy,4556,74,175,4.8872,7.5281,5.4057,0.6484,0.4049,0.8354
canopy,4557,74,178,4.3941,7.5772,5.3602,0.6298,0.4075,0.8328
canopy,4558,74,181,3.9017,7.6376,5.3118,0.6112,0.4108,0.8300
canopy,4559,74,184,3.4162,7.7055,5.2618,0.5929,0.4145,0.8271
canopy,4560,74,187,2.9256,7.7854,5.2082,0.5744,0.4188,0.8239
canopy,4561,74,190,2.4402,7.8693,5.1539,0.5561,0.4234,0.8208
canopy,4562,74,193,1.9549,7.9648,5.0973,0.5378,0.4285,0.8175
canopy,4563,74,196,1.4742,8.0644,5.0371,0.5197,0.4339,0.8140
canopy,4564,74,199,0.9908,8.1758,4.9745,0.5015,0.4400,0.8104
canopy,4565,74,202,0.5133,8.2909,4.9122,0.4835,0.4462,0.8067
canopy,4566,74,205,0.0337,8.4160,4.8465,0.4654,0.4530,0.8029
canopy,4567,74,208,-0.4422,8.5471,4.7793,0.4475,0.4601,0.7990
canopy,4568,74,211,-0.9153,8.6858,4.7099,0.4296,0.4676,0.7950
canopy,4569,74,214,-1.3876,8.8302,4.6395,0.4118,0.4754,0.7909
canopy,4570,74,217,-1.8584,8.9822,4.5667,0.3941,0.4837,0.7866
canopy,4571,74,220,-2.3250,9.1410,4.4926,0.3765,0.4923,0.7823
canopy,4572,74,223,-2.7899,9.3022,4.4177,0.3589,0.5010,0.7780
canopy,4573,74,226,-3.2513,9.4713,4.3405,0.3415,0.5102,0.7735
canopy,4574,74,229,-3.7125,9.6462,4.2622,0.3242,0.5197,0.7689
canopy,4575,74,232,-4.1718,9.8268,4.1821,0.3068,0.5294,0.7643
canopy,4576,74,235,-4.6268,10.0136,4.1013,0.2897,0.5396,0.7596
canopy,4577,74,238,-5.0796,10.2026,4.0188,0.2726,0.5498,0.7548
canopy,4578,74,241,-5.5305,10.3980,3.9352,0.2556,0.5604,0.7499
canopy,4579,74,244,-5.9802,10.5992,3.8500,0.2387,0.5713,0.7450
canopy,4580,74,247,-6.4277,10.8049,3.7637,0.2218,0.5825,0.7399
canopy,4581,74,250,-6.8717,11.0174,3.6759,0.2050,0.5940,0.7348
canopy,4582,74,253,-7.3042,11.2249,3.5903,0.1887,0.6052,0.7298
canopy,4583,74,256,-7.7422,11.4435,3.5015,0.1722,0.6171,0.7247
canopy,4584,74,259,-8.1736,11.6632,3.4108,0.1560,0.6290,0.7194
canopy,4585,74,262,-8.6068,11.8871,3.3209,0.1396,0.6411,0.7142
canopy,4586,74,265,12.1221,8.0001,8.1730,0.9212,0.4304,0.9964
canopy,4587,74,268,11.6361,7.8935,8.1730,0.9028,0.4247,0.9964
canopy,4588,74,271,11.1501,7.7869,8.1730,0.8845,0.4189,0.9964
canopy,4589,74,274,10.6603,7.6864,8.1731,0.8660,0.4134,0.9964
canopy,4590,74,277,10.1687,7.5951,8.1736,0.8475,0.4085,0.9964
canopy,4591,74,280,9.6790,7.5062,8.1740,0.8291,0.4037,0.9964
canopy,4592,74,283,9.1873,7.4246,8.1739,0.8105,0.3993,0.9964
canopy,4593,74,286,8.6945,7.3495,8.1736,0.7919,0.3952,0.9964
canopy,4594,74,289,8.2017,7.2787,8.1730,0.7734,0.3913,0.9964
canopy,4595,74,292,7.7058,7.2151,8.1734,0.7547,0.3879,0.9964
canopy,4596,74,295,7.2102,7.1572,8.1730,0.7360,0.3848,0.9964
canopy,4597,74,298,6.7129,7.1054,8.1730,0.7172,0.3820,0.9964
canopy,4598,74,301,6.2150,7.0599,8.1730,0.6984,0.3795,0.9964
canopy,4599,74,304,5.7164,7.0221,8.1741,0.6796,0.3774,0.9964
canopy,4600,74,307,5.2191,6.9885,8.1730,0.6609,0.3756,0.9964
canopy,4601,74,310,4.7198,6.9617,8.1730,0.6421,0.3742,0.9964
canopy,4602,74,313,4.2203,6.9410,8.1730,0.6232,0.3730,0.9964
canopy,4603,74,316,3.7205,6.9264,8.1730,0.6044,0.3722,0.9964
canopy,4604,74,319,3.2206,6.9179,8.1732,0.5855,0.3718,0.9964
canopy,4605,74,322,2.7211,6.9153,8.1730,0.5667,0.3716,0.9964
canopy,4606,74,325,2.2212,6.9188,8.1731,0.5479,0.3718,0.9964
canopy,4607,74,328,1.7213,6.9304,8.1742,0.5290,0.3725,0.9964
canopy,4608,74,331,1.2231,6.9459,8.1730,0.5102,0.3733,0.9964
canopy,4609,74,334,0.7236,6.9685,8.1730,0.4914,0.3745,0.9964
canopy,4610,74,337,0.2245,6.9978,8.1737,0.4726,0.3761,0.9964
canopy,4611,74,340,-0.2729,7.0318,8.1730,0.4538,0.3780,0.9964
canopy,4612,74,343,-0.7712,7.0725,8.1730,0.4350,0.3802,0.9964
canopy,4613,74,346,-1.2690,7.1192,8.1730,0.4163,0.3827,0.9964
canopy,4614,74,349,-1.7662,7.1720,8.1730,0.3975,0.3856,0.9964
canopy,4615,74,352,-2.2627,7.2314,8.1730,0.3788,0.3888,0.9964
canopy,4616,74,355,-2.7583,7.2972,8.1730,0.3601,0.3923,0.9964
canopy,4617,74,358,-3.2530,7.3698,8.1739,0.3415,0.3963,0.9964
canopy,4618,74,361,-3.7455,7.4468,8.1737,0.3229,0.4005,0.9964
canopy,4619,74,364,-4.2372,7.5313,8.1733,0.3044,0.4050,0.9964
canopy,4620,74,367,-4.7267,7.6192,8.1730,0.2859,0.4098,0.9964
canopy,4621,74,370,-5.2175,7.7148,8.1730,0.2674,0.4150,0.9964
canopy,4622,74,373,-5.7070,7.8165,8.1732,0.2490,0.4205,0.9964
canopy,4623,74,376,-6.1936,7.9234,8.1730,0.2306,0.4263,0.9964
